{
  "rows": [
    {
      "baseline_method": "baseline_rr_debias",
      "complexity_supported_rate_basic": 0.78125,
      "mean_delta_mean_overall_l1": -0.22598254779048144,
      "mean_delta_mean_p90_age_l1_major": -0.5211251119723119,
      "mean_delta_mean_p90_region_l1_major": -0.3670227733828606,
      "mean_delta_mean_runtime_sec": 0.028359383312476893,
      "mean_delta_mean_weighted_age_l1": -0.3610397314843378,
      "mean_delta_mean_weighted_region_l1": -0.29474816316310554,
      "median_delta_mean_overall_l1": -0.15465770285431324,
      "median_delta_mean_p90_age_l1_major": -0.5857794553736625,
      "median_delta_mean_p90_region_l1_major": -0.3784851915555214,
      "median_delta_mean_runtime_sec": 0.012604359999841108,
      "median_delta_mean_weighted_age_l1": -0.3626058588854143,
      "median_delta_mean_weighted_region_l1": -0.35064479038780855,
      "n_conditions": 32,
      "neural_win_rate_mean_overall_l1": 0.84375,
      "neural_win_rate_mean_p90_age_l1_major": 0.90625,
      "neural_win_rate_mean_p90_region_l1_major": 0.8125,
      "neural_win_rate_mean_runtime_sec": 0.0,
      "neural_win_rate_mean_weighted_age_l1": 0.84375,
      "neural_win_rate_mean_weighted_region_l1": 0.84375
    },
    {
      "baseline_method": "mrp_learned_misreport_rr_poststrat",
      "complexity_supported_rate_basic": 0.625,
      "mean_delta_mean_overall_l1": -0.024852097027943717,
      "mean_delta_mean_p90_age_l1_major": -0.03006732691889755,
      "mean_delta_mean_p90_region_l1_major": 0.023214614960625397,
      "mean_delta_mean_runtime_sec": 0.023387301374896197,
      "mean_delta_mean_weighted_age_l1": -0.012002719126710642,
      "mean_delta_mean_weighted_region_l1": -0.003690055321918838,
      "median_delta_mean_overall_l1": -0.02978034708480541,
      "median_delta_mean_p90_age_l1_major": -0.03473156005744238,
      "median_delta_mean_p90_region_l1_major": 0.01791804830936522,
      "median_delta_mean_runtime_sec": 0.010069969500136722,
      "median_delta_mean_weighted_age_l1": -0.014916592600100781,
      "median_delta_mean_weighted_region_l1": -0.012896271465470871,
      "n_conditions": 32,
      "neural_win_rate_mean_overall_l1": 0.625,
      "neural_win_rate_mean_p90_age_l1_major": 0.6875,
      "neural_win_rate_mean_p90_region_l1_major": 0.4375,
      "neural_win_rate_mean_runtime_sec": 0.0,
      "neural_win_rate_mean_weighted_age_l1": 0.65625,
      "neural_win_rate_mean_weighted_region_l1": 0.59375
    },
    {
      "baseline_method": "mrp_misreport_rr_poststrat",
      "complexity_supported_rate_basic": 0.5625,
      "mean_delta_mean_overall_l1": -0.007097697297477954,
      "mean_delta_mean_p90_age_l1_major": -0.01038303057109038,
      "mean_delta_mean_p90_region_l1_major": 0.03380141272972424,
      "mean_delta_mean_runtime_sec": -0.7384295627188209,
      "mean_delta_mean_weighted_age_l1": -0.0011926356319974206,
      "mean_delta_mean_weighted_region_l1": 0.0030826219656010546,
      "median_delta_mean_overall_l1": -0.012255453311505057,
      "median_delta_mean_p90_age_l1_major": -0.015602487433018897,
      "median_delta_mean_p90_region_l1_major": 0.02931929715551984,
      "median_delta_mean_runtime_sec": -0.2744926655002473,
      "median_delta_mean_weighted_age_l1": -0.004331122109667157,
      "median_delta_mean_weighted_region_l1": -0.006136545541826799,
      "n_conditions": 32,
      "neural_win_rate_mean_overall_l1": 0.59375,
      "neural_win_rate_mean_p90_age_l1_major": 0.59375,
      "neural_win_rate_mean_p90_region_l1_major": 0.40625,
      "neural_win_rate_mean_runtime_sec": 0.5,
      "neural_win_rate_mean_weighted_age_l1": 0.5625,
      "neural_win_rate_mean_weighted_region_l1": 0.5625
    },
    {
      "baseline_method": "mrp_rr_poststrat",
      "complexity_supported_rate_basic": 0.28125,
      "mean_delta_mean_overall_l1": 0.02810130100790867,
      "mean_delta_mean_p90_age_l1_major": -0.010628265591497333,
      "mean_delta_mean_p90_region_l1_major": 0.0501224689136443,
      "mean_delta_mean_runtime_sec": 0.024773513781255474,
      "mean_delta_mean_weighted_age_l1": 0.015167523680224185,
      "mean_delta_mean_weighted_region_l1": 0.016183729341066752,
      "median_delta_mean_overall_l1": 0.020482932098470616,
      "median_delta_mean_p90_age_l1_major": -0.01251273536023792,
      "median_delta_mean_p90_region_l1_major": 0.04649676508701339,
      "median_delta_mean_runtime_sec": 0.01087941749960919,
      "median_delta_mean_weighted_age_l1": 0.009124694433622987,
      "median_delta_mean_weighted_region_l1": 0.01365320484320845,
      "n_conditions": 32,
      "neural_win_rate_mean_overall_l1": 0.375,
      "neural_win_rate_mean_p90_age_l1_major": 0.5625,
      "neural_win_rate_mean_p90_region_l1_major": 0.3125,
      "neural_win_rate_mean_runtime_sec": 0.03125,
      "neural_win_rate_mean_weighted_age_l1": 0.375,
      "neural_win_rate_mean_weighted_region_l1": 0.21875
    }
  ]
}