baseline_method,complexity_supported_rate_basic,mean_delta_mean_overall_l1,mean_delta_mean_p90_age_l1_major,mean_delta_mean_p90_region_l1_major,mean_delta_mean_runtime_sec,mean_delta_mean_weighted_age_l1,mean_delta_mean_weighted_region_l1,median_delta_mean_overall_l1,median_delta_mean_p90_age_l1_major,median_delta_mean_p90_region_l1_major,median_delta_mean_runtime_sec,median_delta_mean_weighted_age_l1,median_delta_mean_weighted_region_l1,n_conditions,neural_win_rate_mean_overall_l1,neural_win_rate_mean_p90_age_l1_major,neural_win_rate_mean_p90_region_l1_major,neural_win_rate_mean_runtime_sec,neural_win_rate_mean_weighted_age_l1,neural_win_rate_mean_weighted_region_l1
baseline_rr_debias,0.78125,-0.22598254779048144,-0.5211251119723119,-0.3670227733828606,0.028359383312476893,-0.3610397314843378,-0.29474816316310554,-0.15465770285431324,-0.5857794553736625,-0.3784851915555214,0.012604359999841108,-0.3626058588854143,-0.35064479038780855,32,0.84375,0.90625,0.8125,0.0,0.84375,0.84375
mrp_learned_misreport_rr_poststrat,0.625,-0.024852097027943717,-0.03006732691889755,0.023214614960625397,0.023387301374896197,-0.012002719126710642,-0.003690055321918838,-0.02978034708480541,-0.03473156005744238,0.01791804830936522,0.010069969500136722,-0.014916592600100781,-0.012896271465470871,32,0.625,0.6875,0.4375,0.0,0.65625,0.59375
mrp_misreport_rr_poststrat,0.5625,-0.007097697297477954,-0.01038303057109038,0.03380141272972424,-0.7384295627188209,-0.0011926356319974206,0.0030826219656010546,-0.012255453311505057,-0.015602487433018897,0.02931929715551984,-0.2744926655002473,-0.004331122109667157,-0.006136545541826799,32,0.59375,0.59375,0.40625,0.5,0.5625,0.5625
mrp_rr_poststrat,0.28125,0.02810130100790867,-0.010628265591497333,0.0501224689136443,0.024773513781255474,0.015167523680224185,0.016183729341066752,0.020482932098470616,-0.01251273536023792,0.04649676508701339,0.01087941749960919,0.009124694433622987,0.01365320484320845,32,0.375,0.5625,0.3125,0.03125,0.375,0.21875
