evaluation,fold,held_out_epsilon,seed,epsilon,n_respondents,bias,actual_raw_frequencies_l1,actual_rr_debiased_l1,actual_poststratified_l1,predicted_raw_frequencies_l1,predicted_rr_debiased_l1,predicted_poststratified_l1,actual_best_method,predicted_best_method,regret,tie_threshold,approximate_tie
grouped_cv,4,,1000,0.25,250,moderate,0.24900000000000005,0.49832986627004694,0.6380927152603888,0.2862307692307693,0.628097641144134,0.6209057920651021,raw_frequencies,raw_frequencies,0.0,0.05787031560327446,False
grouped_cv,4,,1000,0.25,250,none,0.2,0.9111118274500958,1.0145821714332772,0.26168707482993186,0.628097641144134,0.6209057920651021,raw_frequencies,raw_frequencies,0.0,0.05787031560327446,False
grouped_cv,4,,1000,0.25,250,strong,0.21700000000000003,0.6653093529596628,1.0129945229835262,0.26873626373626386,0.7091466167111942,0.7179986100193483,raw_frequencies,raw_frequencies,0.0,0.05787031560327446,False
grouped_cv,4,,1000,0.25,500,moderate,0.24900000000000005,0.45208012629979344,0.4237726882311988,0.26168707482993186,0.5594424293361455,0.7179986100193483,raw_frequencies,raw_frequencies,0.0,0.05787031560327446,False
grouped_cv,4,,1000,0.25,500,none,0.25300000000000006,0.5358293462105541,0.5285938508328016,0.26168707482993186,0.41499312927766147,0.46274247234464405,raw_frequencies,raw_frequencies,0.0,0.05787031560327446,False
grouped_cv,4,,1000,0.25,500,strong,0.26500000000000007,0.26708116641877905,0.3749999999999999,0.26873626373626386,0.5594424293361455,0.7179986100193483,raw_frequencies,raw_frequencies,0.0,0.05787031560327446,False
grouped_cv,4,,1000,0.25,1000,moderate,0.23500000000000004,0.3635379829119252,0.22263129349615707,0.26168707482993186,0.3984613651138653,0.41391483268725404,poststratified,raw_frequencies,0.012368706503842974,0.05787031560327446,False
grouped_cv,4,,1000,0.25,1000,none,0.25100000000000006,0.5908293462105542,0.5858740177377654,0.26168707482993186,0.34317399327807163,0.3427978232621979,raw_frequencies,raw_frequencies,0.0,0.05787031560327446,False
grouped_cv,4,,1000,0.25,1000,strong,0.25500000000000006,0.47520499628492013,0.277034057250883,0.26873626373626386,0.4862001795384184,0.4982196491220802,raw_frequencies,raw_frequencies,0.0,0.05787031560327446,False
grouped_cv,4,,1000,0.25,2000,moderate,0.25300000000000006,0.2786436014113425,0.1427057457593847,0.26168707482993186,0.3984613651138653,0.41391483268725404,poststratified,raw_frequencies,0.11029425424061537,0.05787031560327446,False
grouped_cv,4,,1000,0.25,2000,none,0.2760000000000001,0.3082284082465725,0.31050571357551177,0.26168707482993186,0.24323643779353263,0.21394180591475329,raw_frequencies,poststratified,0.03450571357551169,0.05787031560327446,True
grouped_cv,4,,1000,0.25,2000,strong,0.28600000000000003,0.2735411032688827,0.2687914529005488,0.26873626373626386,0.4862001795384184,0.4982196491220802,poststratified,raw_frequencies,0.017208547099451244,0.05787031560327446,False
grouped_cv,4,,1000,0.5,250,moderate,0.20100000000000007,0.21828639045000953,0.375,0.23541666666666672,0.3145202385840877,0.3232291622795258,raw_frequencies,raw_frequencies,0.0,0.05787031560327446,False
grouped_cv,4,,1000,0.5,250,none,0.26500000000000007,0.14333609467941105,0.19695710487683182,0.23541666666666672,0.3145202385840877,0.3232291622795258,rr_debiased,raw_frequencies,0.12166390532058902,0.05787031560327446,False
grouped_cv,4,,1000,0.5,250,strong,0.264,0.7665852069573694,0.6892973083804663,0.23038135593220344,0.47520417181104346,0.4511992184308143,raw_frequencies,raw_frequencies,0.0,0.05787031560327446,False
grouped_cv,4,,1000,0.5,500,moderate,0.2690000000000001,0.25582573963161903,0.038907538160123156,0.23038135593220344,0.3145202385840877,0.3232291622795258,poststratified,raw_frequencies,0.23009246183987692,0.05787031560327446,False
grouped_cv,4,,1000,0.5,500,none,0.24500000000000005,0.12083816568896943,0.13317256052783705,0.24970370370370365,0.3145202385840877,0.3232291622795258,rr_debiased,raw_frequencies,0.12416183431103062,0.05787031560327446,False
grouped_cv,4,,1000,0.5,500,strong,0.20500000000000002,0.4066183431103038,0.06942932940037089,0.23038135593220344,0.31505265989391806,0.4511992184308143,poststratified,raw_frequencies,0.13557067059962913,0.05787031560327446,False
grouped_cv,4,,1000,0.5,1000,moderate,0.20500000000000007,0.19578846145956785,0.23949267811882152,0.23541666666666672,0.18041758579691125,0.1619253032255774,rr_debiased,poststratified,0.04370421665925367,0.05787031560327446,True
grouped_cv,4,,1000,0.5,1000,none,0.25500000000000006,0.1883319526602942,0.17410611008952395,0.23541666666666672,0.18041758579691125,0.1619253032255774,poststratified,poststratified,0.0,0.05787031560327446,True
grouped_cv,4,,1000,0.5,1000,strong,0.29100000000000004,0.2879170118349264,0.15279100704618379,0.23038135593220344,0.31505265989391806,0.25725745013428153,poststratified,raw_frequencies,0.13820899295381625,0.05787031560327446,True
grouped_cv,4,,1000,0.5,2000,moderate,0.265,0.14168047339705603,0.1711076663377371,0.24970370370370365,0.18041758579691125,0.1619253032255774,rr_debiased,poststratified,0.02942719294068108,0.05787031560327446,True
grouped_cv,4,,1000,0.5,2000,none,0.24400000000000005,0.15582988165073583,0.16516067560031192,0.23541666666666672,0.18041758579691125,0.1619253032255774,rr_debiased,poststratified,0.009330793949576088,0.05787031560327446,True
grouped_cv,4,,1000,0.5,2000,strong,0.25100000000000006,0.31769504435533347,0.12414314332940907,0.23038135593220344,0.31505265989391806,0.25725745013428153,poststratified,raw_frequencies,0.126856856670591,0.05787031560327446,True
grouped_cv,4,,1000,1.0,250,moderate,0.16799999999999998,0.2917255646774581,0.22723814567292633,0.19333333333333333,0.149101016448701,0.2589720383691066,raw_frequencies,rr_debiased,0.1237255646774581,0.05787031560327446,True
grouped_cv,4,,1000,1.0,250,none,0.12100000000000005,0.17697207391709507,0.1817249961524332,0.19333333333333333,0.149101016448701,0.2589720383691066,raw_frequencies,rr_debiased,0.05597207391709502,0.05787031560327446,True
grouped_cv,4,,1000,1.0,250,strong,0.22500000000000003,0.1806558136549546,0.43818043844863286,0.21508333333333338,0.2734083118667221,0.2589720383691066,rr_debiased,raw_frequencies,0.044344186345045444,0.05787031560327446,True
grouped_cv,4,,1000,1.0,500,moderate,0.1770000000000001,0.12696975744097955,0.05550051247645829,0.19333333333333333,0.149101016448701,0.12220932397348544,poststratified,poststratified,0.0,0.05787031560327446,True
grouped_cv,4,,1000,1.0,500,none,0.21700000000000003,0.14770465220765874,0.15679139320214874,0.19333333333333333,0.06821049518549896,0.12220932397348544,rr_debiased,rr_debiased,0.0,0.05787031560327446,True
grouped_cv,4,,1000,1.0,500,strong,0.201,0.07073721124279483,0.3921726540966007,0.21508333333333338,0.2734083118667221,0.12220932397348544,rr_debiased,poststratified,0.3214354428538059,0.05787031560327446,False
grouped_cv,4,,1000,1.0,1000,moderate,0.21100000000000002,0.23557441606711416,0.2094262536152524,0.17990000000000006,0.149101016448701,0.12220932397348544,poststratified,poststratified,0.0,0.05787031560327446,True
grouped_cv,4,,1000,1.0,1000,none,0.13600000000000007,0.21483952130043488,0.2279324313728513,0.18745312500000014,0.06821049518549896,0.12220932397348544,raw_frequencies,rr_debiased,0.07883952130043481,0.05787031560327446,True
grouped_cv,4,,1000,1.0,1000,strong,0.20000000000000007,0.24655813654954614,0.0962469463849478,0.17990000000000006,0.2734083118667221,0.12220932397348544,poststratified,poststratified,0.0,0.05787031560327446,True
grouped_cv,4,,1000,1.0,2000,moderate,0.1800000000000001,0.0830348755112518,0.035113063060225574,0.17990000000000006,0.149101016448701,0.12220932397348544,poststratified,poststratified,0.0,0.05787031560327446,True
grouped_cv,4,,1000,1.0,2000,none,0.1840000000000001,0.06381336466699591,0.06646731573929143,0.18745312500000014,0.06821049518549896,0.12220932397348544,rr_debiased,rr_debiased,0.0,0.05787031560327446,True
grouped_cv,4,,1000,1.0,2000,strong,0.16900000000000004,0.19836394057678686,0.04403699571598935,0.17990000000000006,0.2734083118667221,0.12220932397348544,poststratified,poststratified,0.0,0.05787031560327446,True
grouped_cv,4,,1000,2.0,250,moderate,0.11300000000000004,0.07144433030806963,0.16246885734225,0.1767567567567568,0.23644675213875183,0.1286678683454808,rr_debiased,poststratified,0.09102452703418037,0.05787031560327446,True
grouped_cv,4,,1000,2.0,250,none,0.192,0.2007649879939813,0.19108629715476688,0.09760215053763449,0.149101016448701,0.1286678683454808,poststratified,raw_frequencies,0.000913702845233122,0.05787031560327446,True
grouped_cv,4,,1000,2.0,250,strong,0.12800000000000006,0.20692771478577804,0.15219803091458148,0.18933333333333335,0.23644675213875183,0.1286678683454808,raw_frequencies,poststratified,0.02419803091458142,0.05787031560327446,False
grouped_cv,4,,1000,2.0,500,moderate,0.12400000000000003,0.10111990395185025,0.054362278199029834,0.12822105263157899,0.149101016448701,0.06692207343381032,poststratified,poststratified,0.0,0.05787031560327446,False
grouped_cv,4,,1000,2.0,500,none,0.10500000000000004,0.04793148345608564,0.03645206408095228,0.09760215053763449,0.06821049518549896,0.06692207343381032,poststratified,poststratified,0.0,0.05787031560327446,True
grouped_cv,4,,1000,2.0,500,strong,0.18000000000000002,0.2715880436287339,0.07459234231580203,0.18933333333333335,0.23644675213875183,0.06692207343381032,poststratified,poststratified,0.0,0.05787031560327446,False
grouped_cv,4,,1000,2.0,1000,moderate,0.11800000000000005,0.0920180713035556,0.041273974673975505,0.12822105263157899,0.149101016448701,0.06692207343381032,poststratified,poststratified,0.0,0.05787031560327446,False
grouped_cv,4,,1000,2.0,1000,none,0.07500000000000004,0.030581363395898398,0.027464620486416874,0.09760215053763449,0.06821049518549896,0.06692207343381032,poststratified,poststratified,0.0,0.05787031560327446,True
grouped_cv,4,,1000,2.0,1000,strong,0.214,0.3097964197632078,0.1385211929734657,0.18933333333333335,0.23644675213875183,0.06692207343381032,poststratified,poststratified,0.0,0.05787031560327446,False
grouped_cv,4,,1000,2.0,2000,moderate,0.15200000000000005,0.16137157401005914,0.03864387844137673,0.12822105263157899,0.149101016448701,0.06692207343381032,poststratified,poststratified,0.0,0.05787031560327446,False
grouped_cv,4,,1000,2.0,2000,none,0.09300000000000005,0.021764045826404427,0.02541461080961277,0.09760215053763449,0.06821049518549896,0.06692207343381032,rr_debiased,poststratified,0.003650564983208343,0.05787031560327446,True
grouped_cv,4,,1000,2.0,2000,strong,0.196,0.20664319970697723,0.0955032457866144,0.18933333333333335,0.23644675213875183,0.06692207343381032,poststratified,poststratified,0.0,0.05787031560327446,False
grouped_cv,3,,1001,0.25,250,moderate,0.24900000000000005,0.7758283060915684,0.5788237718782934,0.26920359281437123,0.5856056675137623,0.6560874585834902,raw_frequencies,raw_frequencies,0.0,0.05859938015416227,False
grouped_cv,3,,1001,0.25,250,none,0.26500000000000007,0.8037424229920753,0.8795570670672107,0.26920359281437123,0.5856056675137623,0.6560874585834902,raw_frequencies,raw_frequencies,0.0,0.05859938015416227,False
grouped_cv,3,,1001,0.25,250,strong,0.28,0.8470971177812716,0.84,0.2648846153846154,0.4598055476938249,0.6560874585834902,raw_frequencies,raw_frequencies,0.0,0.05859938015416227,False
grouped_cv,3,,1001,0.25,500,moderate,0.2770000000000001,0.472914673105277,0.68934652052118,0.2527391304347827,0.4598055476938249,0.6560874585834902,raw_frequencies,raw_frequencies,0.0,0.05859938015416227,False
grouped_cv,3,,1001,0.25,500,none,0.24900000000000005,0.20166389301603765,0.30120287662655526,0.26920359281437123,0.5856056675137623,0.45384765558407714,rr_debiased,raw_frequencies,0.0473361069839624,0.05859938015416227,False
grouped_cv,3,,1001,0.25,500,strong,0.21700000000000003,0.4126546764798312,0.9195303923877269,0.2648846153846154,0.7404237089200169,0.6560874585834902,raw_frequencies,raw_frequencies,0.0,0.05859938015416227,False
grouped_cv,3,,1001,0.25,1000,moderate,0.275,0.12604162332837548,0.37034791477978624,0.2527391304347827,0.430010578876862,0.4720044050627425,rr_debiased,raw_frequencies,0.14895837667162454,0.05859938015416227,False
grouped_cv,3,,1001,0.25,1000,none,0.277,0.12208428677573702,0.09843313882430049,0.26920359281437123,0.3933633398915197,0.38786604241651584,poststratified,raw_frequencies,0.17856686117569953,0.05859938015416227,False
grouped_cv,3,,1001,0.25,1000,strong,0.25300000000000006,0.19770655646339863,0.4360446655435458,0.2527391304347827,0.430010578876862,0.4720044050627425,rr_debiased,raw_frequencies,0.05529344353660143,0.05859938015416227,False
grouped_cv,3,,1001,0.25,2000,moderate,0.26400000000000007,0.209268991455962,0.04365259879400596,0.26920359281437123,0.26479032317964313,0.24890459608232623,poststratified,poststratified,0.0,0.05859938015416227,True
grouped_cv,3,,1001,0.25,2000,none,0.25300000000000006,0.15541415304578415,0.13830304494375018,0.26920359281437123,0.26479032317964313,0.24890459608232623,poststratified,poststratified,0.0,0.05859938015416227,True
grouped_cv,3,,1001,0.25,2000,strong,0.26,0.07447710809784058,0.21817950273117387,0.2648846153846154,0.3841683509655294,0.3920023736017429,rr_debiased,raw_frequencies,0.18552289190215943,0.05859938015416227,False
grouped_cv,3,,1001,0.5,250,moderate,0.1690000000000001,0.39291342502443927,0.3749999999999999,0.2357767857142856,0.28788710140392404,0.3170783706447909,raw_frequencies,raw_frequencies,0.0,0.05859938015416227,True
grouped_cv,3,,1001,0.5,250,none,0.2810000000000001,0.2333278106411774,0.16614020432255627,0.2357767857142856,0.28788710140392404,0.3170783706447909,poststratified,raw_frequencies,0.11485979567744381,0.05859938015416227,True
grouped_cv,3,,1001,0.5,250,strong,0.1610000000000001,0.37499999999999983,0.45586085601708437,0.2357767857142856,0.39310042879118584,0.48328754834694115,raw_frequencies,raw_frequencies,0.0,0.05859938015416227,False
grouped_cv,3,,1001,0.5,500,moderate,0.13300000000000006,0.37499999999999994,0.3749999999999999,0.2357767857142856,0.28788710140392404,0.3170783706447909,raw_frequencies,raw_frequencies,0.0,0.05859938015416227,True
grouped_cv,3,,1001,0.5,500,none,0.2930000000000001,0.5258008875169182,0.5039869546768125,0.2357767857142856,0.28788710140392404,0.3170783706447909,raw_frequencies,raw_frequencies,0.0,0.05859938015416227,True
grouped_cv,3,,1001,0.5,500,strong,0.24500000000000005,0.4583071005455934,0.14212196505054225,0.2357767857142856,0.39310042879118584,0.48328754834694115,poststratified,raw_frequencies,0.1028780349494578,0.05859938015416227,False
grouped_cv,3,,1001,0.5,1000,moderate,0.21100000000000008,0.16204156797390543,0.16284123558255345,0.2357767857142856,0.18717700548662056,0.25104461916823834,rr_debiased,rr_debiased,0.0,0.05859938015416227,True
grouped_cv,3,,1001,0.5,1000,none,0.2330000000000001,0.08039837274890074,0.0827614128787253,0.2357767857142856,0.18717700548662056,0.16501819813781474,rr_debiased,poststratified,0.0023630401298245507,0.05859938015416227,True
grouped_cv,3,,1001,0.5,1000,strong,0.20500000000000002,0.4853610945768494,0.37499999999999994,0.22000000000000006,0.39310042879118584,0.25104461916823834,raw_frequencies,raw_frequencies,0.0,0.05859938015416227,True
grouped_cv,3,,1001,0.5,2000,moderate,0.29300000000000004,0.2991659763301473,0.2796355839687881,0.2357767857142856,0.18717700548662056,0.25104461916823834,poststratified,rr_debiased,0.019530392361359172,0.05859938015416227,True
grouped_cv,3,,1001,0.5,2000,none,0.198,0.2391286981580958,0.2460883887184183,0.2357767857142856,0.18717700548662056,0.16501819813781474,raw_frequencies,poststratified,0.04808838871841828,0.05859938015416227,True
grouped_cv,3,,1001,0.5,2000,strong,0.23100000000000004,0.20976146444393978,0.13816342213894117,0.22000000000000006,0.22501007145567284,0.25104461916823834,poststratified,raw_frequencies,0.09283657786105887,0.05859938015416227,True
grouped_cv,3,,1001,1.0,250,moderate,0.15900000000000003,0.5414332778641787,0.5323728170705424,0.19100000000000003,0.1521874241904391,0.24216393636251954,raw_frequencies,rr_debiased,0.3824332778641787,0.05859938015416227,True
grouped_cv,3,,1001,1.0,250,none,0.19300000000000006,0.09278604979549934,0.11888308267174863,0.19100000000000003,0.1521874241904391,0.24216393636251954,rr_debiased,rr_debiased,0.0,0.05859938015416227,True
grouped_cv,3,,1001,1.0,250,strong,0.21700000000000003,0.1586883726900907,0.11597550964097719,0.2105660377358491,0.1989650132782184,0.24216393636251954,poststratified,rr_debiased,0.04271286304911351,0.05859938015416227,True
grouped_cv,3,,1001,1.0,500,moderate,0.189,0.13672093172522687,0.012441125447038626,0.19100000000000003,0.1521874241904391,0.12474591621216383,poststratified,poststratified,0.0,0.05859938015416227,True
grouped_cv,3,,1001,1.0,500,none,0.22500000000000003,0.2026232546198184,0.1967745852226592,0.19100000000000003,0.07230945622759828,0.12474591621216383,poststratified,rr_debiased,0.005848669397159195,0.05859938015416227,True
grouped_cv,3,,1001,1.0,500,strong,0.13700000000000007,0.20385580081800297,0.3190139531494713,0.2105660377358491,0.1989650132782184,0.12474591621216383,raw_frequencies,poststratified,0.18201395314947122,0.05859938015416227,False
grouped_cv,3,,1001,1.0,1000,moderate,0.13100000000000006,0.1495127727110153,0.1712185250098407,0.1816666666666667,0.1521874241904391,0.12474591621216383,raw_frequencies,poststratified,0.04021852500984063,0.05859938015416227,True
grouped_cv,3,,1001,1.0,1000,none,0.1870000000000001,0.09827791003671543,0.09568912830949752,0.1871363636363637,0.07230945622759828,0.12474591621216383,poststratified,rr_debiased,0.0025887817272179092,0.05859938015416227,True
grouped_cv,3,,1001,1.0,1000,strong,0.20100000000000007,0.10926163051914725,0.2230284597613205,0.1816666666666667,0.25706708635470565,0.12474591621216383,rr_debiased,poststratified,0.11376682924217324,0.05859938015416227,True
grouped_cv,3,,1001,1.0,2000,moderate,0.18800000000000006,0.057088958227595576,0.04471353897760266,0.1816666666666667,0.1521874241904391,0.12474591621216383,poststratified,poststratified,0.0,0.05859938015416227,True
grouped_cv,3,,1001,1.0,2000,none,0.1800000000000001,0.04176452611429163,0.04651974208238696,0.1871363636363637,0.07230945622759828,0.12474591621216383,rr_debiased,rr_debiased,0.0,0.05859938015416227,True
grouped_cv,3,,1001,1.0,2000,strong,0.17800000000000005,0.15992091888827512,0.12043277868956032,0.1816666666666667,0.25706708635470565,0.12474591621216383,poststratified,poststratified,0.0,0.05859938015416227,True
grouped_cv,3,,1001,2.0,250,moderate,0.20800000000000002,0.22427783484596528,0.08407868714627978,0.1878133333333334,0.1989650132782184,0.13767314851000326,poststratified,poststratified,0.0,0.05859938015416227,True
grouped_cv,3,,1001,2.0,250,none,0.10499999999999998,0.22246625534172987,0.20484194202386247,0.0990102040816327,0.1521874241904391,0.13767314851000326,raw_frequencies,raw_frequencies,0.0,0.05859938015416227,True
grouped_cv,3,,1001,2.0,250,strong,0.224,0.3362483724716898,0.14211069182980168,0.17484615384615393,0.1989650132782184,0.13767314851000326,poststratified,poststratified,0.0,0.05859938015416227,True
grouped_cv,3,,1001,2.0,500,moderate,0.11200000000000002,0.14814559765581817,0.06731303913978004,0.13114606741573037,0.1521874241904391,0.06392626466451415,poststratified,poststratified,0.0,0.05859938015416227,False
grouped_cv,3,,1001,2.0,500,none,0.15300000000000008,0.1302264474380295,0.11336830869124723,0.0990102040816327,0.1521874241904391,0.06392626466451415,poststratified,poststratified,0.0,0.05859938015416227,True
grouped_cv,3,,1001,2.0,500,strong,0.228,0.3009791021937138,0.20963648035278826,0.17484615384615393,0.25706708635470565,0.06392626466451415,poststratified,poststratified,0.0,0.05859938015416227,False
grouped_cv,3,,1001,2.0,1000,moderate,0.11400000000000005,0.20692771478577807,0.11635175361230848,0.13114606741573037,0.1521874241904391,0.06392626466451415,raw_frequencies,poststratified,0.002351753612308438,0.05859938015416227,False
grouped_cv,3,,1001,2.0,1000,none,0.09700000000000009,0.07522644743802939,0.07001570196781134,0.0990102040816327,0.07230945622759828,0.06392626466451415,poststratified,poststratified,0.0,0.05859938015416227,True
grouped_cv,3,,1001,2.0,1000,strong,0.18400000000000002,0.27746625534173,0.05531173098988157,0.17484615384615393,0.25706708635470565,0.06392626466451415,poststratified,poststratified,0.0,0.05859938015416227,False
grouped_cv,3,,1001,2.0,2000,moderate,0.13600000000000007,0.11847002401203757,0.03458662365891205,0.13114606741573037,0.1521874241904391,0.06392626466451415,poststratified,poststratified,0.0,0.05859938015416227,False
grouped_cv,3,,1001,2.0,2000,none,0.07900000000000004,0.03583303345410724,0.038646656903171595,0.0990102040816327,0.07230945622759828,0.06392626466451415,rr_debiased,poststratified,0.0028136234490643564,0.05859938015416227,True
grouped_cv,3,,1001,2.0,2000,strong,0.14900000000000005,0.20839726771402708,0.08837047527816244,0.1878133333333334,0.25706708635470565,0.06392626466451415,poststratified,poststratified,0.0,0.05859938015416227,False
grouped_cv,2,,1002,0.25,250,moderate,0.2970000000000001,0.7850000000000001,0.7849999999999999,0.26869444444444446,0.7102980625710203,0.6192250145099641,raw_frequencies,raw_frequencies,0.0,0.05880112746507657,False
grouped_cv,2,,1002,0.25,250,none,0.2890000000000001,0.6116638930160377,0.6135213279743165,0.2818333333333334,0.5928140355112443,0.6192250145099641,raw_frequencies,raw_frequencies,0.0,0.05880112746507657,False
grouped_cv,2,,1002,0.25,250,strong,0.21700000000000003,0.9729640294394946,0.6999047195321001,0.26869444444444446,0.7102980625710203,0.8506242342470567,raw_frequencies,raw_frequencies,0.0,0.05880112746507657,False
grouped_cv,2,,1002,0.25,500,moderate,0.21700000000000003,1.015073142186133,0.848095528740485,0.26284615384615384,0.4226498820564081,0.49405398003268597,raw_frequencies,raw_frequencies,0.0,0.05880112746507657,False
grouped_cv,2,,1002,0.25,500,none,0.21700000000000008,0.37499999999999994,0.375,0.2716764705882354,0.4226498820564081,0.49405398003268597,raw_frequencies,raw_frequencies,0.0,0.05880112746507657,False
grouped_cv,2,,1002,0.25,500,strong,0.325,0.677081166418779,0.4411989186215508,0.26284615384615384,0.6017664854446568,0.6947714324068957,raw_frequencies,raw_frequencies,0.0,0.05880112746507657,False
grouped_cv,2,,1002,0.25,1000,moderate,0.2810000000000001,0.4585400631498968,0.1779837820616491,0.26284615384615384,0.4226498820564081,0.37193983908747863,poststratified,raw_frequencies,0.10301621793835097,0.05880112746507657,False
grouped_cv,2,,1002,0.25,1000,none,0.24300000000000005,0.613954216195681,0.5887730062132258,0.2716764705882354,0.4226498820564081,0.27986257679975934,raw_frequencies,raw_frequencies,0.0,0.05880112746507657,True
grouped_cv,2,,1002,0.25,1000,strong,0.315,0.5972892830606574,0.883744003708612,0.26284615384615384,0.4226498820564081,0.5359802078740358,raw_frequencies,raw_frequencies,0.0,0.05880112746507657,False
grouped_cv,2,,1002,0.25,2000,moderate,0.26800000000000007,0.3082284082465726,0.13966277565446378,0.26284615384615384,0.24972088162441802,0.37193983908747863,poststratified,rr_debiased,0.16856563259210883,0.05880112746507657,True
grouped_cv,2,,1002,0.25,2000,none,0.281,0.18385379829119253,0.17656743056980706,0.2716764705882354,0.24972088162441802,0.27986257679975934,poststratified,rr_debiased,0.007286367721385467,0.05880112746507657,True
grouped_cv,2,,1002,0.25,2000,strong,0.26100000000000007,0.24395629643365227,0.5158897897231274,0.26284615384615384,0.36691495543028463,0.3916339244191131,rr_debiased,raw_frequencies,0.017043703566347795,0.05880112746507657,False
grouped_cv,2,,1002,0.5,250,moderate,0.24100000000000005,0.22332366862206063,0.4698359969380952,0.23260176991150436,0.4785360240085201,0.32508421094106466,rr_debiased,raw_frequencies,0.01767633137793942,0.05880112746507657,False
grouped_cv,2,,1002,0.5,250,none,0.193,0.4866059170529534,0.46766362709568104,0.23260176991150436,0.2977325670040637,0.32508421094106466,raw_frequencies,raw_frequencies,0.0,0.05880112746507657,False
grouped_cv,2,,1002,0.5,250,strong,0.18500000000000005,0.49661005907206984,0.13909735748169252,0.23260176991150436,0.4785360240085201,0.4590595856705373,poststratified,raw_frequencies,0.04590264251830753,0.05880112746507657,False
grouped_cv,2,,1002,0.5,500,moderate,0.20500000000000002,0.339124556138979,0.2899075064882465,0.23260176991150436,0.2977325670040637,0.32508421094106466,raw_frequencies,raw_frequencies,0.0,0.05880112746507657,False
grouped_cv,2,,1002,0.5,500,none,0.21700000000000003,0.35161834311030377,0.33975053864618665,0.23260176991150436,0.2977325670040637,0.32508421094106466,raw_frequencies,raw_frequencies,0.0,0.05880112746507657,False
grouped_cv,2,,1002,0.5,500,strong,0.25700000000000006,0.30082159761250227,0.3242864501009838,0.23260176991150436,0.3154456982385197,0.4590595856705373,raw_frequencies,raw_frequencies,0.0,0.05880112746507657,False
grouped_cv,2,,1002,0.5,1000,moderate,0.29900000000000004,0.33291286981580964,0.3302403955479469,0.23260176991150436,0.188078003237553,0.17594031854817893,raw_frequencies,poststratified,0.03124039554794683,0.05880112746507657,True
grouped_cv,2,,1002,0.5,1000,none,0.2310000000000001,0.049551923021697336,0.05105433010785629,0.23260176991150436,0.188078003237553,0.17594031854817893,rr_debiased,poststratified,0.0015024070861589522,0.05880112746507657,True
grouped_cv,2,,1002,0.5,1000,strong,0.22500000000000003,0.3503735206341998,0.37499999999999994,0.23260176991150436,0.3154456982385197,0.26356966519792724,raw_frequencies,raw_frequencies,0.0,0.05880112746507657,True
grouped_cv,2,,1002,0.5,2000,moderate,0.2350000000000001,0.0691494082536799,0.03541725488334499,0.23260176991150436,0.188078003237553,0.17594031854817893,poststratified,poststratified,0.0,0.05880112746507657,True
grouped_cv,2,,1002,0.5,2000,none,0.22900000000000004,0.12539423072978376,0.12075588203692553,0.23260176991150436,0.188078003237553,0.17594031854817893,poststratified,poststratified,0.0,0.05880112746507657,True
grouped_cv,2,,1002,0.5,2000,strong,0.2310000000000001,0.06352492600606954,0.2585593498019799,0.2164583333333334,0.3154456982385197,0.17594031854817893,rr_debiased,poststratified,0.19503442379591038,0.05880112746507657,True
grouped_cv,2,,1002,1.0,250,moderate,0.19300000000000006,0.32336278233872917,0.31886626163478077,0.19402970297029698,0.14866489982601522,0.21381967712915598,raw_frequencies,rr_debiased,0.1303627823387291,0.05880112746507657,True
grouped_cv,2,,1002,1.0,250,none,0.14500000000000007,0.2367255646774581,0.19684442064103652,0.19402970297029698,0.14866489982601522,0.21381967712915598,raw_frequencies,rr_debiased,0.09172556467745802,0.05880112746507657,True
grouped_cv,2,,1002,1.0,250,strong,0.16900000000000004,0.181888359853139,0.2485367367029211,0.21006976744186048,0.25852973780059246,0.21381967712915598,raw_frequencies,raw_frequencies,0.0,0.05880112746507657,True
grouped_cv,2,,1002,1.0,500,moderate,0.18,0.31369300564232194,0.20212704752049365,0.19402970297029698,0.14866489982601522,0.21381967712915598,raw_frequencies,rr_debiased,0.13369300564232195,0.05880112746507657,True
grouped_cv,2,,1002,1.0,500,none,0.17700000000000005,0.12688835985313893,0.13738375271591144,0.19402970297029698,0.07636525262718091,0.21381967712915598,rr_debiased,rr_debiased,0.0,0.05880112746507657,False
grouped_cv,2,,1002,1.0,500,strong,0.1650000000000001,0.14893719840584338,0.06414277798770474,0.21006976744186048,0.25852973780059246,0.21381967712915598,poststratified,raw_frequencies,0.10085722201229536,0.05880112746507657,True
grouped_cv,2,,1002,1.0,1000,moderate,0.16500000000000004,0.176396499611923,0.11451404246411803,0.181308510638298,0.14866489982601522,0.0977455233015351,poststratified,poststratified,0.0,0.05880112746507657,True
grouped_cv,2,,1002,1.0,1000,none,0.189,0.08721279196644277,0.06980684874242368,0.1911800000000001,0.07636525262718091,0.0977455233015351,poststratified,rr_debiased,0.017405943224019088,0.05880112746507657,True
grouped_cv,2,,1002,1.0,1000,strong,0.14600000000000002,0.3356604466071861,0.17082873616194533,0.181308510638298,0.25852973780059246,0.0977455233015351,raw_frequencies,poststratified,0.02482873616194531,0.05880112746507657,False
grouped_cv,2,,1002,1.0,2000,moderate,0.1800000000000001,0.07479708514942787,0.04981378265659481,0.181308510638298,0.14866489982601522,0.0977455233015351,poststratified,poststratified,0.0,0.05880112746507657,True
grouped_cv,2,,1002,1.0,2000,none,0.18900000000000006,0.013154076297867828,0.017281496343060032,0.1911800000000001,0.07636525262718091,0.0977455233015351,rr_debiased,rr_debiased,0.0,0.05880112746507657,True
grouped_cv,2,,1002,1.0,2000,strong,0.196,0.15594244256948273,0.09789107035017516,0.181308510638298,0.25852973780059246,0.0977455233015351,poststratified,poststratified,0.0,0.05880112746507657,False
grouped_cv,2,,1002,2.0,250,moderate,0.15999999999999998,0.15373929429001323,0.1155797468828946,0.1274666666666667,0.2050635772145263,0.1060669319895659,poststratified,poststratified,0.0,0.05880112746507657,True
grouped_cv,2,,1002,2.0,250,none,0.12099999999999994,0.12225214114199726,0.13653721515086759,0.09870408163265308,0.14866489982601522,0.1060669319895659,raw_frequencies,raw_frequencies,0.0,0.05880112746507657,True
grouped_cv,2,,1002,2.0,250,strong,0.21600000000000003,0.23603425827195723,0.39805016752214145,0.17180000000000006,0.25852973780059246,0.1060669319895659,raw_frequencies,poststratified,0.18205016752214143,0.05880112746507657,False
grouped_cv,2,,1002,2.0,500,moderate,0.15599999999999997,0.14786108257701736,0.03481872188992338,0.1274666666666667,0.14866489982601522,0.1060669319895659,poststratified,poststratified,0.0,0.05880112746507657,True
grouped_cv,2,,1002,2.0,500,none,0.08400000000000005,0.08348526881286228,0.0816974183330299,0.09870408163265308,0.07636525262718091,0.1060669319895659,poststratified,rr_debiased,0.0017878504798323758,0.05880112746507657,True
grouped_cv,2,,1002,2.0,500,strong,0.164,0.206927714785778,0.04452677761988505,0.18645714285714285,0.2050635772145263,0.1060669319895659,poststratified,poststratified,0.0,0.05880112746507657,False
grouped_cv,2,,1002,2.0,1000,moderate,0.12400000000000003,0.1040590098083482,0.05150370660464512,0.1274666666666667,0.14866489982601522,0.056970792767847195,poststratified,poststratified,0.0,0.05880112746507657,False
grouped_cv,2,,1002,2.0,1000,none,0.05900000000000008,0.08138917422982611,0.07592969374280256,0.09870408163265308,0.07636525262718091,0.056970792767847195,raw_frequencies,poststratified,0.016929693742802482,0.05880112746507657,True
grouped_cv,2,,1002,2.0,1000,strong,0.22400000000000003,0.24779068169794924,0.06628766647215897,0.17180000000000006,0.25852973780059246,0.056970792767847195,poststratified,poststratified,0.0,0.05880112746507657,False
grouped_cv,2,,1002,2.0,2000,moderate,0.15100000000000002,0.14051331793577243,0.04390117301356869,0.1274666666666667,0.14866489982601522,0.056970792767847195,poststratified,poststratified,0.0,0.05880112746507657,False
grouped_cv,2,,1002,2.0,2000,none,0.07400000000000004,0.03205091632414736,0.040600745041772135,0.09870408163265308,0.07636525262718091,0.056970792767847195,rr_debiased,poststratified,0.008549828717624774,0.05880112746507657,True
grouped_cv,2,,1002,2.0,2000,strong,0.171,0.22897100870951295,0.06668913224527795,0.18645714285714285,0.2050635772145263,0.056970792767847195,poststratified,poststratified,0.0,0.05880112746507657,False
grouped_cv,1,,1003,0.25,250,moderate,0.31300000000000006,0.8400000000000001,0.9119418101311781,0.2509333333333333,0.6196918763828246,0.6463860164844247,raw_frequencies,raw_frequencies,0.0,0.06221401041251846,False
grouped_cv,1,,1003,0.25,250,none,0.2730000000000001,0.38916545319451634,0.3064217806110229,0.2674285714285716,0.6196918763828246,0.4904818152306326,raw_frequencies,raw_frequencies,0.0,0.06221401041251846,False
grouped_cv,1,,1003,0.25,250,strong,0.25700000000000006,0.9729640294394947,1.2149999999999999,0.2509333333333333,0.6196918763828246,0.8728866250657684,raw_frequencies,raw_frequencies,0.0,0.06221401041251846,False
grouped_cv,1,,1003,0.25,500,moderate,0.2890000000000001,0.6116638930160377,0.7597792811677365,0.2674285714285716,0.5488129831991254,0.6463860164844247,raw_frequencies,raw_frequencies,0.0,0.06221401041251846,False
grouped_cv,1,,1003,0.25,500,none,0.2730000000000001,0.4266649331350234,0.5200262783119843,0.2674285714285716,0.4287889402819822,0.4904818152306326,raw_frequencies,raw_frequencies,0.0,0.06221401041251846,False
grouped_cv,1,,1003,0.25,500,strong,0.26100000000000007,0.16583142644852536,0.9432745479139328,0.28625531914893626,0.5488129831991254,0.8728866250657684,rr_debiased,raw_frequencies,0.0951685735514747,0.06221401041251846,False
grouped_cv,1,,1003,0.25,1000,moderate,0.24700000000000005,0.5445796062403006,0.3196563551696182,0.2674285714285716,0.3839925971209852,0.39052976042137744,raw_frequencies,raw_frequencies,0.0,0.06221401041251846,False
grouped_cv,1,,1003,0.25,1000,none,0.2390000000000001,0.3172882429416717,0.3584695987968961,0.2674285714285716,0.3839925971209852,0.39052976042137744,raw_frequencies,raw_frequencies,0.0,0.06221401041251846,False
grouped_cv,1,,1003,0.25,1000,strong,0.24300000000000005,0.2710385029714181,0.7213956184453333,0.28625531914893626,0.4873976164586752,0.39052976042137744,raw_frequencies,raw_frequencies,0.0,0.06221401041251846,False
grouped_cv,1,,1003,0.25,2000,moderate,0.23700000000000004,0.382705516344413,0.14358499106703013,0.2674285714285716,0.35313120182826135,0.2907141058384489,poststratified,raw_frequencies,0.09341500893296992,0.06221401041251846,True
grouped_cv,1,,1003,0.25,2000,none,0.26000000000000006,0.14270655646339864,0.15256672679616937,0.2674285714285716,0.24066543239213664,0.2907141058384489,rr_debiased,rr_debiased,0.0,0.06221401041251846,True
grouped_cv,1,,1003,0.25,2000,strong,0.23000000000000004,0.4918633278402417,0.464517446566706,0.28625531914893626,0.35313120182826135,0.45616838087057293,raw_frequencies,raw_frequencies,0.0,0.06221401041251846,False
grouped_cv,1,,1003,0.5,250,moderate,0.24100000000000005,0.32331952660294383,0.3837331582023242,0.23478181818181812,0.2986756973121847,0.4197774510200992,raw_frequencies,raw_frequencies,0.0,0.06221401041251846,False
grouped_cv,1,,1003,0.5,250,none,0.25700000000000006,0.2233236686220606,0.2445173698449406,0.23478181818181812,0.2986756973121847,0.4197774510200992,rr_debiased,raw_frequencies,0.03367633137793946,0.06221401041251846,False
grouped_cv,1,,1003,0.5,250,strong,0.23300000000000004,0.3166266271485375,0.16554607155488194,0.23478181818181812,0.4917069331571215,0.4197774510200992,poststratified,raw_frequencies,0.0674539284451181,0.06221401041251846,False
grouped_cv,1,,1003,0.5,500,moderate,0.1770000000000001,0.35327396439265857,0.23953491513811082,0.23478181818181812,0.2986756973121847,0.3039839819138688,raw_frequencies,raw_frequencies,0.0,0.06221401041251846,False
grouped_cv,1,,1003,0.5,500,none,0.25300000000000006,0.1558298816507358,0.17064566889524022,0.23478181818181812,0.2986756973121847,0.3039839819138688,rr_debiased,raw_frequencies,0.09717011834926426,0.06221401041251846,False
grouped_cv,1,,1003,0.5,500,strong,0.2890000000000001,0.54829881650736,0.4216047538863997,0.21635897435897442,0.3095269420132093,0.3039839819138688,raw_frequencies,raw_frequencies,0.0,0.06221401041251846,False
grouped_cv,1,,1003,0.5,1000,moderate,0.199,0.33912455613897896,0.25785330878590856,0.23478181818181812,0.18322679900142613,0.15742348254400254,raw_frequencies,poststratified,0.058853308785908554,0.06221401041251846,True
grouped_cv,1,,1003,0.5,1000,none,0.23500000000000004,0.2941286981580958,0.2455109365005368,0.23478181818181812,0.18322679900142613,0.15742348254400254,raw_frequencies,poststratified,0.01051093650053675,0.06221401041251846,True
grouped_cv,1,,1003,0.5,1000,strong,0.22400000000000003,0.564103846043395,0.35740779754089175,0.23478181818181812,0.3095269420132093,0.24276284649633248,raw_frequencies,raw_frequencies,0.0,0.06221401041251846,True
grouped_cv,1,,1003,0.5,2000,moderate,0.201,0.282879733662875,0.16801849742390929,0.23478181818181812,0.18322679900142613,0.15742348254400254,poststratified,poststratified,0.0,0.06221401041251846,True
grouped_cv,1,,1003,0.5,2000,none,0.26700000000000007,0.31331538458382713,0.3112229794726718,0.23478181818181812,0.18322679900142613,0.15742348254400254,raw_frequencies,poststratified,0.04422297947267173,0.06221401041251846,True
grouped_cv,1,,1003,0.5,2000,strong,0.24700000000000005,0.13208713018419024,0.20668833618297922,0.21635897435897442,0.3095269420132093,0.24276284649633248,rr_debiased,raw_frequencies,0.11491286981580981,0.06221401041251846,True
grouped_cv,1,,1003,1.0,250,moderate,0.193,0.15868837269009067,0.15148706042388094,0.18361643835616445,0.2791106748914388,0.245644662162246,poststratified,raw_frequencies,0.04151293957611907,0.06221401041251846,True
grouped_cv,1,,1003,1.0,250,none,0.20900000000000002,0.18065581365495453,0.17974492540238587,0.19160377358490566,0.15171666727066804,0.245644662162246,poststratified,rr_debiased,0.000910888252568659,0.06221401041251846,True
grouped_cv,1,,1003,1.0,250,strong,0.20800000000000002,0.31369300564232194,0.16741224237655367,0.2023055555555556,0.2791106748914388,0.245644662162246,poststratified,raw_frequencies,0.04058775762344635,0.06221401041251846,True
grouped_cv,1,,1003,1.0,500,moderate,0.25700000000000006,0.257541857031978,0.25887275600581766,0.18361643835616445,0.15171666727066804,0.12326257696705775,raw_frequencies,poststratified,0.0018727560058175996,0.06221401041251846,True
grouped_cv,1,,1003,1.0,500,none,0.1810000000000001,0.012216266680616122,0.018942951317555023,0.19160377358490566,0.15171666727066804,0.12326257696705775,rr_debiased,poststratified,0.006726684636938901,0.06221401041251846,True
grouped_cv,1,,1003,1.0,500,strong,0.23300000000000004,0.3344279004090015,0.38947568086275225,0.18361643835616445,0.24239725597514458,0.12326257696705775,raw_frequencies,poststratified,0.1564756808627522,0.06221401041251846,True
grouped_cv,1,,1003,1.0,1000,moderate,0.1650000000000001,0.0830348755112518,0.10107366248915295,0.18361643835616445,0.15171666727066804,0.12326257696705775,rr_debiased,poststratified,0.01803878697790115,0.06221401041251846,True
grouped_cv,1,,1003,1.0,1000,none,0.20700000000000007,0.09278604979549943,0.09436591171686709,0.19160377358490566,0.07498551377391478,0.12326257696705775,rr_debiased,rr_debiased,0.0,0.06221401041251846,True
grouped_cv,1,,1003,1.0,1000,strong,0.17000000000000004,0.28074184419502624,0.0489106679941832,0.18361643835616445,0.24239725597514458,0.12326257696705775,poststratified,poststratified,0.0,0.06221401041251846,True
grouped_cv,1,,1003,1.0,2000,moderate,0.1660000000000001,0.0830348755112518,0.06873759118169953,0.18361643835616445,0.15171666727066804,0.12326257696705775,poststratified,poststratified,0.0,0.06221401041251846,True
grouped_cv,1,,1003,1.0,2000,none,0.1700000000000001,0.04242149800730405,0.04361557737075222,0.19160377358490566,0.07498551377391478,0.12326257696705775,rr_debiased,rr_debiased,0.0,0.06221401041251846,True
grouped_cv,1,,1003,1.0,2000,strong,0.20700000000000007,0.265779647393802,0.0717904794542927,0.18361643835616445,0.24239725597514458,0.12326257696705775,poststratified,poststratified,0.0,0.06221401041251846,True
grouped_cv,1,,1003,2.0,250,moderate,0.06400000000000003,0.0893634805258583,0.1002843910548353,0.12342105263157901,0.15171666727066804,0.13502693249326542,raw_frequencies,raw_frequencies,0.0,0.06221401041251846,True
grouped_cv,1,,1003,2.0,250,none,0.04900000000000007,0.06494484392175662,0.06711898186963519,0.12342105263157901,0.15171666727066804,0.13502693249326542,raw_frequencies,raw_frequencies,0.0,0.06221401041251846,True
grouped_cv,1,,1003,2.0,250,strong,0.21600000000000003,0.3362483724716897,0.23382633062906705,0.18618947368421043,0.2791106748914388,0.13502693249326542,raw_frequencies,poststratified,0.017826330629067022,0.06221401041251846,True
grouped_cv,1,,1003,2.0,500,moderate,0.14,0.12434823572503345,0.09986795843937116,0.15035000000000007,0.15171666727066804,0.06580006963722893,poststratified,poststratified,0.0,0.06221401041251846,False
grouped_cv,1,,1003,2.0,500,none,0.037000000000000005,0.08257947906074464,0.08405379133161217,0.0955256410256411,0.07498551377391478,0.06580006963722893,raw_frequencies,poststratified,0.047053791331612166,0.06221401041251846,True
grouped_cv,1,,1003,2.0,500,strong,0.12000000000000005,0.09495717716005359,0.15597547416821242,0.18618947368421043,0.24239725597514458,0.06580006963722893,rr_debiased,poststratified,0.061018297008158834,0.06221401041251846,False
grouped_cv,1,,1003,2.0,1000,moderate,0.162,0.19223218550328802,0.07636592867271805,0.12342105263157901,0.15171666727066804,0.06580006963722893,poststratified,poststratified,0.0,0.06221401041251846,True
grouped_cv,1,,1003,2.0,1000,none,0.11500000000000005,0.04877449472954756,0.04791944458469982,0.0955256410256411,0.07498551377391478,0.06580006963722893,poststratified,poststratified,0.0,0.06221401041251846,True
grouped_cv,1,,1003,2.0,1000,strong,0.19400000000000003,0.20986682064227602,0.09725073194318498,0.18618947368421043,0.24239725597514458,0.06580006963722893,poststratified,poststratified,0.0,0.06221401041251846,False
grouped_cv,1,,1003,2.0,2000,moderate,0.12700000000000003,0.12022409201908715,0.01748351530131964,0.12342105263157901,0.15171666727066804,0.06580006963722893,poststratified,poststratified,0.0,0.06221401041251846,True
grouped_cv,1,,1003,2.0,2000,none,0.0840000000000001,0.05934588030609114,0.06313455153296355,0.0955256410256411,0.07498551377391478,0.06580006963722893,rr_debiased,poststratified,0.003788671226872403,0.06221401041251846,True
grouped_cv,1,,1003,2.0,2000,strong,0.18400000000000002,0.253953408489746,0.050799643994698496,0.18618947368421043,0.24239725597514458,0.06580006963722893,poststratified,poststratified,0.0,0.06221401041251846,False
grouped_cv,0,,1004,0.25,250,moderate,0.2330000000000001,0.37499999999999983,0.4587096910420474,0.26548333333333346,0.64680527520966,0.6508340043616956,raw_frequencies,raw_frequencies,0.0,0.06023493932516752,False
grouped_cv,0,,1004,0.25,250,none,0.29700000000000004,0.35333298662700485,0.6129050719033344,0.26548333333333346,0.64680527520966,0.6508340043616956,raw_frequencies,raw_frequencies,0.0,0.06023493932516752,False
grouped_cv,0,,1004,0.25,250,strong,0.23300000000000004,0.5278528131383285,0.8479197642608918,0.2537142857142857,0.7544993104830561,0.6508340043616956,raw_frequencies,raw_frequencies,0.0,0.06023493932516752,False
grouped_cv,0,,1004,0.25,500,moderate,0.2770000000000001,0.24166597325400913,0.6911093646734543,0.26548333333333346,0.576897831052469,0.6508340043616956,rr_debiased,raw_frequencies,0.035334026745990954,0.06023493932516752,False
grouped_cv,0,,1004,0.25,500,none,0.29700000000000004,0.38041519316477007,0.3940683415439364,0.26548333333333346,0.44850190291492936,0.49199978065521,raw_frequencies,raw_frequencies,0.0,0.06023493932516752,False
grouped_cv,0,,1004,0.25,500,strong,0.197,0.7674266451175084,0.8400000000000001,0.2537142857142857,0.576897831052469,0.8464305101288314,raw_frequencies,raw_frequencies,0.0,0.06023493932516752,False
grouped_cv,0,,1004,0.25,1000,moderate,0.21900000000000008,0.37500000000000006,0.37499999999999994,0.26548333333333346,0.3689799684750319,0.39584993777371746,raw_frequencies,raw_frequencies,0.0,0.06023493932516752,False
grouped_cv,0,,1004,0.25,1000,none,0.24700000000000005,0.2902060364039058,0.2736044635956269,0.26548333333333346,0.325326101291424,0.3359187858697893,raw_frequencies,raw_frequencies,0.0,0.06023493932516752,True
grouped_cv,0,,1004,0.25,1000,strong,0.2690000000000001,0.34291571322426273,0.5394137334343041,0.26548333333333346,0.4186831975459904,0.47724080612831904,raw_frequencies,raw_frequencies,0.0,0.06023493932516752,False
grouped_cv,0,,1004,0.25,2000,moderate,0.2720000000000001,0.5741644130755306,0.39776847685914085,0.26548333333333346,0.23869316740946697,0.2296676567138555,raw_frequencies,poststratified,0.12576847685914078,0.06023493932516752,True
grouped_cv,0,,1004,0.25,2000,none,0.276,0.15791675334324887,0.16078028883482925,0.26548333333333346,0.23869316740946697,0.2296676567138555,rr_debiased,poststratified,0.002863535491580388,0.06023493932516752,True
grouped_cv,0,,1004,0.25,2000,strong,0.24500000000000005,0.3133309063890326,0.3266238362688807,0.26548333333333346,0.4186831975459904,0.47724080612831904,raw_frequencies,raw_frequencies,0.0,0.06023493932516752,False
grouped_cv,0,,1004,0.5,250,moderate,0.28900000000000003,0.7182781064117755,0.7850000000000001,0.2237619047619048,0.29790531436837747,0.3359612325705669,raw_frequencies,raw_frequencies,0.0,0.06023493932516752,False
grouped_cv,0,,1004,0.5,250,none,0.20900000000000007,0.1732905324691263,0.1791670923524838,0.2237619047619048,0.29790531436837747,0.3359612325705669,rr_debiased,raw_frequencies,0.035709467530873784,0.06023493932516752,False
grouped_cv,0,,1004,0.5,250,strong,0.1770000000000001,0.40661834311030387,0.6912527615751466,0.24688235294117652,0.45374546622341244,0.5281497488005071,raw_frequencies,raw_frequencies,0.0,0.06023493932516752,False
grouped_cv,0,,1004,0.5,500,moderate,0.24500000000000005,0.2783236686220607,0.30479363770786616,0.23035384615384613,0.29790531436837747,0.2977169004559276,raw_frequencies,raw_frequencies,0.0,0.06023493932516752,False
grouped_cv,0,,1004,0.5,500,none,0.25300000000000006,0.16583402366985267,0.15639082071296923,0.23035384615384613,0.29790531436837747,0.2977169004559276,poststratified,raw_frequencies,0.09660917928703083,0.06023493932516752,False
grouped_cv,0,,1004,0.5,500,strong,0.24100000000000005,0.3458174555933855,0.4254374032504107,0.23035384615384613,0.30468934723793,0.2977169004559276,raw_frequencies,raw_frequencies,0.0,0.06023493932516752,False
grouped_cv,0,,1004,0.5,1000,moderate,0.2270000000000001,0.12539423072978398,0.04718417865316277,0.25171428571428583,0.18622896246066353,0.20154465170067754,poststratified,rr_debiased,0.07821005207662121,0.06023493932516752,True
grouped_cv,0,,1004,0.5,1000,none,0.25100000000000006,0.11083402366985262,0.12408144737584997,0.23035384615384613,0.18622896246066353,0.20154465170067754,rr_debiased,rr_debiased,0.0,0.06023493932516752,True
grouped_cv,0,,1004,0.5,1000,strong,0.256,0.8003321004430319,0.43406225086003997,0.23035384615384613,0.30468934723793,0.20154465170067754,raw_frequencies,poststratified,0.17806225086003996,0.06023493932516752,True
grouped_cv,0,,1004,0.5,2000,moderate,0.22100000000000003,0.2828797336628751,0.17161405373733352,0.23035384615384613,0.18622896246066353,0.20154465170067754,poststratified,rr_debiased,0.1112656799255416,0.06023493932516752,True
grouped_cv,0,,1004,0.5,2000,none,0.23100000000000004,0.08164319522500446,0.08241115250239206,0.23035384615384613,0.18622896246066353,0.20154465170067754,rr_debiased,rr_debiased,0.0,0.06023493932516752,True
grouped_cv,0,,1004,0.5,2000,strong,0.24000000000000005,0.3795643490790479,0.182104410362333,0.23035384615384613,0.30468934723793,0.20154465170067754,poststratified,poststratified,0.0,0.06023493932516752,True
grouped_cv,0,,1004,1.0,250,moderate,0.24000000000000005,0.3795953285369135,0.3802509574115205,0.19169811320754718,0.1511716796215157,0.25986481189561633,raw_frequencies,rr_debiased,0.13959532853691348,0.06023493932516752,True
grouped_cv,0,,1004,1.0,250,none,0.23300000000000004,0.27942790040900145,0.25521977116641253,0.19169811320754718,0.069512236118267,0.25986481189561633,raw_frequencies,rr_debiased,0.04642790040900141,0.06023493932516752,False
grouped_cv,0,,1004,1.0,250,strong,0.13700000000000007,0.20385580081800297,0.4591110431381379,0.2130263157894737,0.2741222417281689,0.25986481189561633,raw_frequencies,raw_frequencies,0.0,0.06023493932516752,True
grouped_cv,0,,1004,1.0,500,moderate,0.18500000000000005,0.17090463937070705,0.09601475886312644,0.19169811320754718,0.1511716796215157,0.12321341776653892,poststratified,poststratified,0.0,0.06023493932516752,True
grouped_cv,0,,1004,1.0,500,none,0.189,0.09270465220765872,0.09895636956761009,0.19169811320754718,0.069512236118267,0.12321341776653892,rr_debiased,rr_debiased,0.0,0.06023493932516752,True
grouped_cv,0,,1004,1.0,500,strong,0.21600000000000003,0.2904930184792738,0.07926296877590874,0.19169811320754718,0.23500898200175438,0.12321341776653892,poststratified,poststratified,0.0,0.06023493932516752,False
grouped_cv,0,,1004,1.0,1000,moderate,0.13000000000000006,0.2148395213004349,0.16160707480319636,0.18901538461538467,0.1511716796215157,0.12321341776653892,raw_frequencies,poststratified,0.0316070748031963,0.06023493932516752,True
grouped_cv,0,,1004,1.0,1000,none,0.1770000000000001,0.07205115502881992,0.07395441945514541,0.18901538461538467,0.1511716796215157,0.12321341776653892,rr_debiased,poststratified,0.0019032644263254905,0.06023493932516752,True
grouped_cv,0,,1004,1.0,1000,strong,0.196,0.2862337044362422,0.26354633558569146,0.17873417721518994,0.23500898200175438,0.12321341776653892,raw_frequencies,poststratified,0.06754633558569145,0.06023493932516752,True
grouped_cv,0,,1004,1.0,2000,moderate,0.15300000000000008,0.12147789719976354,0.08507250881774797,0.17873417721518994,0.1511716796215157,0.12321341776653892,poststratified,poststratified,0.0,0.06023493932516752,True
grouped_cv,0,,1004,1.0,2000,none,0.21200000000000002,0.08446686184583477,0.08323547861691499,0.18901538461538467,0.069512236118267,0.12321341776653892,poststratified,rr_debiased,0.0012313832289197746,0.06023493932516752,True
grouped_cv,0,,1004,1.0,2000,strong,0.20000000000000007,0.2532825429889465,0.09858724613369116,0.17873417721518994,0.23500898200175438,0.12321341776653892,poststratified,poststratified,0.0,0.06023493932516752,True
grouped_cv,0,,1004,2.0,250,moderate,0.16900000000000004,0.16549571771600546,0.059113434268568577,0.12611235955056177,0.1511716796215157,0.13210957943366053,poststratified,raw_frequencies,0.10988656573143146,0.06023493932516752,True
grouped_cv,0,,1004,2.0,250,none,0.19300000000000006,0.146670777746099,0.11600837124141242,0.09702040816326533,0.1511716796215157,0.13210957943366053,poststratified,raw_frequencies,0.07699162875858764,0.06023493932516752,True
grouped_cv,0,,1004,2.0,250,strong,0.14400000000000004,0.1599020210818101,0.21967738026133032,0.19575000000000006,0.2741222417281689,0.13210957943366053,raw_frequencies,poststratified,0.07567738026133028,0.06023493932516752,False
grouped_cv,0,,1004,2.0,500,moderate,0.096,0.13638917422982616,0.06914271115094978,0.12611235955056177,0.1511716796215157,0.06509802763741829,poststratified,poststratified,0.0,0.06023493932516752,False
grouped_cv,0,,1004,2.0,500,none,0.03200000000000003,0.09433590248673657,0.0949426276448462,0.09702040816326533,0.1511716796215157,0.06509802763741829,raw_frequencies,poststratified,0.06294262764484618,0.06023493932516752,True
grouped_cv,0,,1004,2.0,500,strong,0.11200000000000002,0.15990202108181012,0.1204735663473139,0.19575000000000006,0.2741222417281689,0.06509802763741829,raw_frequencies,poststratified,0.008473566347313888,0.06023493932516752,False
grouped_cv,0,,1004,2.0,1000,moderate,0.13,0.10965270644254349,0.07909035867354547,0.12611235955056177,0.1511716796215157,0.06509802763741829,poststratified,poststratified,0.0,0.06023493932516752,False
grouped_cv,0,,1004,2.0,1000,none,0.20100000000000007,0.15842720117209103,0.16775772517358267,0.09702040816326533,0.1511716796215157,0.06509802763741829,rr_debiased,poststratified,0.009330524001491647,0.06023493932516752,True
grouped_cv,0,,1004,2.0,1000,strong,0.11600000000000002,0.1687193386513041,0.11585729738847439,0.19575000000000006,0.2741222417281689,0.06509802763741829,poststratified,poststratified,0.0,0.06023493932516752,False
grouped_cv,0,,1004,2.0,2000,moderate,0.12700000000000003,0.1599020210818101,0.04751389485521473,0.12611235955056177,0.1511716796215157,0.06509802763741829,poststratified,poststratified,0.0,0.06023493932516752,False
grouped_cv,0,,1004,2.0,2000,none,0.09500000000000003,0.0038448956086156727,0.0046311612938554625,0.09702040816326533,0.069512236118267,0.06509802763741829,rr_debiased,poststratified,0.0007862656852397898,0.06023493932516752,True
grouped_cv,0,,1004,2.0,2000,strong,0.171,0.18341486793379397,0.1031355955731407,0.19575000000000006,0.23500898200175438,0.06509802763741829,poststratified,poststratified,0.0,0.06023493932516752,False
grouped_cv,4,,1005,0.25,250,moderate,0.26500000000000007,0.6283288261510612,0.7131568683333643,0.26168707482993186,0.628097641144134,0.6209057920651021,raw_frequencies,raw_frequencies,0.0,0.05787031560327446,False
grouped_cv,4,,1005,0.25,250,none,0.24100000000000005,0.3133309063890326,0.2822485097883519,0.26168707482993186,0.628097641144134,0.46274247234464405,raw_frequencies,raw_frequencies,0.0,0.05787031560327446,False
grouped_cv,4,,1005,0.25,250,strong,0.2250000000000001,0.3749999999999999,0.8068238111663084,0.26873626373626386,0.7091466167111942,0.7179986100193483,raw_frequencies,raw_frequencies,0.0,0.05787031560327446,False
grouped_cv,4,,1005,0.25,500,moderate,0.24500000000000005,0.24791363298629152,0.3595608140402851,0.26168707482993186,0.5594424293361455,0.6209057920651021,raw_frequencies,raw_frequencies,0.0,0.05787031560327446,False
grouped_cv,4,,1005,0.25,500,none,0.22100000000000003,0.4395960026527576,0.4442883088680101,0.26168707482993186,0.41499312927766147,0.46274247234464405,raw_frequencies,raw_frequencies,0.0,0.05787031560327446,False
grouped_cv,4,,1005,0.25,500,strong,0.325,0.6770811664187791,0.599831151188821,0.26873626373626386,0.5594424293361455,0.8080062573690292,raw_frequencies,raw_frequencies,0.0,0.05787031560327446,False
grouped_cv,4,,1005,0.25,1000,moderate,0.28300000000000003,0.20416649331350245,0.2876724956279899,0.26168707482993186,0.3984613651138653,0.41391483268725404,rr_debiased,raw_frequencies,0.07883350668649758,0.05787031560327446,False
grouped_cv,4,,1005,0.25,1000,none,0.23300000000000004,0.6748160164229109,0.6389146998250679,0.26168707482993186,0.34317399327807163,0.3427978232621979,raw_frequencies,raw_frequencies,0.0,0.05787031560327446,False
grouped_cv,4,,1005,0.25,1000,strong,0.25700000000000006,0.1514568164931451,0.5650707972409256,0.26873626373626386,0.4862001795384184,0.4982196491220802,rr_debiased,raw_frequencies,0.10554318350685496,0.05787031560327446,False
grouped_cv,4,,1005,0.25,2000,moderate,0.26000000000000006,0.2670811664187791,0.2979248542805404,0.26168707482993186,0.24323643779353263,0.21394180591475329,raw_frequencies,poststratified,0.03792485428054032,0.05787031560327446,True
grouped_cv,4,,1005,0.25,2000,none,0.25200000000000006,0.3855176913072299,0.3637363536546927,0.26168707482993186,0.24323643779353263,0.21394180591475329,raw_frequencies,poststratified,0.11173635365469264,0.05787031560327446,True
grouped_cv,4,,1005,0.25,2000,strong,0.269,0.09135431835068542,0.31821532043128886,0.26873626373626386,0.4862001795384184,0.4982196491220802,rr_debiased,raw_frequencies,0.1776456816493146,0.05787031560327446,False
grouped_cv,4,,1005,0.5,250,moderate,0.1610000000000001,0.3749999999999999,0.37499999999999994,0.23541666666666672,0.3145202385840877,0.3232291622795258,raw_frequencies,raw_frequencies,0.0,0.05787031560327446,False
grouped_cv,4,,1005,0.5,250,none,0.24900000000000005,0.13333195266029416,0.1698068692588353,0.23541666666666672,0.3145202385840877,0.3232291622795258,rr_debiased,raw_frequencies,0.1156680473397059,0.05787031560327446,False
grouped_cv,4,,1005,0.5,250,strong,0.321,0.8399999999999999,1.0640384223959514,0.23038135593220344,0.47520417181104346,0.4511992184308143,raw_frequencies,raw_frequencies,0.0,0.05787031560327446,False
grouped_cv,4,,1005,0.5,500,moderate,0.18900000000000006,0.2857801774213344,0.4470455911592852,0.23541666666666672,0.3145202385840877,0.3232291622795258,raw_frequencies,raw_frequencies,0.0,0.05787031560327446,False
grouped_cv,4,,1005,0.5,500,none,0.1770000000000001,0.3532739643926587,0.3429903076611289,0.23541666666666672,0.3145202385840877,0.3232291622795258,raw_frequencies,raw_frequencies,0.0,0.05787031560327446,False
grouped_cv,4,,1005,0.5,500,strong,0.2730000000000001,0.3458174555933855,0.4362137022578851,0.23038135593220344,0.31505265989391806,0.4511992184308143,raw_frequencies,raw_frequencies,0.0,0.05787031560327446,False
grouped_cv,4,,1005,0.5,1000,moderate,0.24900000000000005,0.30082159761250227,0.17834265322734877,0.23541666666666672,0.18041758579691125,0.1619253032255774,poststratified,poststratified,0.0,0.05787031560327446,True
grouped_cv,4,,1005,0.5,1000,none,0.30500000000000005,0.3666597633014721,0.34039760480144293,0.23541666666666672,0.18041758579691125,0.1619253032255774,raw_frequencies,poststratified,0.03539760480144288,0.05787031560327446,True
grouped_cv,4,,1005,0.5,1000,strong,0.24900000000000005,0.23332781064117744,0.24807719311213638,0.23038135593220344,0.31505265989391806,0.25725745013428153,rr_debiased,raw_frequencies,0.015672189358822614,0.05787031560327446,True
grouped_cv,4,,1005,0.5,2000,moderate,0.2390000000000001,0.018529068025186307,0.14263350672099423,0.20617391304347826,0.18041758579691125,0.1619253032255774,rr_debiased,poststratified,0.12410443869580792,0.05787031560327446,True
grouped_cv,4,,1005,0.5,2000,none,0.2300000000000001,0.05517640526930773,0.05339388049607552,0.23541666666666672,0.18041758579691125,0.1619253032255774,poststratified,poststratified,0.0,0.05787031560327446,True
grouped_cv,4,,1005,0.5,2000,strong,0.24200000000000005,0.23332781064117752,0.13300319256733148,0.23038135593220344,0.31505265989391806,0.25725745013428153,poststratified,raw_frequencies,0.10899680743266857,0.05787031560327446,True
grouped_cv,4,,1005,1.0,250,moderate,0.25600000000000006,0.4235302104666412,0.3430688805272376,0.19333333333333333,0.149101016448701,0.2589720383691066,raw_frequencies,rr_debiased,0.16753021046664113,0.05787031560327446,True
grouped_cv,4,,1005,1.0,250,none,0.201,0.24655813654954611,0.19318341704303552,0.19333333333333333,0.149101016448701,0.2589720383691066,poststratified,rr_debiased,0.0533747195065106,0.05787031560327446,True
grouped_cv,4,,1005,1.0,250,strong,0.22400000000000006,0.577302297220688,0.2694091473042478,0.21508333333333338,0.2734083118667221,0.2589720383691066,raw_frequencies,raw_frequencies,0.0,0.05787031560327446,True
grouped_cv,4,,1005,1.0,500,moderate,0.22000000000000003,0.3014767389617057,0.2880666869386619,0.19333333333333333,0.149101016448701,0.12220932397348544,raw_frequencies,poststratified,0.06806668693866186,0.05787031560327446,True
grouped_cv,4,,1005,1.0,500,none,0.15300000000000008,0.08910231005763963,0.07646445741998639,0.19333333333333333,0.06821049518549896,0.12220932397348544,poststratified,rr_debiased,0.01263785263765324,0.05787031560327446,True
grouped_cv,4,,1005,1.0,500,strong,0.201,0.1916395341373865,0.20728523976532276,0.21508333333333338,0.2734083118667221,0.12220932397348544,rr_debiased,poststratified,0.01564570562793627,0.05787031560327446,False
grouped_cv,4,,1005,1.0,1000,moderate,0.193,0.15868837269009067,0.06838785030600586,0.18745312500000014,0.149101016448701,0.12220932397348544,poststratified,poststratified,0.0,0.05787031560327446,True
grouped_cv,4,,1005,1.0,1000,none,0.15300000000000008,0.08910231005763969,0.08268898752481468,0.18745312500000014,0.06821049518549896,0.12220932397348544,poststratified,rr_debiased,0.006413322532825005,0.05787031560327446,True
grouped_cv,4,,1005,1.0,1000,strong,0.18100000000000005,0.1928720803355709,0.2749992804597031,0.17990000000000006,0.2734083118667221,0.12220932397348544,raw_frequencies,poststratified,0.09399928045970307,0.05787031560327446,True
grouped_cv,4,,1005,1.0,2000,moderate,0.21000000000000002,0.2026232546198184,0.11462504657191422,0.17990000000000006,0.149101016448701,0.12220932397348544,poststratified,poststratified,0.0,0.05787031560327446,True
grouped_cv,4,,1005,1.0,2000,none,0.2,0.1201639534137385,0.12166712644642932,0.18745312500000014,0.06821049518549896,0.12220932397348544,rr_debiased,rr_debiased,0.0,0.05787031560327446,True
grouped_cv,4,,1005,1.0,2000,strong,0.21000000000000002,0.260287787152586,0.16058379893156383,0.17990000000000006,0.2734083118667221,0.12220932397348544,poststratified,poststratified,0.0,0.05787031560327446,True
grouped_cv,4,,1005,2.0,250,moderate,0.12100000000000005,0.0949571771600535,0.08550003004661591,0.12822105263157899,0.149101016448701,0.1286678683454808,poststratified,raw_frequencies,0.03549996995338414,0.05787031560327446,True
grouped_cv,4,,1005,2.0,250,none,0.10500000000000004,0.01735012006018724,0.024025465767702897,0.09760215053763449,0.149101016448701,0.1286678683454808,rr_debiased,raw_frequencies,0.0876498799398128,0.05787031560327446,True
grouped_cv,4,,1005,2.0,250,strong,0.263,0.4420561833056175,0.2195333156091804,0.1767567567567568,0.23644675213875183,0.1286678683454808,poststratified,poststratified,0.0,0.05787031560327446,True
grouped_cv,4,,1005,2.0,500,moderate,0.07300000000000004,0.03645957510889439,0.1429384766068432,0.12822105263157899,0.149101016448701,0.06692207343381032,rr_debiased,poststratified,0.10647890149794881,0.05787031560327446,False
grouped_cv,4,,1005,2.0,500,none,0.09200000000000005,0.07172884538687035,0.05974415618651277,0.09760215053763449,0.149101016448701,0.06692207343381032,poststratified,poststratified,0.0,0.05787031560327446,True
grouped_cv,4,,1005,2.0,500,strong,0.22000000000000003,0.2419124699849532,0.028470280738929404,0.1767567567567568,0.23644675213875183,0.06692207343381032,poststratified,poststratified,0.0,0.05787031560327446,False
grouped_cv,4,,1005,2.0,1000,moderate,0.13800000000000004,0.1834148679337941,0.056530341135483,0.12822105263157899,0.149101016448701,0.06692207343381032,poststratified,poststratified,0.0,0.05787031560327446,False
grouped_cv,4,,1005,2.0,1000,none,0.06700000000000003,0.03849289121327448,0.041452814545374306,0.09760215053763449,0.06821049518549896,0.06692207343381032,rr_debiased,poststratified,0.002959923332099823,0.05787031560327446,True
grouped_cv,4,,1005,2.0,1000,strong,0.21000000000000002,0.2272169407024633,0.06572375419582024,0.1767567567567568,0.23644675213875183,0.06692207343381032,poststratified,poststratified,0.0,0.05787031560327446,False
grouped_cv,4,,1005,2.0,2000,moderate,0.094,0.09818079809535218,0.03232890604736316,0.12822105263157899,0.149101016448701,0.06692207343381032,poststratified,poststratified,0.0,0.05787031560327446,False
grouped_cv,4,,1005,2.0,2000,none,0.07800000000000004,0.05115510439138435,0.05824161652399126,0.09760215053763449,0.06821049518549896,0.06692207343381032,rr_debiased,poststratified,0.007086512132606915,0.05787031560327446,True
grouped_cv,4,,1005,2.0,2000,strong,0.18600000000000003,0.214275479427023,0.054514618224289796,0.18933333333333335,0.23644675213875183,0.06692207343381032,poststratified,poststratified,0.0,0.05787031560327446,False
grouped_cv,3,,1006,0.25,250,moderate,0.32900000000000007,0.84,0.20643352534550014,0.2527391304347827,0.5856056675137623,0.6560874585834902,poststratified,raw_frequencies,0.12256647465449994,0.05859938015416227,False
grouped_cv,3,,1006,0.25,250,none,0.329,0.7591633729565449,0.8331847474147452,0.26920359281437123,0.5856056675137623,0.45384765558407714,raw_frequencies,raw_frequencies,0.0,0.05859938015416227,False
grouped_cv,3,,1006,0.25,250,strong,0.26400000000000007,1.1373037253450202,0.8400000000000001,0.2648846153846154,0.7404237089200169,0.8271825474760018,raw_frequencies,raw_frequencies,0.0,0.05859938015416227,False
grouped_cv,3,,1006,0.25,500,moderate,0.3090000000000001,0.6666638930160378,0.6455205175401033,0.26920359281437123,0.5856056675137623,0.6560874585834902,raw_frequencies,raw_frequencies,0.0,0.05859938015416227,False
grouped_cv,3,,1006,0.25,500,none,0.273,0.10291675334324873,0.08169339251633939,0.26920359281437123,0.5856056675137623,0.45384765558407714,poststratified,raw_frequencies,0.19130660748366063,0.05859938015416227,False
grouped_cv,3,,1006,0.25,500,strong,0.25700000000000006,0.17458168647827185,0.6744156063540223,0.2648846153846154,0.4598055476938249,0.6560874585834902,rr_debiased,raw_frequencies,0.08241831352172821,0.05859938015416227,False
grouped_cv,3,,1006,0.25,1000,moderate,0.25900000000000006,0.47520499628492013,0.3370614848607859,0.26920359281437123,0.3933633398915197,0.38786604241651584,raw_frequencies,raw_frequencies,0.0,0.05859938015416227,False
grouped_cv,3,,1006,0.25,1000,none,0.275,0.09895941679061032,0.11911613641081245,0.26920359281437123,0.3933633398915197,0.38786604241651584,rr_debiased,raw_frequencies,0.1760405832093897,0.05859938015416227,False
grouped_cv,3,,1006,0.25,1000,strong,0.32300000000000006,0.7504131129267986,0.7850000000000001,0.2527391304347827,0.430010578876862,0.4720044050627425,raw_frequencies,raw_frequencies,0.0,0.05859938015416227,False
grouped_cv,3,,1006,0.25,2000,moderate,0.2690000000000001,0.18385379829119217,0.2849914922291964,0.26920359281437123,0.26479032317964313,0.4720044050627425,rr_debiased,rr_debiased,0.0,0.05859938015416227,True
grouped_cv,3,,1006,0.25,2000,none,0.276,0.14635431835068538,0.1342602764636945,0.26920359281437123,0.26479032317964313,0.24890459608232623,poststratified,poststratified,0.0,0.05859938015416227,True
grouped_cv,3,,1006,0.25,2000,strong,0.2760000000000001,0.3082284082465725,0.37499999999999983,0.29595652173913045,0.430010578876862,0.4720044050627425,raw_frequencies,raw_frequencies,0.0,0.05859938015416227,False
grouped_cv,3,,1006,0.5,250,moderate,0.20100000000000007,0.21828639045000947,0.21332783050858228,0.2357767857142856,0.28788710140392404,0.3170783706447909,raw_frequencies,raw_frequencies,0.0,0.05859938015416227,True
grouped_cv,3,,1006,0.5,250,none,0.19300000000000006,0.2716307691676545,0.20549223852412646,0.2357767857142856,0.28788710140392404,0.3170783706447909,raw_frequencies,raw_frequencies,0.0,0.05859938015416227,True
grouped_cv,3,,1006,0.5,250,strong,0.11300000000000004,0.37499999999999994,0.37500000000000006,0.22000000000000006,0.39310042879118584,0.48328754834694115,raw_frequencies,raw_frequencies,0.0,0.05859938015416227,False
grouped_cv,3,,1006,0.5,500,moderate,0.14900000000000008,0.37499999999999994,0.375,0.2357767857142856,0.28788710140392404,0.3170783706447909,raw_frequencies,raw_frequencies,0.0,0.05859938015416227,True
grouped_cv,3,,1006,0.5,500,none,0.26500000000000007,0.3683153845838272,0.345158205519034,0.2357767857142856,0.28788710140392404,0.3170783706447909,raw_frequencies,raw_frequencies,0.0,0.05859938015416227,True
grouped_cv,3,,1006,0.5,500,strong,0.23700000000000004,0.33912455613897896,0.4767869825178764,0.24791666666666667,0.39310042879118584,0.48328754834694115,raw_frequencies,raw_frequencies,0.0,0.05859938015416227,False
grouped_cv,3,,1006,0.5,1000,moderate,0.1690000000000001,0.37499999999999994,0.3122581180818903,0.2357767857142856,0.18717700548662056,0.16501819813781474,raw_frequencies,poststratified,0.1432581180818902,0.05859938015416227,True
grouped_cv,3,,1006,0.5,1000,none,0.24900000000000005,0.05168875743528972,0.04067369347341476,0.2357767857142856,0.18717700548662056,0.16501819813781474,poststratified,poststratified,0.0,0.05859938015416227,True
grouped_cv,3,,1006,0.5,1000,strong,0.22500000000000003,0.14913698219632934,0.3637878770781848,0.24791666666666667,0.39310042879118584,0.25104461916823834,rr_debiased,raw_frequencies,0.07586301780367069,0.05859938015416227,True
grouped_cv,3,,1006,0.5,2000,moderate,0.24700000000000005,0.37393986683143754,0.26129307473264507,0.2357767857142856,0.18717700548662056,0.16501819813781474,raw_frequencies,poststratified,0.014293074732645017,0.05859938015416227,True
grouped_cv,3,,1006,0.5,2000,none,0.22200000000000003,0.3009980028818101,0.27498828675786346,0.2357767857142856,0.18717700548662056,0.16501819813781474,raw_frequencies,poststratified,0.052988286757863434,0.05859938015416227,True
grouped_cv,3,,1006,0.5,2000,strong,0.202,0.37287144962464136,0.19956997592954248,0.2357767857142856,0.22501007145567284,0.25104461916823834,poststratified,rr_debiased,0.17330147369509888,0.05859938015416227,True
grouped_cv,3,,1006,1.0,250,moderate,0.12100000000000005,0.17697207391709502,0.14206476681146663,0.19100000000000003,0.1521874241904391,0.24216393636251954,raw_frequencies,rr_debiased,0.05597207391709497,0.05859938015416227,True
grouped_cv,3,,1006,1.0,250,none,0.22500000000000003,0.2574604594441376,0.23066496037019807,0.19100000000000003,0.1521874241904391,0.24216393636251954,raw_frequencies,rr_debiased,0.03246045944413756,0.05859938015416227,True
grouped_cv,3,,1006,1.0,250,strong,0.06400000000000003,0.3746790426008695,0.37499999999999994,0.2105660377358491,0.25706708635470565,0.24216393636251954,raw_frequencies,raw_frequencies,0.0,0.05859938015416227,True
grouped_cv,3,,1006,1.0,500,moderate,0.12100000000000005,0.17697207391709502,0.12612515791754902,0.19100000000000003,0.1989650132782184,0.12474591621216383,raw_frequencies,poststratified,0.0051251579175489725,0.05859938015416227,False
grouped_cv,3,,1006,1.0,500,none,0.15300000000000008,0.10500231647611563,0.13789376149693905,0.19100000000000003,0.1521874241904391,0.12474591621216383,rr_debiased,poststratified,0.03289144502082342,0.05859938015416227,True
grouped_cv,3,,1006,1.0,500,strong,0.23600000000000004,0.3454116208914334,0.15958082999273693,0.2105660377358491,0.25706708635470565,0.12474591621216383,poststratified,poststratified,0.0,0.05859938015416227,False
grouped_cv,3,,1006,1.0,1000,moderate,0.21700000000000003,0.12024535100157893,0.059897607855110696,0.1816666666666667,0.1521874241904391,0.12474591621216383,poststratified,poststratified,0.0,0.05859938015416227,True
grouped_cv,3,,1006,1.0,1000,none,0.20500000000000007,0.05368605621397515,0.05548580579259227,0.1871363636363637,0.07230945622759828,0.12474591621216383,rr_debiased,rr_debiased,0.0,0.05859938015416227,True
grouped_cv,3,,1006,1.0,1000,strong,0.15100000000000008,0.15992091888827528,0.11376300805174808,0.1816666666666667,0.25706708635470565,0.12474591621216383,poststratified,poststratified,0.0,0.05859938015416227,True
grouped_cv,3,,1006,1.0,2000,moderate,0.20600000000000007,0.10651570039853922,0.13512166273325443,0.1816666666666667,0.1521874241904391,0.12474591621216383,rr_debiased,poststratified,0.028605962334715213,0.05859938015416227,True
grouped_cv,3,,1006,1.0,2000,none,0.20800000000000007,0.061923846575799024,0.061112442596971905,0.1871363636363637,0.07230945622759828,0.12474591621216383,poststratified,rr_debiased,0.0008114039788271188,0.05859938015416227,True
grouped_cv,3,,1006,1.0,2000,strong,0.15700000000000003,0.2450447526271226,0.053418212150335403,0.1816666666666667,0.25706708635470565,0.12474591621216383,poststratified,poststratified,0.0,0.05859938015416227,True
grouped_cv,3,,1006,2.0,250,moderate,0.12800000000000006,0.23044056163776197,0.12963385708332265,0.13114606741573037,0.1521874241904391,0.13767314851000326,raw_frequencies,raw_frequencies,0.0,0.05859938015416227,True
grouped_cv,3,,1006,2.0,250,none,0.08900000000000005,0.010850633673874288,0.0145403761915604,0.0990102040816327,0.1521874241904391,0.13767314851000326,rr_debiased,raw_frequencies,0.07814936632612576,0.05859938015416227,True
grouped_cv,3,,1006,2.0,250,strong,0.25600000000000006,0.29481637540191724,0.23887753928854694,0.1878133333333334,0.25706708635470565,0.13767314851000326,poststratified,poststratified,0.0,0.05859938015416227,True
grouped_cv,3,,1006,2.0,500,moderate,0.08400000000000005,0.08936348052585827,0.07130627079567892,0.13114606741573037,0.1521874241904391,0.06392626466451415,poststratified,poststratified,0.0,0.05859938015416227,False
grouped_cv,3,,1006,2.0,500,none,0.14100000000000007,0.07025402547715132,0.07282592385708295,0.0990102040816327,0.07230945622759828,0.06392626466451415,rr_debiased,poststratified,0.002571898379931631,0.05859938015416227,True
grouped_cv,3,,1006,2.0,500,strong,0.23200000000000004,0.2595471051239412,0.12721685697148188,0.1878133333333334,0.25706708635470565,0.06392626466451415,poststratified,poststratified,0.0,0.05859938015416227,False
grouped_cv,3,,1006,2.0,1000,moderate,0.14400000000000002,0.13022644743802944,0.02655257102051775,0.13114606741573037,0.1521874241904391,0.06392626466451415,poststratified,poststratified,0.0,0.05859938015416227,False
grouped_cv,3,,1006,2.0,1000,none,0.06500000000000003,0.041431997069772686,0.047715383576248105,0.0990102040816327,0.07230945622759828,0.06392626466451415,rr_debiased,poststratified,0.006283386506475419,0.05859938015416227,True
grouped_cv,3,,1006,2.0,1000,strong,0.2,0.30391820805021175,0.05123930531908302,0.1878133333333334,0.25706708635470565,0.06392626466451415,poststratified,poststratified,0.0,0.05859938015416227,False
grouped_cv,3,,1006,2.0,2000,moderate,0.10000000000000006,0.08201571588461326,0.055972925674803414,0.13114606741573037,0.1521874241904391,0.06392626466451415,poststratified,poststratified,0.0,0.05859938015416227,False
grouped_cv,3,,1006,2.0,2000,none,0.10900000000000004,0.04793148345608558,0.05065895122112063,0.0990102040816327,0.07230945622759828,0.06392626466451415,rr_debiased,poststratified,0.0027274677650350465,0.05859938015416227,True
grouped_cv,3,,1006,2.0,2000,strong,0.168,0.208397267714027,0.06933261800293064,0.1878133333333334,0.25706708635470565,0.06392626466451415,poststratified,poststratified,0.0,0.05859938015416227,False
grouped_cv,2,,1007,0.25,250,moderate,0.15300000000000008,0.40398930190516646,0.4764785899714638,0.2818333333333334,0.7102980625710203,0.8506242342470567,raw_frequencies,raw_frequencies,0.0,0.05880112746507657,False
grouped_cv,2,,1007,0.25,250,none,0.20900000000000007,0.3749999999999999,0.375,0.2818333333333334,0.5928140355112443,0.6192250145099641,raw_frequencies,raw_frequencies,0.0,0.05880112746507657,False
grouped_cv,2,,1007,0.25,250,strong,0.32100000000000006,0.7849999999999999,0.6348576576992682,0.26869444444444446,0.7102980625710203,0.8506242342470567,raw_frequencies,raw_frequencies,0.0,0.05880112746507657,False
grouped_cv,2,,1007,0.25,500,moderate,0.341,0.8620801262997935,1.0075791393125182,0.26284615384615384,0.4226498820564081,0.49405398003268597,raw_frequencies,raw_frequencies,0.0,0.05880112746507657,False
grouped_cv,2,,1007,0.25,500,none,0.25300000000000006,0.3133309063890326,0.25108120653478605,0.2716764705882354,0.4226498820564081,0.49405398003268597,poststratified,raw_frequencies,0.0019187934652140082,0.05880112746507657,False
grouped_cv,2,,1007,0.25,500,strong,0.20900000000000002,0.725706192606981,0.4370596035577334,0.26284615384615384,0.6017664854446568,0.6947714324068957,raw_frequencies,raw_frequencies,0.0,0.05880112746507657,False
grouped_cv,2,,1007,0.25,1000,moderate,0.2270000000000001,0.37499999999999994,0.37499999999999983,0.26284615384615384,0.4226498820564081,0.27986257679975934,raw_frequencies,raw_frequencies,0.0,0.05880112746507657,True
grouped_cv,2,,1007,0.25,1000,none,0.28300000000000003,0.19145889673111727,0.1921854833527346,0.26284615384615384,0.4226498820564081,0.27986257679975934,rr_debiased,raw_frequencies,0.09154110326888276,0.05880112746507657,True
grouped_cv,2,,1007,0.25,1000,strong,0.29100000000000004,0.28395837667162455,0.5894956429657339,0.26284615384615384,0.6017664854446568,0.3916339244191131,rr_debiased,raw_frequencies,0.00704162332837549,0.05880112746507657,False
grouped_cv,2,,1007,0.25,2000,moderate,0.23700000000000004,0.613954216195681,0.4456798220601671,0.26284615384615384,0.36691495543028463,0.37193983908747863,raw_frequencies,raw_frequencies,0.0,0.05880112746507657,False
grouped_cv,2,,1007,0.25,2000,none,0.276,0.1607289283060657,0.17304679490068334,0.2716764705882354,0.24972088162441802,0.27986257679975934,rr_debiased,rr_debiased,0.0,0.05880112746507657,True
grouped_cv,2,,1007,0.25,2000,strong,0.256,0.12072684806809422,0.23995780615209122,0.26284615384615384,0.36691495543028463,0.5359802078740358,rr_debiased,raw_frequencies,0.13527315193190578,0.05880112746507657,False
grouped_cv,2,,1007,0.5,250,moderate,0.13600000000000007,0.4351510655944263,0.37500000000000006,0.23260176991150436,0.2977325670040637,0.32508421094106466,raw_frequencies,raw_frequencies,0.0,0.05880112746507657,False
grouped_cv,2,,1007,0.5,250,none,0.21700000000000003,0.22663491118677104,0.25239489515138963,0.23260176991150436,0.2977325670040637,0.32508421094106466,raw_frequencies,raw_frequencies,0.0,0.05880112746507657,False
grouped_cv,2,,1007,0.5,250,strong,0.32100000000000006,0.4583071005455934,0.5613667841433121,0.23260176991150436,0.4785360240085201,0.32508421094106466,raw_frequencies,raw_frequencies,0.0,0.05880112746507657,False
grouped_cv,2,,1007,0.5,500,moderate,0.313,0.41165562128235483,0.46839025176119786,0.23260176991150436,0.2977325670040637,0.32508421094106466,raw_frequencies,raw_frequencies,0.0,0.05880112746507657,False
grouped_cv,2,,1007,0.5,500,none,0.26500000000000007,0.35831124256471036,0.3507870175039218,0.23260176991150436,0.2977325670040637,0.32508421094106466,raw_frequencies,raw_frequencies,0.0,0.05880112746507657,False
grouped_cv,2,,1007,0.5,500,strong,0.21300000000000002,0.47411213008162856,0.35161761486280607,0.2164583333333334,0.3154456982385197,0.4590595856705373,raw_frequencies,raw_frequencies,0.0,0.05880112746507657,False
grouped_cv,2,,1007,0.5,1000,moderate,0.2350000000000001,0.08039837274890074,0.09187455897817629,0.23260176991150436,0.188078003237553,0.17594031854817893,rr_debiased,poststratified,0.011476186229275542,0.05880112746507657,True
grouped_cv,2,,1007,0.5,1000,none,0.24700000000000005,0.200825739631619,0.20096308892076603,0.23260176991150436,0.188078003237553,0.17594031854817893,rr_debiased,poststratified,0.00013734928914702071,0.05880112746507657,True
grouped_cv,2,,1007,0.5,1000,strong,0.22900000000000004,0.3841204141198622,0.3644698452799496,0.2164583333333334,0.3154456982385197,0.26356966519792724,raw_frequencies,raw_frequencies,0.0,0.05880112746507657,True
grouped_cv,2,,1007,0.5,2000,moderate,0.23700000000000004,0.12539423072978376,0.022567802237195622,0.23260176991150436,0.188078003237553,0.17594031854817893,poststratified,poststratified,0.0,0.05880112746507657,True
grouped_cv,2,,1007,0.5,2000,none,0.2230000000000001,0.11976974848217353,0.11013105414849378,0.23260176991150436,0.188078003237553,0.17594031854817893,poststratified,poststratified,0.0,0.05880112746507657,True
grouped_cv,2,,1007,0.5,2000,strong,0.21800000000000008,0.12539423072978406,0.34549743882277617,0.2463684210526315,0.3154456982385197,0.17594031854817893,rr_debiased,poststratified,0.2201032080929921,0.05880112746507657,False
grouped_cv,2,,1007,1.0,250,moderate,0.1610000000000001,0.10492091888827526,0.11292403631235143,0.19402970297029698,0.14866489982601522,0.21381967712915598,rr_debiased,rr_debiased,0.0,0.05880112746507657,True
grouped_cv,2,,1007,1.0,250,none,0.26400000000000007,0.4222976642684569,0.44587469069101454,0.19402970297029698,0.07636525262718091,0.21381967712915598,raw_frequencies,rr_debiased,0.15829766426845682,0.05880112746507657,False
grouped_cv,2,,1007,1.0,250,strong,0.19200000000000006,0.2477906827477305,0.26204211822984547,0.19402970297029698,0.2050635772145263,0.21381967712915598,raw_frequencies,raw_frequencies,0.0,0.05880112746507657,True
grouped_cv,2,,1007,1.0,500,moderate,0.16399999999999998,0.34664416708961776,0.24111127625228393,0.19402970297029698,0.14866489982601522,0.21381967712915598,raw_frequencies,rr_debiased,0.18264416708961778,0.05880112746507657,True
grouped_cv,2,,1007,1.0,500,none,0.1850000000000001,0.02803487551125175,0.04849693886263773,0.19402970297029698,0.07636525262718091,0.21381967712915598,rr_debiased,rr_debiased,0.0,0.05880112746507657,False
grouped_cv,2,,1007,1.0,500,strong,0.236,0.3454116208914334,0.07775301181161862,0.21006976744186048,0.25852973780059246,0.21381967712915598,poststratified,raw_frequencies,0.15824698818838137,0.05880112746507657,True
grouped_cv,2,,1007,1.0,1000,moderate,0.15400000000000003,0.22582324178286667,0.08742868286208688,0.181308510638298,0.14866489982601522,0.0977455233015351,poststratified,poststratified,0.0,0.05880112746507657,True
grouped_cv,2,,1007,1.0,1000,none,0.1650000000000001,0.13795347792341142,0.14700323518097352,0.1911800000000001,0.07636525262718091,0.0977455233015351,rr_debiased,rr_debiased,0.0,0.05880112746507657,True
grouped_cv,2,,1007,1.0,1000,strong,0.16399999999999998,0.33566044660718586,0.2838147810883666,0.181308510638298,0.25852973780059246,0.0977455233015351,raw_frequencies,poststratified,0.11981478108836663,0.05880112746507657,False
grouped_cv,2,,1007,1.0,2000,moderate,0.17700000000000005,0.17365056949131505,0.11801126762179853,0.181308510638298,0.14866489982601522,0.0977455233015351,poststratified,poststratified,0.0,0.05880112746507657,True
grouped_cv,2,,1007,1.0,2000,none,0.18800000000000006,0.06258081846881153,0.06018136538322999,0.1911800000000001,0.07636525262718091,0.0977455233015351,poststratified,rr_debiased,0.0023994530855815377,0.05880112746507657,True
grouped_cv,2,,1007,1.0,2000,strong,0.189,0.1916395341373865,0.10134588332405942,0.181308510638298,0.25852973780059246,0.0977455233015351,poststratified,poststratified,0.0,0.05880112746507657,False
grouped_cv,2,,1007,2.0,250,moderate,0.15200000000000005,0.17165844450780213,0.047740346137820217,0.1274666666666667,0.14866489982601522,0.1060669319895659,poststratified,poststratified,0.0,0.05880112746507657,True
grouped_cv,2,,1007,2.0,250,none,0.06500000000000003,0.041431997069772686,0.03937802733994206,0.09870408163265308,0.07636525262718091,0.1060669319895659,poststratified,rr_debiased,0.002053969729830629,0.05880112746507657,True
grouped_cv,2,,1007,2.0,250,strong,0.24000000000000005,0.2713035285499332,0.41073759811559485,0.17180000000000006,0.25852973780059246,0.1060669319895659,raw_frequencies,poststratified,0.1707375981155948,0.05880112746507657,False
grouped_cv,2,,1007,2.0,500,moderate,0.14800000000000005,0.14226738594282223,0.027828759641804313,0.1274666666666667,0.14866489982601522,0.1060669319895659,poststratified,poststratified,0.0,0.05880112746507657,True
grouped_cv,2,,1007,2.0,500,none,0.11200000000000002,0.15990202108181012,0.15826121657813874,0.09870408163265308,0.07636525262718091,0.1060669319895659,raw_frequencies,rr_debiased,0.0479020210818101,0.05880112746507657,True
grouped_cv,2,,1007,2.0,500,strong,0.21600000000000005,0.24219698506375403,0.1380503867861115,0.17180000000000006,0.25852973780059246,0.1060669319895659,poststratified,poststratified,0.0,0.05880112746507657,False
grouped_cv,2,,1007,2.0,1000,moderate,0.12400000000000003,0.16871933865130412,0.05871375929490577,0.1274666666666667,0.14866489982601522,0.056970792767847195,poststratified,poststratified,0.0,0.05880112746507657,False
grouped_cv,2,,1007,2.0,1000,none,0.07100000000000004,0.05409421024788236,0.0529067282846796,0.09870408163265308,0.07636525262718091,0.056970792767847195,poststratified,poststratified,0.0,0.05880112746507657,True
grouped_cv,2,,1007,2.0,1000,strong,0.13800000000000004,0.15990202108181012,0.1058390155133418,0.18645714285714285,0.25852973780059246,0.056970792767847195,poststratified,poststratified,0.0,0.05880112746507657,False
grouped_cv,2,,1007,2.0,2000,moderate,0.12700000000000003,0.13491962130157711,0.01976333431921959,0.1274666666666667,0.14866489982601522,0.056970792767847195,poststratified,poststratified,0.0,0.05880112746507657,False
grouped_cv,2,,1007,2.0,2000,none,0.07200000000000004,0.05703331610438028,0.045408990240181135,0.09870408163265308,0.07636525262718091,0.056970792767847195,poststratified,poststratified,0.0,0.05880112746507657,True
grouped_cv,2,,1007,2.0,2000,strong,0.17600000000000002,0.21868413821176996,0.08685465893631183,0.18645714285714285,0.25852973780059246,0.056970792767847195,poststratified,poststratified,0.0,0.05880112746507657,False
grouped_cv,1,,1008,0.25,250,moderate,0.23300000000000004,1.2149999999999999,1.0217022017252435,0.2509333333333333,0.6196918763828246,0.6463860164844247,raw_frequencies,raw_frequencies,0.0,0.06221401041251846,False
grouped_cv,1,,1008,0.25,250,none,0.313,0.5383319465080183,0.44077716408384565,0.2674285714285716,0.6196918763828246,0.6463860164844247,raw_frequencies,raw_frequencies,0.0,0.06221401041251846,False
grouped_cv,1,,1008,0.25,250,strong,0.19300000000000006,0.37500000000000006,0.47476638665156956,0.2509333333333333,0.6196918763828246,0.8728866250657684,raw_frequencies,raw_frequencies,0.0,0.06221401041251846,False
grouped_cv,1,,1008,0.25,500,moderate,0.24100000000000005,0.3508303863295398,0.37500000000000006,0.2674285714285716,0.5488129831991254,0.6463860164844247,raw_frequencies,raw_frequencies,0.0,0.06221401041251846,False
grouped_cv,1,,1008,0.25,500,none,0.36500000000000005,1.139578566121315,1.1591886954285386,0.2674285714285716,0.5488129831991254,0.6463860164844247,raw_frequencies,raw_frequencies,0.0,0.06221401041251846,False
grouped_cv,1,,1008,0.25,500,strong,0.23300000000000004,1.04266882956124,0.21627788132121573,0.25731034482758625,0.5488129831991254,0.8728866250657684,poststratified,raw_frequencies,0.016722118678784315,0.06221401041251846,False
grouped_cv,1,,1008,0.25,1000,moderate,0.26300000000000007,0.17458168647827185,0.2341099064648354,0.2674285714285716,0.3839925971209852,0.39052976042137744,rr_debiased,raw_frequencies,0.08841831352172821,0.06221401041251846,False
grouped_cv,1,,1008,0.25,1000,none,0.23700000000000004,0.34041311292679843,0.34503560687123785,0.2674285714285716,0.3839925971209852,0.39052976042137744,raw_frequencies,raw_frequencies,0.0,0.06221401041251846,False
grouped_cv,1,,1008,0.25,1000,strong,0.24300000000000005,0.3595806463592862,0.32485919125016627,0.28625531914893626,0.4873976164586752,0.5340414499897754,raw_frequencies,raw_frequencies,0.0,0.06221401041251846,False
grouped_cv,1,,1008,0.25,2000,moderate,0.25800000000000006,0.5098923012626103,0.46218388291459933,0.2674285714285716,0.35313120182826135,0.2907141058384489,raw_frequencies,raw_frequencies,0.0,0.06221401041251846,True
grouped_cv,1,,1008,0.25,2000,none,0.2690000000000001,0.2504162332837556,0.2290939903471999,0.2674285714285716,0.24066543239213664,0.2907141058384489,poststratified,rr_debiased,0.021322242936555713,0.06221401041251846,True
grouped_cv,1,,1008,0.25,2000,strong,0.2730000000000001,0.5741644130755307,0.42670713219767054,0.2509333333333333,0.35313120182826135,0.2907141058384489,raw_frequencies,raw_frequencies,0.0,0.06221401041251846,True
grouped_cv,1,,1008,0.5,250,moderate,0.21700000000000008,0.12829467448824297,0.2118531863469648,0.23478181818181812,0.2986756973121847,0.4197774510200992,rr_debiased,raw_frequencies,0.08870532551175711,0.06221401041251846,False
grouped_cv,1,,1008,0.5,250,none,0.26500000000000007,0.4133112425647104,0.45388676659161986,0.23478181818181812,0.2986756973121847,0.4197774510200992,raw_frequencies,raw_frequencies,0.0,0.06221401041251846,False
grouped_cv,1,,1008,0.5,250,strong,0.31300000000000006,0.4116556212823551,0.5007804364168946,0.23478181818181812,0.4917069331571215,0.4197774510200992,raw_frequencies,raw_frequencies,0.0,0.06221401041251846,False
grouped_cv,1,,1008,0.5,500,moderate,0.25300000000000006,0.16583402366985267,0.1978669065435913,0.23478181818181812,0.2986756973121847,0.3039839819138688,rr_debiased,raw_frequencies,0.08716597633014739,0.06221401041251846,False
grouped_cv,1,,1008,0.5,500,none,0.30100000000000005,0.3441618343110305,0.34804460806799736,0.23478181818181812,0.2986756973121847,0.3039839819138688,raw_frequencies,raw_frequencies,0.0,0.06221401041251846,False
grouped_cv,1,,1008,0.5,500,strong,0.2290000000000001,0.09164733724412155,0.21309033721680176,0.23478181818181812,0.3095269420132093,0.3039839819138688,rr_debiased,raw_frequencies,0.13735266275587854,0.06221401041251846,False
grouped_cv,1,,1008,0.5,1000,moderate,0.23500000000000004,0.15914112421544618,0.09355783666948422,0.23478181818181812,0.18322679900142613,0.24276284649633248,poststratified,rr_debiased,0.06558328754596196,0.06221401041251846,True
grouped_cv,1,,1008,0.5,1000,none,0.2430000000000001,0.030846449727203296,0.03638165768898266,0.23478181818181812,0.18322679900142613,0.15742348254400254,rr_debiased,poststratified,0.005535207961779365,0.06221401041251846,True
grouped_cv,1,,1008,0.5,1000,strong,0.22700000000000004,0.30537766265331656,0.2372402311850651,0.21635897435897442,0.3095269420132093,0.24276284649633248,raw_frequencies,raw_frequencies,0.0,0.06221401041251846,True
grouped_cv,1,,1008,0.5,2000,moderate,0.2290000000000001,0.060800887516918145,0.2747716001942033,0.23478181818181812,0.18322679900142613,0.24276284649633248,rr_debiased,rr_debiased,0.0,0.06221401041251846,True
grouped_cv,1,,1008,0.5,2000,none,0.2260000000000001,0.12539423072978392,0.11513259442012994,0.23478181818181812,0.18322679900142613,0.15742348254400254,poststratified,poststratified,0.0,0.06221401041251846,True
grouped_cv,1,,1008,0.5,2000,strong,0.19300000000000006,0.26328224843089276,0.11727015248022707,0.2454827586206897,0.3095269420132093,0.24276284649633248,poststratified,poststratified,0.0,0.06221401041251846,True
grouped_cv,1,,1008,1.0,250,moderate,0.15300000000000008,0.11598603695854753,0.01656951753234412,0.18361643835616445,0.15171666727066804,0.245644662162246,poststratified,rr_debiased,0.09941651942620341,0.06221401041251846,True
grouped_cv,1,,1008,1.0,250,none,0.15300000000000002,0.19279068274773045,0.2136067785330392,0.19160377358490566,0.15171666727066804,0.245644662162246,raw_frequencies,rr_debiased,0.03979068274773043,0.06221401041251846,True
grouped_cv,1,,1008,1.0,250,strong,0.15300000000000008,0.13795347792341145,0.23742240667737208,0.18361643835616445,0.2791106748914388,0.245644662162246,rr_debiased,raw_frequencies,0.015046522076588631,0.06221401041251846,True
grouped_cv,1,,1008,1.0,500,moderate,0.19300000000000006,0.09278604979549934,0.08709376569006069,0.18361643835616445,0.15171666727066804,0.12326257696705775,poststratified,poststratified,0.0,0.06221401041251846,True
grouped_cv,1,,1008,1.0,500,none,0.24900000000000005,0.20254185703197797,0.2054846386068962,0.19160377358490566,0.15171666727066804,0.12326257696705775,rr_debiased,poststratified,0.0029427815749182296,0.06221401041251846,True
grouped_cv,1,,1008,1.0,500,strong,0.24500000000000005,0.31246045944413764,0.41098205402746235,0.18361643835616445,0.24239725597514458,0.12326257696705775,raw_frequencies,poststratified,0.1659820540274623,0.06221401041251846,True
grouped_cv,1,,1008,1.0,1000,moderate,0.191,0.21909883534346625,0.15720056857930453,0.19160377358490566,0.15171666727066804,0.12326257696705775,poststratified,poststratified,0.0,0.06221401041251846,True
grouped_cv,1,,1008,1.0,1000,none,0.19100000000000006,0.03237558714212371,0.04462177919385485,0.19160377358490566,0.07498551377391478,0.12326257696705775,rr_debiased,rr_debiased,0.0,0.06221401041251846,True
grouped_cv,1,,1008,1.0,1000,strong,0.18400000000000005,0.26975812371259433,0.06144835697937978,0.18361643835616445,0.24239725597514458,0.12326257696705775,poststratified,poststratified,0.0,0.06221401041251846,True
grouped_cv,1,,1008,1.0,2000,moderate,0.19200000000000006,0.0433593076245557,0.11003585379507644,0.18361643835616445,0.15171666727066804,0.12326257696705775,rr_debiased,poststratified,0.06667654617052074,0.06221401041251846,True
grouped_cv,1,,1008,1.0,2000,none,0.15600000000000008,0.0967645261142917,0.0972415740170555,0.19160377358490566,0.07498551377391478,0.12326257696705775,rr_debiased,rr_debiased,0.0,0.06221401041251846,True
grouped_cv,1,,1008,1.0,2000,strong,0.17900000000000005,0.23406103214469062,0.13805488816491054,0.18361643835616445,0.24239725597514458,0.12326257696705775,poststratified,poststratified,0.0,0.06221401041251846,True
grouped_cv,1,,1008,2.0,250,moderate,0.184,0.18900856456798923,0.054313013850772696,0.15035000000000007,0.2791106748914388,0.13502693249326542,poststratified,poststratified,0.0,0.06221401041251846,True
grouped_cv,1,,1008,2.0,250,none,0.08800000000000002,0.14814559765581808,0.11377862865852773,0.12342105263157901,0.15171666727066804,0.13502693249326542,raw_frequencies,raw_frequencies,0.0,0.06221401041251846,True
grouped_cv,1,,1008,2.0,250,strong,0.12800000000000003,0.1128763273778422,0.215193881033322,0.18618947368421043,0.2791106748914388,0.13502693249326542,rr_debiased,poststratified,0.10231755365547979,0.06221401041251846,True
grouped_cv,1,,1008,2.0,500,moderate,0.088,0.11287632737784217,0.07034807521897604,0.15035000000000007,0.15171666727066804,0.06580006963722893,poststratified,poststratified,0.0,0.06221401041251846,False
grouped_cv,1,,1008,2.0,500,none,0.09300000000000005,0.04233778682189035,0.03479124219381771,0.0955256410256411,0.07498551377391478,0.06580006963722893,poststratified,poststratified,0.0,0.06221401041251846,True
grouped_cv,1,,1008,2.0,500,strong,0.20400000000000004,0.27746625534173,0.03767752340922986,0.18618947368421043,0.24239725597514458,0.06580006963722893,poststratified,poststratified,0.0,0.06221401041251846,False
grouped_cv,1,,1008,2.0,1000,moderate,0.13000000000000003,0.11581543323434024,0.019351549414642122,0.15035000000000007,0.15171666727066804,0.06580006963722893,poststratified,poststratified,0.0,0.06221401041251846,False
grouped_cv,1,,1008,2.0,1000,none,0.061000000000000026,0.04731020878276873,0.044996606420544705,0.0955256410256411,0.07498551377391478,0.06580006963722893,poststratified,poststratified,0.0,0.06221401041251846,True
grouped_cv,1,,1008,2.0,1000,strong,0.19400000000000003,0.21868413821177,0.07970553581631679,0.18618947368421043,0.24239725597514458,0.06580006963722893,poststratified,poststratified,0.0,0.06221401041251846,False
grouped_cv,1,,1008,2.0,2000,moderate,0.13800000000000004,0.12316319787558525,0.0239705898688867,0.12342105263157901,0.15171666727066804,0.06580006963722893,poststratified,poststratified,0.0,0.06221401041251846,True
grouped_cv,1,,1008,2.0,2000,none,0.09500000000000003,0.008253554393362672,0.009016046525828186,0.0955256410256411,0.07498551377391478,0.06580006963722893,rr_debiased,poststratified,0.0007624921324655143,0.06221401041251846,True
grouped_cv,1,,1008,2.0,2000,strong,0.15100000000000005,0.15549336229706315,0.06959040251673579,0.18618947368421043,0.24239725597514458,0.06580006963722893,poststratified,poststratified,0.0,0.06221401041251846,False
grouped_cv,0,,1009,0.25,250,moderate,0.24900000000000005,0.6833288261510612,0.33295639756298295,0.26548333333333346,0.64680527520966,0.6508340043616956,raw_frequencies,raw_frequencies,0.0,0.06023493932516752,False
grouped_cv,0,,1009,0.25,250,none,0.313,0.5383319465080183,0.4798588413292062,0.26548333333333346,0.64680527520966,0.49199978065521,raw_frequencies,raw_frequencies,0.0,0.06023493932516752,False
grouped_cv,0,,1009,0.25,250,strong,0.281,0.16833402674599052,0.8466363393492309,0.26548333333333346,0.64680527520966,0.6508340043616956,rr_debiased,raw_frequencies,0.11266597325400951,0.06023493932516752,False
grouped_cv,0,,1009,0.25,500,moderate,0.20900000000000007,0.37499999999999994,0.5649594151085929,0.26548333333333346,0.576897831052469,0.6508340043616956,raw_frequencies,raw_frequencies,0.0,0.06023493932516752,False
grouped_cv,0,,1009,0.25,500,none,0.24900000000000005,0.22083142644852544,0.20543209269822388,0.26548333333333346,0.44850190291492936,0.49199978065521,poststratified,raw_frequencies,0.043567907301776176,0.06023493932516752,False
grouped_cv,0,,1009,0.25,500,strong,0.2850000000000001,0.34291571322426273,0.5599309612363419,0.26548333333333346,0.576897831052469,0.8464305101288314,raw_frequencies,raw_frequencies,0.0,0.06023493932516752,False
grouped_cv,0,,1009,0.25,1000,moderate,0.2430000000000001,0.27103850297141807,0.20713869984586936,0.26548333333333346,0.3689799684750319,0.3359187858697893,poststratified,raw_frequencies,0.03586130015413075,0.06023493932516752,False
grouped_cv,0,,1009,0.25,1000,none,0.23700000000000004,0.6745785661213148,0.720135434524401,0.26548333333333346,0.325326101291424,0.3359187858697893,raw_frequencies,raw_frequencies,0.0,0.06023493932516752,True
grouped_cv,0,,1009,0.25,1000,strong,0.30500000000000005,0.44583246656751185,0.9308953433355709,0.26548333333333346,0.4186831975459904,0.39584993777371746,raw_frequencies,raw_frequencies,0.0,0.06023493932516752,False
grouped_cv,0,,1009,0.25,2000,moderate,0.28300000000000003,0.25041623328375595,0.2139312718436303,0.26548333333333346,0.3689799684750319,0.39584993777371746,poststratified,raw_frequencies,0.06906872815636972,0.06023493932516752,False
grouped_cv,0,,1009,0.25,2000,none,0.267,0.0451045783804318,0.03769316857336208,0.26548333333333346,0.23869316740946697,0.2296676567138555,poststratified,poststratified,0.0,0.06023493932516752,True
grouped_cv,0,,1009,0.25,2000,strong,0.23700000000000004,0.34041311292679843,0.5391639592215798,0.29635,0.4186831975459904,0.47724080612831904,raw_frequencies,raw_frequencies,0.0,0.06023493932516752,False
grouped_cv,0,,1009,0.5,250,moderate,0.24100000000000005,0.4583071005455934,0.6249874718028882,0.2237619047619048,0.29790531436837747,0.3359612325705669,raw_frequencies,raw_frequencies,0.0,0.06023493932516752,False
grouped_cv,0,,1009,0.5,250,none,0.24900000000000005,0.23332781064117744,0.2581112753854377,0.24688235294117652,0.29790531436837747,0.3359612325705669,rr_debiased,raw_frequencies,0.015672189358822614,0.06023493932516752,True
grouped_cv,0,,1009,0.5,250,strong,0.176,0.6234492592317864,0.5620266987313485,0.24688235294117652,0.45374546622341244,0.5281497488005071,raw_frequencies,raw_frequencies,0.0,0.06023493932516752,False
grouped_cv,0,,1009,0.5,500,moderate,0.25300000000000006,0.21082988165073585,0.23315832248736942,0.23035384615384613,0.29790531436837747,0.2977169004559276,rr_debiased,raw_frequencies,0.04217011834926421,0.06023493932516752,False
grouped_cv,0,,1009,0.5,500,none,0.22500000000000003,0.1266390532058877,0.16796010406408127,0.25171428571428583,0.29790531436837747,0.2977169004559276,rr_debiased,raw_frequencies,0.09836094679411234,0.06023493932516752,True
grouped_cv,0,,1009,0.5,500,strong,0.341,0.5691411242154462,0.7649401769801227,0.23035384615384613,0.30468934723793,0.2977169004559276,raw_frequencies,raw_frequencies,0.0,0.06023493932516752,False
grouped_cv,0,,1009,0.5,1000,moderate,0.25300000000000006,0.18833195266029423,0.17491013821873147,0.23035384615384613,0.18622896246066353,0.20154465170067754,poststratified,rr_debiased,0.013421814441562763,0.06023493932516752,True
grouped_cv,0,,1009,0.5,1000,none,0.2370000000000001,0.05790044375845915,0.08277490284791197,0.23035384615384613,0.18622896246066353,0.20154465170067754,rr_debiased,rr_debiased,0.0,0.06023493932516752,True
grouped_cv,0,,1009,0.5,1000,strong,0.19200000000000006,0.5753528105386155,0.3268981142026004,0.23035384615384613,0.30468934723793,0.20154465170067754,raw_frequencies,poststratified,0.13489811420260034,0.06023493932516752,True
grouped_cv,0,,1009,0.5,2000,moderate,0.25000000000000006,0.17708298816507345,0.06623064016494276,0.25171428571428583,0.18622896246066353,0.20154465170067754,poststratified,rr_debiased,0.11085234800013069,0.06023493932516752,True
grouped_cv,0,,1009,0.5,2000,none,0.25600000000000006,0.0910601331685626,0.08846986922681954,0.23035384615384613,0.18622896246066353,0.20154465170067754,poststratified,rr_debiased,0.002590263941743054,0.06023493932516752,True
grouped_cv,0,,1009,0.5,2000,strong,0.21100000000000002,0.2603818046724334,0.34336026165356015,0.23035384615384613,0.30468934723793,0.20154465170067754,raw_frequencies,poststratified,0.13236026165356013,0.06023493932516752,True
grouped_cv,0,,1009,1.0,250,moderate,0.2730000000000001,0.33442790040900156,0.32177610160259223,0.19169811320754718,0.1511716796215157,0.25986481189561633,raw_frequencies,rr_debiased,0.06142790040900148,0.06023493932516752,True
grouped_cv,0,,1009,1.0,250,none,0.201,0.10368837269009062,0.13669677679155806,0.19169811320754718,0.1511716796215157,0.25986481189561633,rr_debiased,rr_debiased,0.0,0.06023493932516752,True
grouped_cv,0,,1009,1.0,250,strong,0.23200000000000004,0.3344279004090015,0.13758776965753924,0.2130263157894737,0.2741222417281689,0.25986481189561633,poststratified,raw_frequencies,0.0944122303424608,0.06023493932516752,True
grouped_cv,0,,1009,1.0,500,moderate,0.1650000000000001,0.09393719840584333,0.15136175458255213,0.19169811320754718,0.1511716796215157,0.12321341776653892,rr_debiased,poststratified,0.0574245561767088,0.06023493932516752,True
grouped_cv,0,,1009,1.0,500,none,0.23300000000000004,0.2245906955846822,0.24054928466118874,0.19169811320754718,0.1511716796215157,0.12321341776653892,rr_debiased,poststratified,0.015958589076506546,0.06023493932516752,True
grouped_cv,0,,1009,1.0,500,strong,0.17600000000000005,0.21483952130043477,0.1928466319104417,0.2130263157894737,0.23500898200175438,0.12321341776653892,raw_frequencies,poststratified,0.016846631910441667,0.06023493932516752,False
grouped_cv,0,,1009,1.0,1000,moderate,0.203,0.14770465220765877,0.041919987712032813,0.17873417721518994,0.1511716796215157,0.12321341776653892,poststratified,poststratified,0.0,0.06023493932516752,True
grouped_cv,0,,1009,1.0,1000,none,0.19300000000000006,0.04885116786577162,0.04315285897446078,0.18901538461538467,0.069512236118267,0.12321341776653892,poststratified,rr_debiased,0.005698308891310844,0.06023493932516752,True
grouped_cv,0,,1009,1.0,1000,strong,0.1670000000000001,0.14344533816462743,0.1492381536468931,0.17873417721518994,0.2741222417281689,0.12321341776653892,rr_debiased,poststratified,0.0057928154822656786,0.06023493932516752,True
grouped_cv,0,,1009,1.0,2000,moderate,0.1680000000000001,0.1297156875615875,0.08043325743403745,0.17873417721518994,0.1511716796215157,0.12321341776653892,poststratified,poststratified,0.0,0.06023493932516752,True
grouped_cv,0,,1009,1.0,2000,none,0.1600000000000001,0.18463428997374715,0.19192923751608026,0.18901538461538467,0.069512236118267,0.12321341776653892,raw_frequencies,rr_debiased,0.02463428997374706,0.06023493932516752,True
grouped_cv,0,,1009,1.0,2000,strong,0.20400000000000001,0.2917255646774581,0.18829276686187618,0.17873417721518994,0.2741222417281689,0.12321341776653892,poststratified,poststratified,0.0,0.06023493932516752,True
grouped_cv,0,,1009,2.0,250,moderate,0.10500000000000004,0.03617506003009366,0.11434833652118681,0.12611235955056177,0.1511716796215157,0.13210957943366053,rr_debiased,raw_frequencies,0.06882493996990638,0.06023493932516752,True
grouped_cv,0,,1009,2.0,250,none,0.12100000000000005,0.05968790688207756,0.06674182024166506,0.09702040816326533,0.1511716796215157,0.13210957943366053,rr_debiased,raw_frequencies,0.06131209311792249,0.06023493932516752,True
grouped_cv,0,,1009,2.0,250,strong,0.168,0.25395340848974596,0.10755244120313653,0.19575000000000006,0.2741222417281689,0.13210957943366053,poststratified,poststratified,0.0,0.06023493932516752,False
grouped_cv,0,,1009,2.0,500,moderate,0.12000000000000002,0.14814559765581817,0.04452389705974924,0.12611235955056177,0.1511716796215157,0.06509802763741829,poststratified,poststratified,0.0,0.06023493932516752,False
grouped_cv,0,,1009,2.0,500,none,0.08400000000000005,0.08348526881286228,0.08635974639910027,0.09702040816326533,0.069512236118267,0.06509802763741829,rr_debiased,poststratified,0.002874477586237989,0.06023493932516752,True
grouped_cv,0,,1009,2.0,500,strong,0.13600000000000004,0.18929307964679012,0.2500553594600819,0.19575000000000006,0.2741222417281689,0.06509802763741829,raw_frequencies,poststratified,0.11405535946008186,0.06023493932516752,False
grouped_cv,0,,1009,2.0,1000,moderate,0.172,0.17137392942900134,0.10308377725672288,0.12611235955056177,0.1511716796215157,0.06509802763741829,poststratified,poststratified,0.0,0.06023493932516752,False
grouped_cv,0,,1009,2.0,1000,none,0.10300000000000004,0.014411014203689204,0.015468583075708642,0.09702040816326533,0.069512236118267,0.06509802763741829,rr_debiased,poststratified,0.0010575688720194376,0.06023493932516752,True
grouped_cv,0,,1009,2.0,1000,strong,0.19600000000000004,0.27746625534173,0.09439547380468921,0.19575000000000006,0.2741222417281689,0.06509802763741829,poststratified,poststratified,0.0,0.06023493932516752,False
grouped_cv,0,,1009,2.0,2000,moderate,0.10900000000000001,0.1393282800863242,0.04849673046794051,0.12611235955056177,0.1511716796215157,0.06509802763741829,poststratified,poststratified,0.0,0.06023493932516752,False
grouped_cv,0,,1009,2.0,2000,none,0.09500000000000003,0.01350522445157154,0.013894315105567462,0.09702040816326533,0.069512236118267,0.06509802763741829,rr_debiased,poststratified,0.0003890906539959216,0.06023493932516752,True
grouped_cv,0,,1009,2.0,2000,strong,0.20600000000000004,0.22750145578126407,0.01837758969632014,0.19575000000000006,0.2741222417281689,0.06509802763741829,poststratified,poststratified,0.0,0.06023493932516752,False
grouped_cv,4,,1010,0.25,250,moderate,0.26500000000000007,0.07333194650801822,0.27855613397108125,0.2862307692307693,0.628097641144134,0.6209057920651021,rr_debiased,raw_frequencies,0.19166805349198185,0.05787031560327446,False
grouped_cv,4,,1010,0.25,250,none,0.4010000000000001,0.9827488373302087,1.164665072300572,0.26168707482993186,0.628097641144134,0.6209057920651021,raw_frequencies,raw_frequencies,0.0,0.05787031560327446,False
grouped_cv,4,,1010,0.25,250,strong,0.4010000000000001,0.939982169841944,1.625,0.26873626373626386,0.7091466167111942,0.8080062573690292,raw_frequencies,raw_frequencies,0.0,0.05787031560327446,False
grouped_cv,4,,1010,0.25,500,moderate,0.22500000000000003,0.6985626336744846,0.6827157926344758,0.26168707482993186,0.5594424293361455,0.7179986100193483,raw_frequencies,raw_frequencies,0.0,0.05787031560327446,False
grouped_cv,4,,1010,0.25,500,none,0.3370000000000001,0.7849999999999999,0.7849999999999999,0.26168707482993186,0.41499312927766147,0.46274247234464405,raw_frequencies,raw_frequencies,0.0,0.05787031560327446,False
grouped_cv,4,,1010,0.25,500,strong,0.35700000000000004,1.0470790861808077,0.45659760446658304,0.26873626373626386,0.5594424293361455,0.8080062573690292,raw_frequencies,raw_frequencies,0.0,0.05787031560327446,False
grouped_cv,4,,1010,0.25,1000,moderate,0.25300000000000006,0.40583038632953977,0.1918679464922321,0.26168707482993186,0.34317399327807163,0.3427978232621979,poststratified,raw_frequencies,0.06113205350776796,0.05787031560327446,False
grouped_cv,4,,1010,0.25,1000,none,0.30500000000000005,0.4458324665675119,0.4575899389800899,0.26168707482993186,0.34317399327807163,0.3427978232621979,raw_frequencies,raw_frequencies,0.0,0.05787031560327446,False
grouped_cv,4,,1010,0.25,1000,strong,0.2770000000000001,0.27354110326888237,0.19806630648948592,0.26873626373626386,0.3984613651138653,0.4982196491220802,poststratified,raw_frequencies,0.07893369351051416,0.05787031560327446,False
grouped_cv,4,,1010,0.25,2000,moderate,0.26300000000000007,0.24395629643365233,0.35079931811576637,0.25991666666666674,0.3984613651138653,0.41391483268725404,rr_debiased,raw_frequencies,0.01904370356634774,0.05787031560327446,False
grouped_cv,4,,1010,0.25,2000,none,0.331,0.7464557763741594,0.7444373265837874,0.26168707482993186,0.24323643779353263,0.21394180591475329,raw_frequencies,poststratified,0.41343732658378735,0.05787031560327446,True
grouped_cv,4,,1010,0.25,2000,strong,0.26200000000000007,0.5445796062403006,0.457335580933182,0.26873626373626386,0.4862001795384184,0.4982196491220802,raw_frequencies,raw_frequencies,0.0,0.05787031560327446,False
grouped_cv,4,,1010,0.5,250,moderate,0.265,0.14168047339705608,0.18975795614313118,0.23038135593220344,0.3145202385840877,0.3232291622795258,rr_debiased,raw_frequencies,0.12331952660294393,0.05787031560327446,False
grouped_cv,4,,1010,0.5,250,none,0.24100000000000005,0.09834023669852784,0.11221913835389757,0.23541666666666672,0.3145202385840877,0.3232291622795258,rr_debiased,raw_frequencies,0.1426597633014722,0.05787031560327446,False
grouped_cv,4,,1010,0.5,250,strong,0.2970000000000001,0.4133112425647103,0.32443134746715857,0.23038135593220344,0.47520417181104346,0.4511992184308143,raw_frequencies,raw_frequencies,0.0,0.05787031560327446,False
grouped_cv,4,,1010,0.5,500,moderate,0.25300000000000006,0.21082988165073585,0.07303937960345211,0.24970370370370365,0.3145202385840877,0.3232291622795258,poststratified,raw_frequencies,0.17996062039654795,0.05787031560327446,False
grouped_cv,4,,1010,0.5,500,none,0.16900000000000004,0.40463095940860355,0.40863133187803224,0.23541666666666672,0.3145202385840877,0.3232291622795258,raw_frequencies,raw_frequencies,0.0,0.05787031560327446,False
grouped_cv,4,,1010,0.5,500,strong,0.23700000000000004,0.14913698219632934,0.4641352243926719,0.23038135593220344,0.31505265989391806,0.4511992184308143,rr_debiased,raw_frequencies,0.0878630178036707,0.05787031560327446,False
grouped_cv,4,,1010,0.5,1000,moderate,0.20900000000000002,0.3166266271485375,0.18888315497444094,0.23038135593220344,0.18041758579691125,0.1619253032255774,poststratified,poststratified,0.0,0.05787031560327446,True
grouped_cv,4,,1010,0.5,1000,none,0.1870000000000001,0.2970291419165546,0.2954774778514254,0.23541666666666672,0.18041758579691125,0.1619253032255774,raw_frequencies,poststratified,0.10847747785142531,0.05787031560327446,True
grouped_cv,4,,1010,0.5,1000,strong,0.26500000000000007,0.19958091715551513,0.28983198934986265,0.23038135593220344,0.31505265989391806,0.25725745013428153,rr_debiased,raw_frequencies,0.06541908284448494,0.05787031560327446,True
grouped_cv,4,,1010,0.5,2000,moderate,0.24900000000000005,0.1208381656889694,0.07577979733198498,0.24970370370370365,0.18041758579691125,0.25725745013428153,poststratified,rr_debiased,0.04505836835698443,0.05787031560327446,False
grouped_cv,4,,1010,0.5,2000,none,0.2290000000000001,0.060800887516918145,0.07206364420117556,0.23541666666666672,0.18041758579691125,0.1619253032255774,rr_debiased,poststratified,0.011262756684257413,0.05787031560327446,True
grouped_cv,4,,1010,0.5,2000,strong,0.24100000000000005,0.21645436389834624,0.2756717414965631,0.23038135593220344,0.31505265989391806,0.25725745013428153,rr_debiased,raw_frequencies,0.024545636101653806,0.05787031560327446,True
grouped_cv,4,,1010,1.0,250,moderate,0.256,0.40033022330359297,0.24679397175440845,0.19333333333333333,0.149101016448701,0.2589720383691066,poststratified,rr_debiased,0.15353625154918452,0.05787031560327446,True
grouped_cv,4,,1010,1.0,250,none,0.20100000000000007,0.04885116786577162,0.05614237902000402,0.19333333333333333,0.06821049518549896,0.2589720383691066,rr_debiased,rr_debiased,0.0,0.05787031560327446,False
grouped_cv,4,,1010,1.0,250,strong,0.24900000000000005,0.3344279004090015,0.5000200744213723,0.21508333333333338,0.2734083118667221,0.2589720383691066,raw_frequencies,raw_frequencies,0.0,0.05787031560327446,True
grouped_cv,4,,1010,1.0,500,moderate,0.20500000000000002,0.257541857031978,0.12627519294777717,0.19333333333333333,0.2734083118667221,0.12220932397348544,poststratified,poststratified,0.0,0.05787031560327446,False
grouped_cv,4,,1010,1.0,500,none,0.21300000000000002,0.21360697510225032,0.21121205176467958,0.19333333333333333,0.149101016448701,0.12220932397348544,poststratified,poststratified,0.0,0.05787031560327446,True
grouped_cv,4,,1010,1.0,500,strong,0.23200000000000004,0.3344279004090015,0.1441543884711273,0.21508333333333338,0.2734083118667221,0.12220932397348544,poststratified,poststratified,0.0,0.05787031560327446,False
grouped_cv,4,,1010,1.0,1000,moderate,0.17500000000000004,0.14893719840584319,0.04900480239473254,0.17990000000000006,0.149101016448701,0.12220932397348544,poststratified,poststratified,0.0,0.05787031560327446,True
grouped_cv,4,,1010,1.0,1000,none,0.19900000000000007,0.03721047549032716,0.03265726340095243,0.18745312500000014,0.06821049518549896,0.12220932397348544,poststratified,rr_debiased,0.004553212089374731,0.05787031560327446,True
grouped_cv,4,,1010,1.0,1000,strong,0.23200000000000004,0.3344279004090015,0.16728588290869675,0.17990000000000006,0.2734083118667221,0.12220932397348544,poststratified,poststratified,0.0,0.05787031560327446,True
grouped_cv,4,,1010,1.0,2000,moderate,0.1690000000000001,0.08028894539064382,0.08131454784305336,0.17990000000000006,0.149101016448701,0.12220932397348544,rr_debiased,poststratified,0.0010256024524095408,0.05787031560327446,True
grouped_cv,4,,1010,1.0,2000,none,0.21700000000000008,0.08663721766127092,0.08645574301149414,0.18745312500000014,0.06821049518549896,0.12220932397348544,poststratified,rr_debiased,0.00018147464977677497,0.05787031560327446,True
grouped_cv,4,,1010,1.0,2000,strong,0.15400000000000003,0.23955289238590655,0.1250840056253157,0.17990000000000006,0.2734083118667221,0.12220932397348544,poststratified,poststratified,0.0,0.05787031560327446,True
grouped_cv,4,,1010,2.0,250,moderate,0.184,0.31273552561970586,0.1545550179507717,0.12822105263157899,0.149101016448701,0.1286678683454808,poststratified,raw_frequencies,0.029444982049228297,0.05787031560327446,True
grouped_cv,4,,1010,2.0,250,none,0.12100000000000005,0.04086296691217137,0.03936228424316224,0.09760215053763449,0.149101016448701,0.1286678683454808,poststratified,raw_frequencies,0.08163771575683781,0.05787031560327446,True
grouped_cv,4,,1010,2.0,250,strong,0.14400000000000004,0.21868413821177005,0.19578827543631067,0.1767567567567568,0.23644675213875183,0.1286678683454808,raw_frequencies,poststratified,0.05178827543631062,0.05787031560327446,True
grouped_cv,4,,1010,2.0,500,moderate,0.14,0.12434823572503345,0.045099124222544,0.12822105263157899,0.149101016448701,0.06692207343381032,poststratified,poststratified,0.0,0.05787031560327446,False
grouped_cv,4,,1010,2.0,500,none,0.06800000000000003,0.06585063367387431,0.073632125238274,0.09760215053763449,0.06821049518549896,0.06692207343381032,rr_debiased,poststratified,0.007781491564399695,0.05787031560327446,True
grouped_cv,4,,1010,2.0,500,strong,0.14800000000000005,0.14814559765581817,0.13320710264968938,0.1767567567567568,0.23644675213875183,0.06692207343381032,poststratified,poststratified,0.0,0.05787031560327446,False
grouped_cv,4,,1010,2.0,1000,moderate,0.07399999999999998,0.1128763273778422,0.09336948323840755,0.12822105263157899,0.149101016448701,0.06692207343381032,raw_frequencies,poststratified,0.019369483238407564,0.05787031560327446,False
grouped_cv,4,,1010,2.0,1000,none,0.091,0.14604950307278203,0.12275293598230494,0.09760215053763449,0.06821049518549896,0.06692207343381032,raw_frequencies,poststratified,0.03175293598230494,0.05787031560327446,True
grouped_cv,4,,1010,2.0,1000,strong,0.15000000000000005,0.1804757620772961,0.010569130169418878,0.1767567567567568,0.23644675213875183,0.06692207343381032,poststratified,poststratified,0.0,0.05787031560327446,False
grouped_cv,4,,1010,2.0,2000,moderate,0.09800000000000006,0.08054616295636435,0.0692460742086965,0.12822105263157899,0.149101016448701,0.06692207343381032,poststratified,poststratified,0.0,0.05787031560327446,False
grouped_cv,4,,1010,2.0,2000,none,0.08900000000000005,0.013789739530372325,0.008656228597366061,0.09760215053763449,0.06821049518549896,0.06692207343381032,poststratified,poststratified,0.0,0.05787031560327446,True
grouped_cv,4,,1010,2.0,2000,strong,0.214,0.30097910219371377,0.01261542457744741,0.18933333333333335,0.23644675213875183,0.06692207343381032,poststratified,poststratified,0.0,0.05787031560327446,False
grouped_cv,3,,1011,0.25,250,moderate,0.20900000000000002,0.6852986074207681,1.1582581630673154,0.2527391304347827,0.5856056675137623,0.6560874585834902,raw_frequencies,raw_frequencies,0.0,0.05859938015416227,False
grouped_cv,3,,1011,0.25,250,none,0.2810000000000001,0.704163372956545,0.6790876929291622,0.26920359281437123,0.5856056675137623,0.45384765558407714,raw_frequencies,raw_frequencies,0.0,0.05859938015416227,False
grouped_cv,3,,1011,0.25,250,strong,0.20800000000000007,0.9803531540783139,0.4487891150800331,0.2648846153846154,0.7404237089200169,0.6560874585834902,raw_frequencies,raw_frequencies,0.0,0.05859938015416227,False
grouped_cv,3,,1011,0.25,500,moderate,0.30900000000000005,0.4920822065377654,0.33347431427703744,0.26920359281437123,0.5856056675137623,0.6560874585834902,raw_frequencies,raw_frequencies,0.0,0.05859938015416227,False
grouped_cv,3,,1011,0.25,500,none,0.26100000000000007,0.1195816864782718,0.10935428638676017,0.26920359281437123,0.5856056675137623,0.45384765558407714,poststratified,raw_frequencies,0.1516457136132399,0.05859938015416227,False
grouped_cv,3,,1011,0.25,500,strong,0.24900000000000005,0.3133309063890326,0.7195255900074635,0.29595652173913045,0.7404237089200169,0.8271825474760018,raw_frequencies,raw_frequencies,0.0,0.05859938015416227,False
grouped_cv,3,,1011,0.25,1000,moderate,0.317,0.6204141530457842,0.5717702285310814,0.2527391304347827,0.430010578876862,0.4720044050627425,raw_frequencies,raw_frequencies,0.0,0.05859938015416227,False
grouped_cv,3,,1011,0.25,1000,none,0.2290000000000001,0.3749999999999999,0.37499999999999983,0.26920359281437123,0.3933633398915197,0.38786604241651584,raw_frequencies,raw_frequencies,0.0,0.05859938015416227,False
grouped_cv,3,,1011,0.25,1000,strong,0.23300000000000004,0.5598620123171829,0.4463603441383504,0.2648846153846154,0.430010578876862,0.4720044050627425,raw_frequencies,raw_frequencies,0.0,0.05859938015416227,False
grouped_cv,3,,1011,0.25,2000,moderate,0.24000000000000005,0.3057258079491083,0.3423099284940009,0.26920359281437123,0.430010578876862,0.4720044050627425,raw_frequencies,raw_frequencies,0.0,0.05859938015416227,False
grouped_cv,3,,1011,0.25,2000,none,0.2700000000000001,0.3197908432391359,0.32060853372731657,0.26920359281437123,0.26479032317964313,0.24890459608232623,raw_frequencies,poststratified,0.050608533727316496,0.05859938015416227,True
grouped_cv,3,,1011,0.25,2000,strong,0.25200000000000006,0.1669765880383475,0.2750641539400762,0.2648846153846154,0.430010578876862,0.4720044050627425,rr_debiased,raw_frequencies,0.08502341196165256,0.05859938015416227,False
grouped_cv,3,,1011,0.5,250,moderate,0.2970000000000001,0.45830710054559354,0.5168631831145718,0.2357767857142856,0.28788710140392404,0.3170783706447909,raw_frequencies,raw_frequencies,0.0,0.05859938015416227,True
grouped_cv,3,,1011,0.5,250,none,0.20900000000000002,0.39661420109118706,0.29683991200018195,0.2357767857142856,0.28788710140392404,0.3170783706447909,raw_frequencies,raw_frequencies,0.0,0.05859938015416227,True
grouped_cv,3,,1011,0.5,250,strong,0.201,0.5416059170529534,0.3355256510033304,0.22000000000000006,0.39310042879118584,0.48328754834694115,raw_frequencies,raw_frequencies,0.0,0.05859938015416227,False
grouped_cv,3,,1011,0.5,500,moderate,0.2850000000000001,0.45830710054559354,0.46257739743160864,0.2357767857142856,0.28788710140392404,0.3170783706447909,raw_frequencies,raw_frequencies,0.0,0.05859938015416227,True
grouped_cv,3,,1011,0.5,500,none,0.313,0.4116556212823549,0.37611444567924707,0.2357767857142856,0.28788710140392404,0.3170783706447909,raw_frequencies,raw_frequencies,0.0,0.05859938015416227,True
grouped_cv,3,,1011,0.5,500,strong,0.24500000000000005,0.16583402366985261,0.28207257227980653,0.24791666666666667,0.39310042879118584,0.48328754834694115,rr_debiased,raw_frequencies,0.07916597633014744,0.05859938015416227,False
grouped_cv,3,,1011,0.5,1000,moderate,0.23500000000000004,0.11414526623456289,0.16468408002218582,0.2357767857142856,0.18717700548662056,0.25104461916823834,rr_debiased,rr_debiased,0.0,0.05859938015416227,True
grouped_cv,3,,1011,0.5,1000,none,0.2270000000000001,0.11414526623456314,0.11645670251183554,0.2357767857142856,0.18717700548662056,0.16501819813781474,rr_debiased,poststratified,0.0023114362772723995,0.05859938015416227,True
grouped_cv,3,,1011,0.5,1000,strong,0.22900000000000004,0.3841204141198622,0.15714146883943364,0.24791666666666667,0.39310042879118584,0.25104461916823834,poststratified,raw_frequencies,0.0718585311605664,0.05859938015416227,True
grouped_cv,3,,1011,0.5,2000,moderate,0.2370000000000001,0.052275961510848734,0.12003066565193293,0.2357767857142856,0.18717700548662056,0.16501819813781474,rr_debiased,poststratified,0.0677547041410842,0.05859938015416227,True
grouped_cv,3,,1011,0.5,2000,none,0.22700000000000004,0.14351249994871887,0.1336351284712818,0.2357767857142856,0.18717700548662056,0.16501819813781474,poststratified,poststratified,0.0,0.05859938015416227,True
grouped_cv,3,,1011,0.5,2000,strong,0.21100000000000002,0.4178673076055246,0.10016513738614913,0.24791666666666667,0.22501007145567284,0.25104461916823834,poststratified,rr_debiased,0.31770217021937547,0.05859938015416227,True
grouped_cv,3,,1011,1.0,250,moderate,0.1770000000000001,0.023199987163048108,0.025045562879727312,0.19100000000000003,0.1521874241904391,0.24216393636251954,rr_debiased,rr_debiased,0.0,0.05859938015416227,True
grouped_cv,3,,1011,1.0,250,none,0.20899999999999996,0.36729766426845684,0.3893464225530456,0.19100000000000003,0.07230945622759828,0.24216393636251954,raw_frequencies,rr_debiased,0.15829766426845687,0.05859938015416227,False
grouped_cv,3,,1011,1.0,250,strong,0.22500000000000003,0.24655813654954611,0.6088513397954116,0.2105660377358491,0.25706708635470565,0.24216393636251954,raw_frequencies,raw_frequencies,0.0,0.05859938015416227,True
grouped_cv,3,,1011,1.0,500,moderate,0.189,0.1806558136549546,0.05888204013644868,0.19100000000000003,0.1521874241904391,0.12474591621216383,poststratified,poststratified,0.0,0.05859938015416227,True
grouped_cv,3,,1011,1.0,500,none,0.24500000000000005,0.16967209317252258,0.16403995502794583,0.19100000000000003,0.1521874241904391,0.12474591621216383,poststratified,poststratified,0.0,0.05859938015416227,True
grouped_cv,3,,1011,1.0,500,strong,0.172,0.35762788757204966,0.205527633901484,0.2105660377358491,0.25706708635470565,0.12474591621216383,raw_frequencies,poststratified,0.03352763390148403,0.05859938015416227,False
grouped_cv,3,,1011,1.0,1000,moderate,0.203,0.19713139437860244,0.13512288793949814,0.1871363636363637,0.1521874241904391,0.12474591621216383,poststratified,poststratified,0.0,0.05859938015416227,True
grouped_cv,3,,1011,1.0,1000,none,0.1790000000000001,0.039099993581524106,0.03643727965984864,0.1871363636363637,0.07230945622759828,0.12474591621216383,poststratified,rr_debiased,0.002662713921675469,0.05859938015416227,True
grouped_cv,3,,1011,1.0,1000,strong,0.1730000000000001,0.1324616176821955,0.23867367328485734,0.1816666666666667,0.25706708635470565,0.12474591621216383,rr_debiased,poststratified,0.10621205560266184,0.05859938015416227,True
grouped_cv,3,,1011,1.0,2000,moderate,0.1740000000000001,0.11598603695854753,0.029524383887541472,0.1816666666666667,0.1521874241904391,0.12474591621216383,poststratified,poststratified,0.0,0.05859938015416227,True
grouped_cv,3,,1011,1.0,2000,none,0.20300000000000007,0.04819419597275909,0.048509774860087174,0.1871363636363637,0.07230945622759828,0.12474591621216383,rr_debiased,rr_debiased,0.0,0.05859938015416227,True
grouped_cv,3,,1011,1.0,2000,strong,0.16499999999999998,0.305455215280498,0.11241628777245721,0.1816666666666667,0.25706708635470565,0.12474591621216383,poststratified,poststratified,0.0,0.05859938015416227,True
grouped_cv,3,,1011,2.0,250,moderate,0.168,0.21868413821176996,0.027924088650561008,0.13114606741573037,0.1521874241904391,0.13767314851000326,poststratified,raw_frequencies,0.140075911349439,0.05859938015416227,True
grouped_cv,3,,1011,2.0,250,none,0.06500000000000003,0.041431997069772686,0.027681281788399986,0.0990102040816327,0.07230945622759828,0.13767314851000326,poststratified,rr_debiased,0.0137507152813727,0.05859938015416227,True
grouped_cv,3,,1011,2.0,250,strong,0.11200000000000007,0.0893634805258583,0.13692495778733083,0.1878133333333334,0.25706708635470565,0.13767314851000326,rr_debiased,poststratified,0.04756147726147253,0.05859938015416227,True
grouped_cv,3,,1011,2.0,500,moderate,0.21600000000000003,0.23603425827195723,0.13988755847465018,0.0990102040816327,0.1521874241904391,0.06392626466451415,poststratified,poststratified,0.0,0.05859938015416227,True
grouped_cv,3,,1011,2.0,500,none,0.06499999999999997,0.09314559765581812,0.09341316352871398,0.0990102040816327,0.1521874241904391,0.06392626466451415,raw_frequencies,poststratified,0.02841316352871401,0.05859938015416227,True
grouped_cv,3,,1011,2.0,500,strong,0.184,0.31273552561970586,0.15064823454855203,0.1878133333333334,0.25706708635470565,0.06392626466451415,poststratified,poststratified,0.0,0.05859938015416227,False
grouped_cv,3,,1011,2.0,1000,moderate,0.11400000000000002,0.15402380936881416,0.07647495835913037,0.13114606741573037,0.1521874241904391,0.06392626466451415,poststratified,poststratified,0.0,0.05859938015416227,False
grouped_cv,3,,1011,2.0,1000,none,0.09900000000000003,0.03617506003009366,0.026395586048494013,0.0990102040816327,0.07230945622759828,0.06392626466451415,poststratified,poststratified,0.0,0.05859938015416227,True
grouped_cv,3,,1011,2.0,1000,strong,0.162,0.20104950307278202,0.04965753317452806,0.1878133333333334,0.25706708635470565,0.06392626466451415,poststratified,poststratified,0.0,0.05859938015416227,False
grouped_cv,3,,1011,2.0,2000,moderate,0.059000000000000025,0.08054616295636435,0.07441912102149459,0.13114606741573037,0.1521874241904391,0.06392626466451415,raw_frequencies,poststratified,0.015419121021494564,0.05859938015416227,False
grouped_cv,3,,1011,2.0,2000,none,0.08000000000000004,0.06732018660212333,0.060874562988827124,0.0990102040816327,0.07230945622759828,0.06392626466451415,poststratified,poststratified,0.0,0.05859938015416227,True
grouped_cv,3,,1011,2.0,2000,strong,0.18400000000000002,0.253953408489746,0.024047690454129245,0.17484615384615393,0.25706708635470565,0.06392626466451415,poststratified,poststratified,0.0,0.05859938015416227,False
grouped_cv,2,,1012,0.25,250,moderate,0.1690000000000001,0.37499999999999994,0.39819362939143027,0.2818333333333334,0.7102980625710203,0.6192250145099641,raw_frequencies,raw_frequencies,0.0,0.05880112746507657,False
grouped_cv,2,,1012,0.25,250,none,0.3050000000000001,0.5741644130755306,0.49592915945567856,0.2818333333333334,0.5928140355112443,0.6192250145099641,raw_frequencies,raw_frequencies,0.0,0.05880112746507657,False
grouped_cv,2,,1012,0.25,250,strong,0.09700000000000003,0.375,0.624355413087896,0.26869444444444446,0.7102980625710203,0.8506242342470567,raw_frequencies,raw_frequencies,0.0,0.05880112746507657,False
grouped_cv,2,,1012,0.25,500,moderate,0.23300000000000004,0.37499999999999994,0.49927174511380606,0.26284615384615384,0.4226498820564081,0.49405398003268597,raw_frequencies,raw_frequencies,0.0,0.05880112746507657,False
grouped_cv,2,,1012,0.25,500,none,0.36500000000000005,0.896867583753597,0.89890004954624,0.26284615384615384,0.4226498820564081,0.49405398003268597,raw_frequencies,raw_frequencies,0.0,0.05880112746507657,False
grouped_cv,2,,1012,0.25,500,strong,0.2970000000000001,0.8054131129267986,0.7002485230118648,0.26284615384615384,0.6017664854446568,0.6947714324068957,raw_frequencies,raw_frequencies,0.0,0.05880112746507657,False
grouped_cv,2,,1012,0.25,1000,moderate,0.25100000000000006,0.4058303863295398,0.5313562549726117,0.26284615384615384,0.4226498820564081,0.27986257679975934,raw_frequencies,raw_frequencies,0.0,0.05880112746507657,True
grouped_cv,2,,1012,0.25,1000,none,0.28300000000000003,0.19145889673111732,0.1476387443422506,0.26284615384615384,0.4226498820564081,0.27986257679975934,poststratified,raw_frequencies,0.13536125565774942,0.05880112746507657,True
grouped_cv,2,,1012,0.25,1000,strong,0.22100000000000009,0.37500000000000006,0.1696863730830284,0.26284615384615384,0.6017664854446568,0.3916339244191131,poststratified,raw_frequencies,0.051313626916971694,0.05880112746507657,False
grouped_cv,2,,1012,0.25,2000,moderate,0.2700000000000001,0.16947918833581177,0.06866937246754073,0.26284615384615384,0.36691495543028463,0.27986257679975934,poststratified,raw_frequencies,0.20133062753245934,0.05880112746507657,True
grouped_cv,2,,1012,0.25,2000,none,0.278,0.13760405832093897,0.15171348179095256,0.26284615384615384,0.24972088162441802,0.27986257679975934,rr_debiased,rr_debiased,0.0,0.05880112746507657,True
grouped_cv,2,,1012,0.25,2000,strong,0.25900000000000006,0.5677044762254273,0.6508778573507218,0.26284615384615384,0.36691495543028463,0.5359802078740358,raw_frequencies,raw_frequencies,0.0,0.05880112746507657,False
grouped_cv,2,,1012,0.5,250,moderate,0.22500000000000003,0.27163076916765416,0.33387665509312225,0.23260176991150436,0.2977325670040637,0.32508421094106466,raw_frequencies,raw_frequencies,0.0,0.05880112746507657,False
grouped_cv,2,,1012,0.5,250,none,0.26500000000000007,0.22332366862206066,0.18875904985156405,0.23260176991150436,0.2977325670040637,0.32508421094106466,poststratified,raw_frequencies,0.07624095014843602,0.05880112746507657,False
grouped_cv,2,,1012,0.5,250,strong,0.25700000000000006,0.09668461541617307,0.7849034183058758,0.2463684210526315,0.4785360240085201,0.4590595856705373,rr_debiased,raw_frequencies,0.160315384583827,0.05880112746507657,False
grouped_cv,2,,1012,0.5,500,moderate,0.1610000000000001,0.37499999999999983,0.3749999999999999,0.23260176991150436,0.2977325670040637,0.32508421094106466,raw_frequencies,raw_frequencies,0.0,0.05880112746507657,False
grouped_cv,2,,1012,0.5,500,none,0.21700000000000003,0.39661420109118695,0.3820170957718904,0.23260176991150436,0.2977325670040637,0.32508421094106466,raw_frequencies,raw_frequencies,0.0,0.05880112746507657,False
grouped_cv,2,,1012,0.5,500,strong,0.19700000000000006,0.2407843194404512,0.43631868695112663,0.2164583333333334,0.3154456982385197,0.4590595856705373,raw_frequencies,raw_frequencies,0.0,0.05880112746507657,False
grouped_cv,2,,1012,0.5,1000,moderate,0.22700000000000004,0.2041369821963294,0.04129914473546259,0.23260176991150436,0.188078003237553,0.17594031854817893,poststratified,poststratified,0.0,0.05880112746507657,True
grouped_cv,2,,1012,0.5,1000,none,0.25900000000000006,0.10793357991139382,0.1356120801336536,0.23260176991150436,0.188078003237553,0.17594031854817893,rr_debiased,poststratified,0.02767850022225979,0.05880112746507657,True
grouped_cv,2,,1012,0.5,1000,strong,0.26300000000000007,0.24457677513639836,0.34863143352282727,0.23260176991150436,0.3154456982385197,0.17594031854817893,rr_debiased,poststratified,0.10405465838642891,0.05880112746507657,True
grouped_cv,2,,1012,0.5,2000,moderate,0.21400000000000008,0.14516812123107425,0.1461890985746213,0.23260176991150436,0.188078003237553,0.17594031854817893,rr_debiased,poststratified,0.0010209773435470582,0.05880112746507657,True
grouped_cv,2,,1012,0.5,2000,none,0.21300000000000002,0.23350421591048534,0.23706428980037483,0.23260176991150436,0.188078003237553,0.17594031854817893,raw_frequencies,poststratified,0.02406428980037481,0.05880112746507657,True
grouped_cv,2,,1012,0.5,2000,strong,0.22100000000000003,0.3222511093961479,0.17557549392856858,0.23260176991150436,0.3154456982385197,0.26356966519792724,poststratified,raw_frequencies,0.04542450607143145,0.05880112746507657,True
grouped_cv,2,,1012,1.0,250,moderate,0.13700000000000007,0.15992091888827525,0.1465393269817743,0.19402970297029698,0.14866489982601522,0.21381967712915598,raw_frequencies,rr_debiased,0.022920918888275188,0.05880112746507657,True
grouped_cv,2,,1012,1.0,250,none,0.15300000000000008,0.18188835985313917,0.2192765391597961,0.19402970297029698,0.14866489982601522,0.21381967712915598,raw_frequencies,rr_debiased,0.02888835985313909,0.05880112746507657,True
grouped_cv,2,,1012,1.0,250,strong,0.20800000000000002,0.2685255775144099,0.5600557176959582,0.21006976744186048,0.25852973780059246,0.21381967712915598,raw_frequencies,raw_frequencies,0.0,0.05880112746507657,True
grouped_cv,2,,1012,1.0,500,moderate,0.17200000000000004,0.2477906827477305,0.14861280323896806,0.19402970297029698,0.14866489982601522,0.21381967712915598,poststratified,rr_debiased,0.09917787950876245,0.05880112746507657,True
grouped_cv,2,,1012,1.0,500,none,0.15300000000000008,0.08910231005763963,0.10112723131810358,0.19402970297029698,0.07636525262718091,0.21381967712915598,rr_debiased,rr_debiased,0.0,0.05880112746507657,False
grouped_cv,2,,1012,1.0,500,strong,0.296,0.510167428127912,0.5899333466472815,0.21006976744186048,0.25852973780059246,0.21381967712915598,raw_frequencies,raw_frequencies,0.0,0.05880112746507657,True
grouped_cv,2,,1012,1.0,1000,moderate,0.21900000000000003,0.1036883726900906,0.23067834922320285,0.181308510638298,0.14866489982601522,0.0977455233015351,rr_debiased,poststratified,0.12698997653311225,0.05880112746507657,True
grouped_cv,2,,1012,1.0,1000,none,0.1730000000000001,0.05557557430517196,0.03242655420366436,0.1911800000000001,0.07636525262718091,0.0977455233015351,poststratified,rr_debiased,0.0231490201015076,0.05880112746507657,True
grouped_cv,2,,1012,1.0,1000,strong,0.192,0.3301685863659698,0.04110092283931155,0.181308510638298,0.25852973780059246,0.0977455233015351,poststratified,poststratified,0.0,0.05880112746507657,False
grouped_cv,2,,1012,1.0,2000,moderate,0.14200000000000007,0.13520754780280347,0.1003589974421879,0.181308510638298,0.14866489982601522,0.0977455233015351,poststratified,poststratified,0.0,0.05880112746507657,True
grouped_cv,2,,1012,1.0,2000,none,0.18800000000000006,0.007580818468811479,0.005744145548823881,0.1911800000000001,0.07636525262718091,0.0977455233015351,poststratified,rr_debiased,0.0018366729199875975,0.05880112746507657,True
grouped_cv,2,,1012,1.0,2000,strong,0.17100000000000004,0.24504475262712258,0.1311201654572186,0.181308510638298,0.25852973780059246,0.0977455233015351,poststratified,poststratified,0.0,0.05880112746507657,False
grouped_cv,2,,1012,2.0,250,moderate,0.16,0.17165844450780204,0.10868070633670229,0.1274666666666667,0.14866489982601522,0.1060669319895659,poststratified,poststratified,0.0,0.05880112746507657,True
grouped_cv,2,,1012,2.0,250,none,0.11200000000000002,0.13638917422982613,0.11756972223437231,0.09870408163265308,0.14866489982601522,0.1060669319895659,raw_frequencies,raw_frequencies,0.0,0.05880112746507657,True
grouped_cv,2,,1012,2.0,250,strong,0.21600000000000003,0.3480047958976817,0.22518414845482299,0.17180000000000006,0.25852973780059246,0.1060669319895659,raw_frequencies,poststratified,0.00918414845482296,0.05880112746507657,False
grouped_cv,2,,1012,2.0,500,moderate,0.10400000000000001,0.1422673859428222,0.06126834079163093,0.1274666666666667,0.14866489982601522,0.1060669319895659,poststratified,poststratified,0.0,0.05880112746507657,True
grouped_cv,2,,1012,2.0,500,none,0.10500000000000004,0.022322542021065567,0.013843496445377551,0.09870408163265308,0.07636525262718091,0.1060669319895659,poststratified,rr_debiased,0.008479045575688016,0.05880112746507657,True
grouped_cv,2,,1012,2.0,500,strong,0.20700000000000002,0.3597612193236737,0.13084059190564332,0.18645714285714285,0.25852973780059246,0.1060669319895659,poststratified,poststratified,0.0,0.05880112746507657,False
grouped_cv,2,,1012,2.0,1000,moderate,0.098,0.10111990395185025,0.05007295826690891,0.1274666666666667,0.14866489982601522,0.056970792767847195,poststratified,poststratified,0.0,0.05880112746507657,False
grouped_cv,2,,1012,2.0,1000,none,0.14900000000000002,0.1075566118595073,0.10766864396292669,0.09870408163265308,0.07636525262718091,0.056970792767847195,rr_debiased,poststratified,0.00011203210341939607,0.05880112746507657,True
grouped_cv,2,,1012,2.0,1000,strong,0.22200000000000006,0.27158804362873395,0.01468956282536521,0.18645714285714285,0.25852973780059246,0.056970792767847195,poststratified,poststratified,0.0,0.05880112746507657,False
grouped_cv,2,,1012,2.0,2000,moderate,0.15799999999999997,0.15080018843351534,0.05551089145746216,0.1274666666666667,0.14866489982601522,0.056970792767847195,poststratified,poststratified,0.0,0.05880112746507657,False
grouped_cv,2,,1012,2.0,2000,none,0.0780000000000001,0.04465035102360118,0.03931774507682195,0.09870408163265308,0.07636525262718091,0.056970792767847195,poststratified,poststratified,0.0,0.05880112746507657,True
grouped_cv,2,,1012,2.0,2000,strong,0.166,0.21427547942702302,0.06023561156638868,0.18645714285714285,0.25852973780059246,0.056970792767847195,poststratified,poststratified,0.0,0.05880112746507657,False
grouped_cv,1,,1013,0.25,250,moderate,0.329,0.7233309063890327,0.6732824586163847,0.2674285714285716,0.6196918763828246,0.6463860164844247,raw_frequencies,raw_frequencies,0.0,0.06221401041251846,False
grouped_cv,1,,1013,0.25,250,none,0.20900000000000002,0.523668266675916,0.5077416506480916,0.2674285714285716,0.6196918763828246,0.4904818152306326,raw_frequencies,raw_frequencies,0.0,0.06221401041251846,False
grouped_cv,1,,1013,0.25,250,strong,0.329,0.7591633729565449,0.8400000000000001,0.28625531914893626,0.7487396545919242,0.8728866250657684,raw_frequencies,raw_frequencies,0.0,0.06221401041251846,False
grouped_cv,1,,1013,0.25,500,moderate,0.25700000000000006,0.35958064635928616,0.4509921968028424,0.2674285714285716,0.5488129831991254,0.6463860164844247,raw_frequencies,raw_frequencies,0.0,0.06221401041251846,False
grouped_cv,1,,1013,0.25,500,none,0.2730000000000001,0.2879157132242627,0.3034147862227145,0.2674285714285716,0.4287889402819822,0.4904818152306326,raw_frequencies,raw_frequencies,0.0,0.06221401041251846,False
grouped_cv,1,,1013,0.25,500,strong,0.21300000000000002,0.6067876558074967,0.9513718180888605,0.25731034482758625,0.5488129831991254,0.6463860164844247,raw_frequencies,raw_frequencies,0.0,0.06221401041251846,False
grouped_cv,1,,1013,0.25,1000,moderate,0.23900000000000005,0.3508303863295398,0.1958117869805931,0.2509333333333333,0.3839925971209852,0.39052976042137744,poststratified,raw_frequencies,0.04318821301940695,0.06221401041251846,False
grouped_cv,1,,1013,0.25,1000,none,0.275,0.09895941679061032,0.08704915604795829,0.2674285714285716,0.3839925971209852,0.39052976042137744,poststratified,raw_frequencies,0.18795084395204173,0.06221401041251846,False
grouped_cv,1,,1013,0.25,1000,strong,0.275,0.09895941679061021,0.6188798921317697,0.28625531914893626,0.3839925971209852,0.5340414499897754,rr_debiased,raw_frequencies,0.1760405832093898,0.06221401041251846,False
grouped_cv,1,,1013,0.25,2000,moderate,0.27,0.12322944836555869,0.10184044498508624,0.2674285714285716,0.35313120182826135,0.2907141058384489,poststratified,raw_frequencies,0.16815955501491378,0.06221401041251846,True
grouped_cv,1,,1013,0.25,2000,none,0.26100000000000007,0.22364360141134235,0.2395139733819303,0.2674285714285716,0.24066543239213664,0.2907141058384489,rr_debiased,rr_debiased,0.0,0.06221401041251846,True
grouped_cv,1,,1013,0.25,2000,strong,0.26600000000000007,0.39426795133697645,0.31929269597470245,0.25731034482758625,0.35313120182826135,0.45616838087057293,raw_frequencies,raw_frequencies,0.0,0.06221401041251846,False
grouped_cv,1,,1013,0.5,250,moderate,0.19200000000000006,0.5866017750338364,0.6786012344641212,0.23478181818181812,0.2986756973121847,0.4197774510200992,raw_frequencies,raw_frequencies,0.0,0.06221401041251846,False
grouped_cv,1,,1013,0.5,250,none,0.1770000000000001,0.35327396439265857,0.3750000000000001,0.23478181818181812,0.2986756973121847,0.4197774510200992,raw_frequencies,raw_frequencies,0.0,0.06221401041251846,False
grouped_cv,1,,1013,0.5,250,strong,0.24000000000000005,0.6315976330147199,0.4768602356573239,0.21635897435897442,0.4917069331571215,0.4197774510200992,raw_frequencies,raw_frequencies,0.0,0.06221401041251846,False
grouped_cv,1,,1013,0.5,500,moderate,0.24900000000000005,0.21082988165073588,0.06879351794857017,0.23478181818181812,0.2986756973121847,0.3039839819138688,poststratified,raw_frequencies,0.1802064820514299,0.06221401041251846,False
grouped_cv,1,,1013,0.5,500,none,0.21700000000000003,0.14913698219632926,0.12935871978906957,0.23478181818181812,0.2986756973121847,0.3039839819138688,poststratified,raw_frequencies,0.08764128021093046,0.06221401041251846,False
grouped_cv,1,,1013,0.5,500,strong,0.26500000000000007,0.31331538458382713,0.7849999999999999,0.23478181818181812,0.3095269420132093,0.3039839819138688,raw_frequencies,raw_frequencies,0.0,0.06221401041251846,False
grouped_cv,1,,1013,0.5,1000,moderate,0.25700000000000006,0.25582573963161903,0.06975411949519317,0.23478181818181812,0.18322679900142613,0.24276284649633248,poststratified,rr_debiased,0.18607162013642586,0.06221401041251846,True
grouped_cv,1,,1013,0.5,1000,none,0.18900000000000006,0.28578017742133444,0.3021974818202693,0.23478181818181812,0.18322679900142613,0.15742348254400254,raw_frequencies,poststratified,0.11319748182026923,0.06221401041251846,True
grouped_cv,1,,1013,0.5,1000,strong,0.23900000000000005,0.18163905320588775,0.10875840506876938,0.23478181818181812,0.3095269420132093,0.24276284649633248,poststratified,raw_frequencies,0.13024159493123066,0.06221401041251846,True
grouped_cv,1,,1013,0.5,2000,moderate,0.21900000000000008,0.14226767747261523,0.12502173570621042,0.23478181818181812,0.18322679900142613,0.15742348254400254,poststratified,poststratified,0.0,0.06221401041251846,True
grouped_cv,1,,1013,0.5,2000,none,0.25800000000000006,0.10230909766378338,0.10885507655754262,0.23478181818181812,0.18322679900142613,0.15742348254400254,rr_debiased,poststratified,0.006545978893759241,0.06221401041251846,True
grouped_cv,1,,1013,0.5,2000,strong,0.23200000000000004,0.11976974848217328,0.19237863394491306,0.23478181818181812,0.3095269420132093,0.24276284649633248,rr_debiased,raw_frequencies,0.11223025151782676,0.06221401041251846,True
grouped_cv,1,,1013,1.0,250,moderate,0.35300000000000004,0.4600837140639561,0.47386015910822843,0.18361643835616445,0.15171666727066804,0.245644662162246,raw_frequencies,rr_debiased,0.10708371406395606,0.06221401041251846,True
grouped_cv,1,,1013,1.0,250,none,0.21700000000000003,0.25746045944413765,0.2672671323771577,0.19160377358490566,0.15171666727066804,0.245644662162246,raw_frequencies,rr_debiased,0.04046045944413762,0.06221401041251846,True
grouped_cv,1,,1013,1.0,250,strong,0.18400000000000002,0.5113999743260965,0.4712051287641616,0.2023055555555556,0.2791106748914388,0.245644662162246,raw_frequencies,raw_frequencies,0.0,0.06221401041251846,True
grouped_cv,1,,1013,1.0,500,moderate,0.201,0.21360697510225032,0.18984102972925715,0.18361643835616445,0.15171666727066804,0.12326257696705775,poststratified,poststratified,0.0,0.06221401041251846,True
grouped_cv,1,,1013,1.0,500,none,0.21300000000000008,0.07565349717883901,0.09054006465271949,0.19160377358490566,0.07498551377391478,0.12326257696705775,rr_debiased,rr_debiased,0.0,0.06221401041251846,True
grouped_cv,1,,1013,1.0,500,strong,0.193,0.12573721124279486,0.14205353175270438,0.18361643835616445,0.24239725597514458,0.12326257696705775,rr_debiased,poststratified,0.016316320509909527,0.06221401041251846,True
grouped_cv,1,,1013,1.0,1000,moderate,0.13500000000000006,0.1385290522285833,0.10360870044859172,0.18361643835616445,0.15171666727066804,0.12326257696705775,poststratified,poststratified,0.0,0.06221401041251846,True
grouped_cv,1,,1013,1.0,1000,none,0.19500000000000006,0.026226755007895258,0.02634788336814095,0.19160377358490566,0.07498551377391478,0.12326257696705775,rr_debiased,rr_debiased,0.0,0.06221401041251846,True
grouped_cv,1,,1013,1.0,1000,strong,0.197,0.19713139437860244,0.16570983208941703,0.18361643835616445,0.24239725597514458,0.12326257696705775,poststratified,poststratified,0.0,0.06221401041251846,True
grouped_cv,1,,1013,1.0,2000,moderate,0.16100000000000003,0.24779068274773056,0.12102167950440473,0.18361643835616445,0.15171666727066804,0.12326257696705775,poststratified,poststratified,0.0,0.06221401041251846,True
grouped_cv,1,,1013,1.0,2000,none,0.1720000000000001,0.04451045623489963,0.0490154414400798,0.19160377358490566,0.07498551377391478,0.12326257696705775,rr_debiased,rr_debiased,0.0,0.06221401041251846,True
grouped_cv,1,,1013,1.0,2000,strong,0.15700000000000003,0.20385580081800278,0.07511043187606192,0.18361643835616445,0.24239725597514458,0.12326257696705775,poststratified,poststratified,0.0,0.06221401041251846,True
grouped_cv,1,,1013,2.0,250,moderate,0.15200000000000002,0.14198287086402148,0.06378761235325625,0.12342105263157901,0.15171666727066804,0.13502693249326542,poststratified,raw_frequencies,0.08821238764674377,0.06221401041251846,True
grouped_cv,1,,1013,2.0,250,none,0.07300000000000004,0.02967557364378054,0.046641662170002096,0.0955256410256411,0.15171666727066804,0.13502693249326542,rr_debiased,raw_frequencies,0.0433244263562195,0.06221401041251846,True
grouped_cv,1,,1013,2.0,250,strong,0.18400000000000002,0.27746625534173,0.08026527372193004,0.18618947368421043,0.2791106748914388,0.13502693249326542,poststratified,poststratified,0.0,0.06221401041251846,True
grouped_cv,1,,1013,2.0,500,moderate,0.14500000000000007,0.07613223719014717,0.16425383988833092,0.12342105263157901,0.15171666727066804,0.06580006963722893,rr_debiased,poststratified,0.08812160269818375,0.06221401041251846,True
grouped_cv,1,,1013,2.0,500,none,0.1650000000000001,0.11847002401203746,0.10654400345550044,0.0955256410256411,0.07498551377391478,0.06580006963722893,poststratified,poststratified,0.0,0.06221401041251846,True
grouped_cv,1,,1013,2.0,500,strong,0.17200000000000001,0.23044056163776194,0.12391713651249,0.18618947368421043,0.24239725597514458,0.06580006963722893,poststratified,poststratified,0.0,0.06221401041251846,False
grouped_cv,1,,1013,2.0,1000,moderate,0.10700000000000004,0.05968790688207759,0.07628819299188491,0.12342105263157901,0.15171666727066804,0.06580006963722893,rr_debiased,poststratified,0.016600286109807322,0.06221401041251846,True
grouped_cv,1,,1013,2.0,1000,none,0.13500000000000006,0.061436707907657206,0.06073364786039623,0.0955256410256411,0.07498551377391478,0.06580006963722893,poststratified,poststratified,0.0,0.06221401041251846,True
grouped_cv,1,,1013,2.0,1000,strong,0.19800000000000004,0.26570983191573794,0.0865538324873435,0.18618947368421043,0.24239725597514458,0.06580006963722893,poststratified,poststratified,0.0,0.06221401041251846,False
grouped_cv,1,,1013,2.0,2000,moderate,0.10300000000000006,0.09524169223885431,0.03865952990003846,0.15035000000000007,0.15171666727066804,0.06580006963722893,poststratified,poststratified,0.0,0.06221401041251846,False
grouped_cv,1,,1013,2.0,2000,none,0.09400000000000003,0.02232254202106551,0.02454337268532858,0.0955256410256411,0.07498551377391478,0.06580006963722893,rr_debiased,poststratified,0.002220830664263068,0.06221401041251846,True
grouped_cv,1,,1013,2.0,2000,strong,0.21900000000000006,0.24954474970499893,0.06670667429519131,0.18618947368421043,0.24239725597514458,0.06580006963722893,poststratified,poststratified,0.0,0.06221401041251846,False
grouped_cv,0,,1014,0.25,250,moderate,0.22500000000000003,0.4677216759746718,0.4069480986754321,0.26548333333333346,0.64680527520966,0.6508340043616956,raw_frequencies,raw_frequencies,0.0,0.06023493932516752,False
grouped_cv,0,,1014,0.25,250,none,0.2810000000000001,0.5191644130755305,0.5791120507627268,0.26548333333333346,0.64680527520966,0.6508340043616956,raw_frequencies,raw_frequencies,0.0,0.06023493932516752,False
grouped_cv,0,,1014,0.25,250,strong,0.24100000000000005,0.7208283060915683,1.16,0.26548333333333346,0.7544993104830561,0.6508340043616956,raw_frequencies,raw_frequencies,0.0,0.06023493932516752,False
grouped_cv,0,,1014,0.25,500,moderate,0.281,0.16833402674599046,0.21393674034667606,0.26548333333333346,0.576897831052469,0.6508340043616956,rr_debiased,raw_frequencies,0.11266597325400957,0.06023493932516752,False
grouped_cv,0,,1014,0.25,500,none,0.26100000000000007,0.16583142644852536,0.14522331464944305,0.26548333333333346,0.44850190291492936,0.49199978065521,poststratified,raw_frequencies,0.11577668535055702,0.06023493932516752,False
grouped_cv,0,,1014,0.25,500,strong,0.25700000000000006,0.22083142644852538,0.6166841952504507,0.26548333333333346,0.576897831052469,0.8464305101288314,rr_debiased,raw_frequencies,0.03616857355147468,0.06023493932516752,False
grouped_cv,0,,1014,0.25,1000,moderate,0.29700000000000004,0.35333298662700485,0.22457011101149624,0.26548333333333346,0.325326101291424,0.3359187858697893,poststratified,raw_frequencies,0.0724298889885038,0.06023493932516752,True
grouped_cv,0,,1014,0.25,1000,none,0.3010000000000001,0.6116638930160379,0.6573231446659258,0.26548333333333346,0.325326101291424,0.3359187858697893,raw_frequencies,raw_frequencies,0.0,0.06023493932516752,True
grouped_cv,0,,1014,0.25,1000,strong,0.317,0.5845816864782719,0.32699498398653837,0.26548333333333346,0.4186831975459904,0.47724080612831904,raw_frequencies,raw_frequencies,0.0,0.06023493932516752,False
grouped_cv,0,,1014,0.25,2000,moderate,0.2790000000000001,0.3891654531945164,0.2698833952948678,0.26548333333333346,0.23869316740946697,0.2296676567138555,poststratified,poststratified,0.0,0.06023493932516752,True
grouped_cv,0,,1014,0.25,2000,none,0.2440000000000001,0.25947606797885464,0.2482455381306452,0.26548333333333346,0.23869316740946697,0.2296676567138555,raw_frequencies,poststratified,0.004245538130645099,0.06023493932516752,True
grouped_cv,0,,1014,0.25,2000,strong,0.24900000000000005,0.23239386144108892,0.06164100221834054,0.26548333333333346,0.4186831975459904,0.47724080612831904,poststratified,raw_frequencies,0.18735899778165951,0.06023493932516752,False
grouped_cv,0,,1014,0.5,250,moderate,0.13700000000000007,0.3749999999999999,0.375,0.24688235294117652,0.29790531436837747,0.5281497488005071,raw_frequencies,raw_frequencies,0.0,0.06023493932516752,True
grouped_cv,0,,1014,0.5,250,none,0.24100000000000005,0.22332366862206063,0.24346391834494852,0.2237619047619048,0.29790531436837747,0.3359612325705669,rr_debiased,raw_frequencies,0.01767633137793942,0.06023493932516752,False
grouped_cv,0,,1014,0.5,250,strong,0.25700000000000006,0.4133112425647103,0.2492836020140801,0.24688235294117652,0.45374546622341244,0.5281497488005071,poststratified,raw_frequencies,0.0077163979859199705,0.06023493932516752,False
grouped_cv,0,,1014,0.5,500,moderate,0.24100000000000005,0.30082159761250227,0.3983155920068069,0.25171428571428583,0.29790531436837747,0.2977169004559276,raw_frequencies,raw_frequencies,0.0,0.06023493932516752,True
grouped_cv,0,,1014,0.5,500,none,0.20900000000000007,0.20413698219632967,0.19292030770454732,0.23035384615384613,0.29790531436837747,0.2977169004559276,poststratified,raw_frequencies,0.016079692295452752,0.06023493932516752,False
grouped_cv,0,,1014,0.5,500,strong,0.2330000000000001,0.0691494082536799,0.6094056699976454,0.23035384615384613,0.30468934723793,0.2977169004559276,rr_debiased,raw_frequencies,0.1638505917463202,0.06023493932516752,False
grouped_cv,0,,1014,0.5,1000,moderate,0.20900000000000007,0.18163905320588802,0.24195029698822934,0.23035384615384613,0.18622896246066353,0.20154465170067754,rr_debiased,rr_debiased,0.0,0.06023493932516752,True
grouped_cv,0,,1014,0.5,1000,none,0.2230000000000001,0.0945477810025806,0.11176860159880148,0.23035384615384613,0.18622896246066353,0.20154465170067754,rr_debiased,rr_debiased,0.0,0.06023493932516752,True
grouped_cv,0,,1014,0.5,1000,strong,0.22900000000000004,0.29412869815809584,0.08179513061665047,0.23035384615384613,0.30468934723793,0.20154465170067754,poststratified,poststratified,0.0,0.06023493932516752,True
grouped_cv,0,,1014,0.5,2000,moderate,0.25000000000000006,0.2108298816507359,0.10679786269389008,0.23035384615384613,0.18622896246066353,0.20154465170067754,poststratified,rr_debiased,0.10403201895684583,0.06023493932516752,True
grouped_cv,0,,1014,0.5,2000,none,0.24800000000000005,0.10520954142224223,0.0973383452480148,0.23035384615384613,0.18622896246066353,0.20154465170067754,poststratified,rr_debiased,0.007871196174227435,0.06023493932516752,True
grouped_cv,0,,1014,0.5,2000,strong,0.21800000000000003,0.2547573224248231,0.1325334352481119,0.23035384615384613,0.30468934723793,0.20154465170067754,poststratified,poststratified,0.0,0.06023493932516752,True
grouped_cv,0,,1014,1.0,250,moderate,0.22500000000000003,0.13672093172522687,0.06701599616597473,0.19169811320754718,0.1511716796215157,0.25986481189561633,poststratified,rr_debiased,0.06970493555925214,0.06023493932516752,True
grouped_cv,0,,1014,1.0,250,none,0.23300000000000004,0.16959069558468215,0.1429952646707382,0.19169811320754718,0.1511716796215157,0.25986481189561633,poststratified,rr_debiased,0.02659543091394395,0.06023493932516752,True
grouped_cv,0,,1014,1.0,250,strong,0.14400000000000004,0.3795953285369137,0.33193834036234526,0.2130263157894737,0.23500898200175438,0.25986481189561633,raw_frequencies,raw_frequencies,0.0,0.06023493932516752,True
grouped_cv,0,,1014,1.0,500,moderate,0.193,0.13672093172522684,0.17956900606558968,0.19169811320754718,0.1511716796215157,0.12321341776653892,rr_debiased,poststratified,0.042848074340362835,0.06023493932516752,True
grouped_cv,0,,1014,1.0,500,none,0.1810000000000001,0.02803487551125175,0.03661424215769729,0.19169811320754718,0.1511716796215157,0.12321341776653892,rr_debiased,poststratified,0.008579366646445541,0.06023493932516752,True
grouped_cv,0,,1014,1.0,500,strong,0.26000000000000006,0.5333674152909605,0.2618110323919814,0.19169811320754718,0.23500898200175438,0.12321341776653892,raw_frequencies,poststratified,0.0018110323919813265,0.06023493932516752,False
grouped_cv,0,,1014,1.0,1000,moderate,0.23500000000000004,0.15868837269009073,0.15796781086841166,0.18901538461538467,0.1511716796215157,0.12321341776653892,poststratified,poststratified,0.0,0.06023493932516752,True
grouped_cv,0,,1014,1.0,1000,none,0.203,0.06524535100157891,0.07471134990938069,0.18901538461538467,0.069512236118267,0.12321341776653892,rr_debiased,rr_debiased,0.0,0.06023493932516752,True
grouped_cv,0,,1014,1.0,1000,strong,0.17600000000000005,0.2807418441950263,0.17085416006850002,0.17873417721518994,0.2741222417281689,0.12321341776653892,poststratified,poststratified,0.0,0.06023493932516752,True
grouped_cv,0,,1014,1.0,2000,moderate,0.193,0.17241802329313055,0.04959700721856475,0.17873417721518994,0.1511716796215157,0.12321341776653892,poststratified,poststratified,0.0,0.06023493932516752,True
grouped_cv,0,,1014,1.0,2000,none,0.1800000000000001,0.07754301527003585,0.07136616245857544,0.18901538461538467,0.069512236118267,0.12321341776653892,poststratified,rr_debiased,0.006176852811460409,0.06023493932516752,True
grouped_cv,0,,1014,1.0,2000,strong,0.17900000000000005,0.18738022009435495,0.08574796192673362,0.17873417721518994,0.2741222417281689,0.12321341776653892,poststratified,poststratified,0.0,0.06023493932516752,True
grouped_cv,0,,1014,2.0,250,moderate,0.1610000000000001,0.11847002401203754,0.09039830194314621,0.12611235955056177,0.1511716796215157,0.13210957943366053,poststratified,raw_frequencies,0.07060169805685387,0.06023493932516752,True
grouped_cv,0,,1014,2.0,250,none,0.04099999999999998,0.10490202108181002,0.09896392593527276,0.09702040816326533,0.1511716796215157,0.13210957943366053,raw_frequencies,raw_frequencies,0.0,0.06023493932516752,True
grouped_cv,0,,1014,2.0,250,strong,0.22400000000000003,0.24779068169794927,0.1531780241966802,0.17677358490566036,0.23500898200175438,0.13210957943366053,poststratified,poststratified,0.0,0.06023493932516752,True
grouped_cv,0,,1014,2.0,500,moderate,0.15600000000000003,0.14786108257701733,0.125663795604198,0.12611235955056177,0.1511716796215157,0.06509802763741829,poststratified,poststratified,0.0,0.06023493932516752,False
grouped_cv,0,,1014,2.0,500,none,0.09700000000000003,0.03995717716005351,0.03388846597761308,0.09702040816326533,0.069512236118267,0.06509802763741829,poststratified,poststratified,0.0,0.06023493932516752,True
grouped_cv,0,,1014,2.0,500,strong,0.17600000000000002,0.23631877335075793,0.017704571762839072,0.17677358490566036,0.23500898200175438,0.06509802763741829,poststratified,poststratified,0.0,0.06023493932516752,False
grouped_cv,0,,1014,2.0,1000,moderate,0.08900000000000005,0.045276892678388414,0.07838938729594586,0.12611235955056177,0.1511716796215157,0.06509802763741829,rr_debiased,poststratified,0.03311249461755744,0.06023493932516752,False
grouped_cv,0,,1014,2.0,1000,none,0.08300000000000005,0.04821599853488631,0.05444945117034489,0.09702040816326533,0.069512236118267,0.06509802763741829,rr_debiased,poststratified,0.006233452635458575,0.06023493932516752,True
grouped_cv,0,,1014,2.0,1000,strong,0.19400000000000003,0.20398860892928003,0.09653589246711686,0.19575000000000006,0.2741222417281689,0.06509802763741829,poststratified,poststratified,0.0,0.06023493932516752,False
grouped_cv,0,,1014,2.0,2000,moderate,0.14600000000000005,0.15990202108181012,0.04898502424366402,0.12611235955056177,0.1511716796215157,0.06509802763741829,poststratified,poststratified,0.0,0.06023493932516752,False
grouped_cv,0,,1014,2.0,2000,none,0.08300000000000005,0.021764045826404427,0.01600620080888504,0.09702040816326533,0.069512236118267,0.06509802763741829,poststratified,poststratified,0.0,0.06023493932516752,True
grouped_cv,0,,1014,2.0,2000,strong,0.19100000000000003,0.20986682064227602,0.06689546955901673,0.17677358490566036,0.23500898200175438,0.06509802763741829,poststratified,poststratified,0.0,0.06023493932516752,False
grouped_cv,4,,1015,0.25,250,moderate,0.2970000000000001,0.5191644130755305,0.7314064898692221,0.2862307692307693,0.628097641144134,0.7179986100193483,raw_frequencies,raw_frequencies,0.0,0.05787031560327446,False
grouped_cv,4,,1015,0.25,250,none,0.20900000000000002,0.9803531540783139,0.9694495839609616,0.26168707482993186,0.628097641144134,0.46274247234464405,raw_frequencies,raw_frequencies,0.0,0.05787031560327446,False
grouped_cv,4,,1015,0.25,250,strong,0.36900000000000005,0.9357058100041108,0.4772111962431056,0.26873626373626386,0.7091466167111942,0.8080062573690292,raw_frequencies,raw_frequencies,0.0,0.05787031560327446,False
grouped_cv,4,,1015,0.25,500,moderate,0.28900000000000003,0.26083350668649774,0.15617606579117516,0.2862307692307693,0.5594424293361455,0.6209057920651021,poststratified,raw_frequencies,0.13282393420882488,0.05787031560327446,False
grouped_cv,4,,1015,0.25,500,none,0.30900000000000005,0.5191644130755309,0.5998981118108462,0.26168707482993186,0.5594424293361455,0.6209057920651021,raw_frequencies,raw_frequencies,0.0,0.05787031560327446,False
grouped_cv,4,,1015,0.25,500,strong,0.2890000000000001,0.5654141530457841,0.4973768711386876,0.26873626373626386,0.5594424293361455,0.7179986100193483,raw_frequencies,raw_frequencies,0.0,0.05787031560327446,False
grouped_cv,4,,1015,0.25,1000,moderate,0.24500000000000005,0.327705516344413,0.21062847649172664,0.26168707482993186,0.34317399327807163,0.3427978232621979,poststratified,raw_frequencies,0.03437152350827341,0.05787031560327446,False
grouped_cv,4,,1015,0.25,1000,none,0.26700000000000007,0.6579136329862914,0.6503784618464945,0.25991666666666674,0.34317399327807163,0.3427978232621979,raw_frequencies,raw_frequencies,0.0,0.05787031560327446,False
grouped_cv,4,,1015,0.25,1000,strong,0.30300000000000005,0.42270759658238516,0.3532035721723322,0.26873626373626386,0.3984613651138653,0.41391483268725404,raw_frequencies,raw_frequencies,0.0,0.05787031560327446,False
grouped_cv,4,,1015,0.25,2000,moderate,0.2860000000000001,0.34572788818707967,0.49409395727820116,0.25991666666666674,0.24323643779353263,0.21394180591475329,raw_frequencies,poststratified,0.20809395727820107,0.05787031560327446,True
grouped_cv,4,,1015,0.25,2000,none,0.26000000000000006,0.09645681649314503,0.0912735825623677,0.26168707482993186,0.24323643779353263,0.21394180591475329,poststratified,poststratified,0.0,0.05787031560327446,True
grouped_cv,4,,1015,0.25,2000,strong,0.2690000000000001,0.11447918833581175,0.6057366296471678,0.26873626373626386,0.4862001795384184,0.4982196491220802,rr_debiased,raw_frequencies,0.15452081166418832,0.05787031560327446,False
grouped_cv,4,,1015,0.5,250,moderate,0.21700000000000008,0.18163905320588805,0.4474041169208152,0.20617391304347826,0.3145202385840877,0.3232291622795258,rr_debiased,raw_frequencies,0.03536094679411203,0.05787031560327446,False
grouped_cv,4,,1015,0.5,250,none,0.21700000000000003,0.21663076916765417,0.18157094221818051,0.23541666666666672,0.3145202385840877,0.3232291622795258,poststratified,raw_frequencies,0.03542905778181951,0.05787031560327446,False
grouped_cv,4,,1015,0.5,250,strong,0.25700000000000006,0.32331952660294383,0.1684293155900335,0.23038135593220344,0.47520417181104346,0.4511992184308143,poststratified,raw_frequencies,0.08857068440996657,0.05787031560327446,False
grouped_cv,4,,1015,0.5,500,moderate,0.24500000000000005,0.09834023669852782,0.1895272680064341,0.24970370370370365,0.3145202385840877,0.3232291622795258,rr_debiased,raw_frequencies,0.14665976330147223,0.05787031560327446,False
grouped_cv,4,,1015,0.5,500,none,0.1770000000000001,0.35327396439265857,0.36389647323802476,0.23541666666666672,0.3145202385840877,0.3232291622795258,raw_frequencies,raw_frequencies,0.0,0.05787031560327446,False
grouped_cv,4,,1015,0.5,500,strong,0.2690000000000001,0.5707967454978016,0.12760122227772824,0.23038135593220344,0.31505265989391806,0.4511992184308143,poststratified,raw_frequencies,0.14139877772227183,0.05787031560327446,False
grouped_cv,4,,1015,0.5,1000,moderate,0.203,0.5191079880625119,0.30232810539970645,0.24970370370370365,0.18041758579691125,0.1619253032255774,raw_frequencies,poststratified,0.09932810539970643,0.05787031560327446,True
grouped_cv,4,,1015,0.5,1000,none,0.1630000000000001,0.3749999999999999,0.3749999999999999,0.23541666666666672,0.18041758579691125,0.1619253032255774,raw_frequencies,poststratified,0.2119999999999998,0.05787031560327446,True
grouped_cv,4,,1015,0.5,1000,strong,0.1790000000000001,0.3420249998974379,0.3749999999999999,0.23038135593220344,0.31505265989391806,0.25725745013428153,raw_frequencies,raw_frequencies,0.0,0.05787031560327446,True
grouped_cv,4,,1015,0.5,2000,moderate,0.26700000000000007,0.23895229288878783,0.2019412290408683,0.24970370370370365,0.18041758579691125,0.1619253032255774,poststratified,poststratified,0.0,0.05787031560327446,True
grouped_cv,4,,1015,0.5,2000,none,0.264,0.1360559911494456,0.14007534868460508,0.23541666666666672,0.18041758579691125,0.1619253032255774,rr_debiased,poststratified,0.0040193575351594735,0.05787031560327446,True
grouped_cv,4,,1015,0.5,2000,strong,0.22700000000000004,0.2547573224248231,0.2587189164599434,0.23038135593220344,0.31505265989391806,0.25725745013428153,raw_frequencies,raw_frequencies,0.0,0.05787031560327446,True
grouped_cv,4,,1015,1.0,250,moderate,0.16000000000000003,0.2258232417828667,0.10511927913908867,0.19333333333333333,0.149101016448701,0.2589720383691066,poststratified,rr_debiased,0.12070396264377803,0.05787031560327446,True
grouped_cv,4,,1015,1.0,250,none,0.1690000000000001,0.04516742812791194,0.05804837475018271,0.19333333333333333,0.06821049518549896,0.2589720383691066,rr_debiased,rr_debiased,0.0,0.05787031560327446,False
grouped_cv,4,,1015,1.0,250,strong,0.12900000000000006,0.18188835985313914,0.21784605883512836,0.21508333333333338,0.2734083118667221,0.2589720383691066,raw_frequencies,raw_frequencies,0.0,0.05787031560327446,True
grouped_cv,4,,1015,1.0,500,moderate,0.12900000000000006,0.15500463295223124,0.1237034175978099,0.19333333333333333,0.149101016448701,0.12220932397348544,poststratified,poststratified,0.0,0.05787031560327446,True
grouped_cv,4,,1015,1.0,500,none,0.1610000000000001,0.06713486909277583,0.06888628268135638,0.19333333333333333,0.149101016448701,0.12220932397348544,rr_debiased,poststratified,0.0017514135885805526,0.05787031560327446,True
grouped_cv,4,,1015,1.0,500,strong,0.19700000000000006,0.04885116786577165,0.4026178634668653,0.21508333333333338,0.2734083118667221,0.12220932397348544,rr_debiased,poststratified,0.35376669560109364,0.05787031560327446,False
grouped_cv,4,,1015,1.0,1000,moderate,0.1850000000000001,0.11049417671733161,0.07707366605049484,0.17990000000000006,0.149101016448701,0.12220932397348544,poststratified,poststratified,0.0,0.05787031560327446,True
grouped_cv,4,,1015,1.0,1000,none,0.22900000000000004,0.11958837910856668,0.116914470341863,0.18745312500000014,0.06821049518549896,0.12220932397348544,poststratified,rr_debiased,0.0026739087667036754,0.05787031560327446,True
grouped_cv,4,,1015,1.0,1000,strong,0.186,0.31369300564232194,0.04803164652254746,0.17990000000000006,0.2734083118667221,0.12220932397348544,poststratified,poststratified,0.0,0.05787031560327446,True
grouped_cv,4,,1015,1.0,2000,moderate,0.1800000000000001,0.052748246596723586,0.13786318648643092,0.18745312500000014,0.149101016448701,0.12220932397348544,rr_debiased,poststratified,0.08511493988970734,0.05787031560327446,True
grouped_cv,4,,1015,1.0,2000,none,0.21700000000000003,0.13114767389617046,0.1265151102060569,0.18745312500000014,0.06821049518549896,0.12220932397348544,poststratified,rr_debiased,0.004632563690113556,0.05787031560327446,True
grouped_cv,4,,1015,1.0,2000,strong,0.14700000000000008,0.19287208033557104,0.060717976409230406,0.17990000000000006,0.2734083118667221,0.12220932397348544,poststratified,poststratified,0.0,0.05787031560327446,True
grouped_cv,4,,1015,2.0,250,moderate,0.184,0.1890085645679893,0.1232172365173852,0.12822105263157899,0.149101016448701,0.1286678683454808,poststratified,raw_frequencies,0.0607827634826148,0.05787031560327446,True
grouped_cv,4,,1015,2.0,250,none,0.13500000000000004,0.25395340848974596,0.23723634787385717,0.09760215053763449,0.06821049518549896,0.1286678683454808,raw_frequencies,rr_debiased,0.11895340848974592,0.05787031560327446,True
grouped_cv,4,,1015,2.0,250,strong,0.07200000000000001,0.12463275080383412,0.2847422974021956,0.18933333333333335,0.23644675213875183,0.1286678683454808,raw_frequencies,poststratified,0.21274229740219558,0.05787031560327446,False
grouped_cv,4,,1015,2.0,500,moderate,0.088,0.12463275080383418,0.04019277153606926,0.12822105263157899,0.149101016448701,0.06692207343381032,poststratified,poststratified,0.0,0.05787031560327446,False
grouped_cv,4,,1015,2.0,500,none,0.05300000000000002,0.05906663220876049,0.05384139616163258,0.09760215053763449,0.06821049518549896,0.06692207343381032,raw_frequencies,poststratified,0.0008413961616325627,0.05787031560327446,True
grouped_cv,4,,1015,2.0,500,strong,0.15200000000000005,0.17753665622079812,0.12235969022061202,0.1767567567567568,0.23644675213875183,0.06692207343381032,poststratified,poststratified,0.0,0.05787031560327446,False
grouped_cv,4,,1015,2.0,1000,moderate,0.13000000000000003,0.11581543323434024,0.020731477694855838,0.12822105263157899,0.149101016448701,0.06692207343381032,poststratified,poststratified,0.0,0.05787031560327446,False
grouped_cv,4,,1015,2.0,1000,none,0.11500000000000005,0.0320456493426772,0.03815935889764702,0.09760215053763449,0.06821049518549896,0.06692207343381032,rr_debiased,poststratified,0.006113709554969815,0.05787031560327446,True
grouped_cv,4,,1015,2.0,1000,strong,0.24200000000000002,0.3333092666151917,0.06929247554346704,0.18933333333333335,0.23644675213875183,0.06692207343381032,poststratified,poststratified,0.0,0.05787031560327446,False
grouped_cv,4,,1015,2.0,2000,moderate,0.13500000000000004,0.14520649179932016,0.017252940742979145,0.12822105263157899,0.149101016448701,0.06692207343381032,poststratified,poststratified,0.0,0.05787031560327446,False
grouped_cv,4,,1015,2.0,2000,none,0.07200000000000009,0.057876327377842124,0.06394143589604992,0.09760215053763449,0.06821049518549896,0.06692207343381032,rr_debiased,poststratified,0.006065108518207796,0.05787031560327446,True
grouped_cv,4,,1015,2.0,2000,strong,0.19900000000000004,0.26130117313099094,0.06636431542886365,0.18933333333333335,0.23644675213875183,0.06692207343381032,poststratified,poststratified,0.0,0.05787031560327446,False
grouped_cv,3,,1016,0.25,250,moderate,0.2250000000000001,0.3749999999999999,0.09834701513531094,0.26920359281437123,0.5856056675137623,0.6560874585834902,poststratified,raw_frequencies,0.12665298486468915,0.05859938015416227,False
grouped_cv,3,,1016,0.25,250,none,0.20900000000000002,0.523668266675916,0.5018305956389425,0.26920359281437123,0.5856056675137623,0.45384765558407714,raw_frequencies,raw_frequencies,0.0,0.05859938015416227,False
grouped_cv,3,,1016,0.25,250,strong,0.36100000000000004,1.0933288261510614,1.0544776367430104,0.2648846153846154,0.7404237089200169,0.8271825474760018,raw_frequencies,raw_frequencies,0.0,0.05859938015416227,False
grouped_cv,3,,1016,0.25,500,moderate,0.21300000000000002,0.3868244323096031,0.37499999999999994,0.26920359281437123,0.5856056675137623,0.6560874585834902,raw_frequencies,raw_frequencies,0.0,0.05859938015416227,False
grouped_cv,3,,1016,0.25,500,none,0.18500000000000005,0.6474662693747797,0.6840410442663186,0.26920359281437123,0.5856056675137623,0.45384765558407714,raw_frequencies,raw_frequencies,0.0,0.05859938015416227,False
grouped_cv,3,,1016,0.25,500,strong,0.26500000000000007,0.12833194650801827,0.8400000000000001,0.2648846153846154,0.7404237089200169,0.8271825474760018,rr_debiased,raw_frequencies,0.1366680534919818,0.05859938015416227,False
grouped_cv,3,,1016,0.25,1000,moderate,0.275,0.09895941679061032,0.3232849351519408,0.26920359281437123,0.3933633398915197,0.38786604241651584,rr_debiased,raw_frequencies,0.1760405832093897,0.05859938015416227,False
grouped_cv,3,,1016,0.25,1000,none,0.28900000000000003,0.27354110326888276,0.28359145971464306,0.26920359281437123,0.3933633398915197,0.38786604241651584,rr_debiased,raw_frequencies,0.015458896731117278,0.05859938015416227,False
grouped_cv,3,,1016,0.25,1000,strong,0.3030000000000001,0.84,0.8400000000000001,0.2648846153846154,0.430010578876862,0.4720044050627425,raw_frequencies,raw_frequencies,0.0,0.05859938015416227,False
grouped_cv,3,,1016,0.25,2000,moderate,0.2810000000000001,0.4585400631498968,0.3354062752304296,0.26920359281437123,0.26479032317964313,0.24890459608232623,raw_frequencies,poststratified,0.05440627523042951,0.05859938015416227,True
grouped_cv,3,,1016,0.25,2000,none,0.259,0.11676951151545559,0.14091646165770202,0.26920359281437123,0.26479032317964313,0.24890459608232623,rr_debiased,poststratified,0.024146950142246437,0.05859938015416227,True
grouped_cv,3,,1016,0.25,2000,strong,0.25700000000000006,0.44051769130723,0.3011626136315225,0.2648846153846154,0.430010578876862,0.4720044050627425,raw_frequencies,raw_frequencies,0.0,0.05859938015416227,False
grouped_cv,3,,1016,0.5,250,moderate,0.21700000000000008,0.12829467448824297,0.24022612226446183,0.2357767857142856,0.28788710140392404,0.3170783706447909,rr_debiased,raw_frequencies,0.08870532551175711,0.05859938015416227,True
grouped_cv,3,,1016,0.5,250,none,0.2810000000000001,0.368315384583827,0.3601641827147506,0.2357767857142856,0.28788710140392404,0.3170783706447909,raw_frequencies,raw_frequencies,0.0,0.05859938015416227,True
grouped_cv,3,,1016,0.5,250,strong,0.329,0.5016473372441215,0.9446812248347011,0.2357767857142856,0.39310042879118584,0.3170783706447909,raw_frequencies,raw_frequencies,0.0,0.05859938015416227,False
grouped_cv,3,,1016,0.5,500,moderate,0.2730000000000001,0.30082159761250227,0.21041561623930993,0.2357767857142856,0.28788710140392404,0.3170783706447909,poststratified,raw_frequencies,0.06258438376069014,0.05859938015416227,True
grouped_cv,3,,1016,0.5,500,none,0.26100000000000007,0.1658340236698526,0.19233731723831451,0.2357767857142856,0.28788710140392404,0.3170783706447909,rr_debiased,raw_frequencies,0.09516597633014748,0.05859938015416227,True
grouped_cv,3,,1016,0.5,500,strong,0.273,0.1866763313779392,0.20487649451800594,0.2357767857142856,0.39310042879118584,0.48328754834694115,rr_debiased,raw_frequencies,0.08632366862206081,0.05859938015416227,False
grouped_cv,3,,1016,0.5,1000,moderate,0.23700000000000004,0.21538594669155023,0.07714011798533335,0.2357767857142856,0.18717700548662056,0.25104461916823834,poststratified,rr_debiased,0.13824582870621688,0.05859938015416227,True
grouped_cv,3,,1016,0.5,1000,none,0.1830000000000001,0.31952707090699617,0.318259450214011,0.2357767857142856,0.18717700548662056,0.16501819813781474,raw_frequencies,poststratified,0.13525945021401087,0.05859938015416227,True
grouped_cv,3,,1016,0.5,1000,strong,0.20500000000000007,0.2153859466915506,0.3228400795820804,0.24791666666666667,0.39310042879118584,0.25104461916823834,raw_frequencies,raw_frequencies,0.0,0.05859938015416227,True
grouped_cv,3,,1016,0.5,2000,moderate,0.26000000000000006,0.11355806215900424,0.25360711384675205,0.2357767857142856,0.18717700548662056,0.16501819813781474,rr_debiased,poststratified,0.1400490516877478,0.05859938015416227,True
grouped_cv,3,,1016,0.5,2000,none,0.25500000000000006,0.09958505917463176,0.11037866735300142,0.2357767857142856,0.18717700548662056,0.16501819813781474,rr_debiased,poststratified,0.010793608178369662,0.05859938015416227,True
grouped_cv,3,,1016,0.5,2000,strong,0.22800000000000004,0.32225110939614776,0.4748894733883334,0.22000000000000006,0.22501007145567284,0.25104461916823834,raw_frequencies,raw_frequencies,0.0,0.05859938015416227,True
grouped_cv,3,,1016,1.0,250,moderate,0.2250000000000001,0.10860465862613478,0.1311576706105072,0.19100000000000003,0.1521874241904391,0.24216393636251954,rr_debiased,rr_debiased,0.0,0.05859938015416227,True
grouped_cv,3,,1016,1.0,250,none,0.313,0.3502465092396368,0.29342722740668725,0.19100000000000003,0.1521874241904391,0.24216393636251954,poststratified,rr_debiased,0.05681928183294954,0.05859938015416227,True
grouped_cv,3,,1016,1.0,250,strong,0.26400000000000007,0.4222976642684569,0.41259466960683167,0.2105660377358491,0.25706708635470565,0.24216393636251954,raw_frequencies,raw_frequencies,0.0,0.05859938015416227,True
grouped_cv,3,,1016,1.0,500,moderate,0.197,0.07073721124279483,0.20021954304223816,0.19100000000000003,0.1521874241904391,0.12474591621216383,rr_debiased,poststratified,0.12948233179944332,0.05859938015416227,True
grouped_cv,3,,1016,1.0,500,none,0.1810000000000001,0.017051155028819848,0.029272606730414263,0.19100000000000003,0.1521874241904391,0.12474591621216383,rr_debiased,poststratified,0.012221451701594416,0.05859938015416227,True
grouped_cv,3,,1016,1.0,500,strong,0.19200000000000006,0.26975812371259433,0.21168462650172462,0.2105660377358491,0.25706708635470565,0.12474591621216383,raw_frequencies,poststratified,0.01968462650172456,0.05859938015416227,False
grouped_cv,3,,1016,1.0,1000,moderate,0.1790000000000001,0.11049417671733161,0.04645428026364329,0.1816666666666667,0.1521874241904391,0.12474591621216383,poststratified,poststratified,0.0,0.05859938015416227,True
grouped_cv,3,,1016,1.0,1000,none,0.1830000000000001,0.0067244064394002545,0.005861954839427724,0.1871363636363637,0.07230945622759828,0.12474591621216383,poststratified,rr_debiased,0.0008624515999725302,0.05859938015416227,True
grouped_cv,3,,1016,1.0,1000,strong,0.19800000000000006,0.2697581237125944,0.0719504904005216,0.1816666666666667,0.25706708635470565,0.12474591621216383,poststratified,poststratified,0.0,0.05859938015416227,True
grouped_cv,3,,1016,1.0,2000,moderate,0.18800000000000006,0.2148395213004347,0.07619762914065109,0.1816666666666667,0.1521874241904391,0.12474591621216383,poststratified,poststratified,0.0,0.05859938015416227,True
grouped_cv,3,,1016,1.0,2000,none,0.20500000000000002,0.12299128112218694,0.1243440520760136,0.1871363636363637,0.07230945622759828,0.12474591621216383,rr_debiased,rr_debiased,0.0,0.05859938015416227,True
grouped_cv,3,,1016,1.0,2000,strong,0.17900000000000005,0.20385580081800286,0.010049230291020561,0.1816666666666667,0.25706708635470565,0.12474591621216383,poststratified,poststratified,0.0,0.05859938015416227,True
grouped_cv,3,,1016,2.0,250,moderate,0.07100000000000001,0.15990202108181006,0.17425088312445658,0.1878133333333334,0.1989650132782184,0.13767314851000326,raw_frequencies,poststratified,0.10325088312445657,0.05859938015416227,True
grouped_cv,3,,1016,2.0,250,none,0.09700000000000003,0.01644433030806955,0.03244647851526733,0.0990102040816327,0.1521874241904391,0.13767314851000326,rr_debiased,raw_frequencies,0.08055566969193048,0.05859938015416227,True
grouped_cv,3,,1016,2.0,250,strong,0.192,0.20076498799398115,0.1348470875793264,0.1878133333333334,0.25706708635470565,0.13767314851000326,poststratified,poststratified,0.0,0.05859938015416227,True
grouped_cv,3,,1016,2.0,500,moderate,0.11200000000000004,0.08320075373406158,0.0628210563508918,0.13114606741573037,0.1521874241904391,0.06392626466451415,poststratified,poststratified,0.0,0.05859938015416227,False
grouped_cv,3,,1016,2.0,500,none,0.14900000000000008,0.10671360058604554,0.10777369968693057,0.0990102040816327,0.07230945622759828,0.06392626466451415,rr_debiased,poststratified,0.0010600991008850313,0.05859938015416227,True
grouped_cv,3,,1016,2.0,500,strong,0.23600000000000002,0.3068573139067098,0.0533260886835456,0.1878133333333334,0.25706708635470565,0.06392626466451415,poststratified,poststratified,0.0,0.05859938015416227,False
grouped_cv,3,,1016,2.0,1000,moderate,0.11300000000000004,0.06556611859507361,0.10758543656952627,0.13114606741573037,0.1521874241904391,0.06392626466451415,rr_debiased,poststratified,0.04201931797445266,0.05859938015416227,False
grouped_cv,3,,1016,2.0,1000,none,0.09100000000000011,0.04318079809535219,0.05046786692861527,0.0990102040816327,0.07230945622759828,0.06392626466451415,rr_debiased,poststratified,0.007287068833263077,0.05859938015416227,True
grouped_cv,3,,1016,2.0,1000,strong,0.202,0.3097964197632078,0.08526325220583575,0.1878133333333334,0.25706708635470565,0.06392626466451415,poststratified,poststratified,0.0,0.05859938015416227,False
grouped_cv,3,,1016,2.0,2000,moderate,0.099,0.10846766859309526,0.04251777003017096,0.13114606741573037,0.1521874241904391,0.06392626466451415,poststratified,poststratified,0.0,0.05859938015416227,False
grouped_cv,3,,1016,2.0,2000,none,0.09100000000000005,0.01000762240041242,0.011861042144679368,0.0990102040816327,0.07230945622759828,0.06392626466451415,rr_debiased,poststratified,0.0018534197442669487,0.05859938015416227,True
grouped_cv,3,,1016,2.0,2000,strong,0.22500000000000006,0.252483855561497,0.07561097726299015,0.17484615384615393,0.25706708635470565,0.06392626466451415,poststratified,poststratified,0.0,0.05859938015416227,False
grouped_cv,2,,1017,0.25,250,moderate,0.26500000000000007,0.4983298662700469,0.411560477013682,0.26869444444444446,0.7102980625710203,0.8506242342470567,raw_frequencies,raw_frequencies,0.0,0.05880112746507657,False
grouped_cv,2,,1017,0.25,250,none,0.24900000000000005,0.7758283060915684,0.6395550801805323,0.26869444444444446,0.5928140355112443,0.6192250145099641,raw_frequencies,raw_frequencies,0.0,0.05880112746507657,False
grouped_cv,2,,1017,0.25,250,strong,0.38500000000000006,1.3708272659725829,1.625,0.26869444444444446,0.7102980625710203,0.8506242342470567,raw_frequencies,raw_frequencies,0.0,0.05880112746507657,False
grouped_cv,2,,1017,0.25,500,moderate,0.22900000000000004,0.6319561670119727,0.845351807180599,0.26284615384615384,0.4226498820564081,0.49405398003268597,raw_frequencies,raw_frequencies,0.0,0.05880112746507657,False
grouped_cv,2,,1017,0.25,500,none,0.2770000000000001,0.2504162332837555,0.2848508133446243,0.2716764705882354,0.4226498820564081,0.49405398003268597,rr_debiased,raw_frequencies,0.026583766716244572,0.05880112746507657,False
grouped_cv,2,,1017,0.25,500,strong,0.26100000000000007,0.2208314264485254,0.6228563254051285,0.26284615384615384,0.6017664854446568,0.6947714324068957,rr_debiased,raw_frequencies,0.04016857355147466,0.05880112746507657,False
grouped_cv,2,,1017,0.25,1000,moderate,0.30100000000000005,0.39958272659725835,0.3430039305409378,0.26284615384615384,0.4226498820564081,0.37193983908747863,raw_frequencies,raw_frequencies,0.0,0.05880112746507657,False
grouped_cv,2,,1017,0.25,1000,none,0.22500000000000003,0.7754433519493441,0.7785253709181574,0.26284615384615384,0.4226498820564081,0.27986257679975934,raw_frequencies,raw_frequencies,0.0,0.05880112746507657,True
grouped_cv,2,,1017,0.25,1000,strong,0.28900000000000003,0.3660405832093899,0.3955301024966633,0.26284615384615384,0.4226498820564081,0.3916339244191131,raw_frequencies,raw_frequencies,0.0,0.05880112746507657,False
grouped_cv,2,,1017,0.25,2000,moderate,0.274,0.08739698179804692,0.2740840201270409,0.26284615384615384,0.36691495543028463,0.37193983908747863,rr_debiased,raw_frequencies,0.1866030182019531,0.05880112746507657,False
grouped_cv,2,,1017,0.25,2000,none,0.2710000000000001,0.24166597325400918,0.23868758730837641,0.26284615384615384,0.24972088162441802,0.27986257679975934,poststratified,rr_debiased,0.0029783859456327666,0.05880112746507657,True
grouped_cv,2,,1017,0.25,2000,strong,0.2790000000000001,0.7129136329862915,0.5232429392735243,0.26284615384615384,0.36691495543028463,0.3916339244191131,raw_frequencies,raw_frequencies,0.0,0.05880112746507657,False
grouped_cv,2,,1017,0.5,250,moderate,0.20100000000000007,0.22663491118677126,0.06032384967842083,0.23260176991150436,0.2977325670040637,0.32508421094106466,poststratified,raw_frequencies,0.14067615032157924,0.05880112746507657,False
grouped_cv,2,,1017,0.5,250,none,0.265,0.14168047339705608,0.16419949344783624,0.23260176991150436,0.2977325670040637,0.32508421094106466,rr_debiased,raw_frequencies,0.12331952660294393,0.05880112746507657,False
grouped_cv,2,,1017,0.5,250,strong,0.4010000000000001,0.9066100590720703,0.8548870249931836,0.2164583333333334,0.4785360240085201,0.4590595856705373,raw_frequencies,raw_frequencies,0.0,0.05880112746507657,False
grouped_cv,2,,1017,0.5,500,moderate,0.24500000000000005,0.20082573963161898,0.4292285815411478,0.23260176991150436,0.2977325670040637,0.32508421094106466,rr_debiased,raw_frequencies,0.04417426036838107,0.05880112746507657,False
grouped_cv,2,,1017,0.5,500,none,0.2690000000000001,0.1641784023874978,0.20532088374020163,0.23260176991150436,0.2977325670040637,0.32508421094106466,rr_debiased,raw_frequencies,0.10482159761250226,0.05880112746507657,False
grouped_cv,2,,1017,0.5,500,strong,0.24500000000000005,0.5258008875169182,0.36440685622918856,0.23260176991150436,0.3154456982385197,0.4590595856705373,raw_frequencies,raw_frequencies,0.0,0.05880112746507657,False
grouped_cv,2,,1017,0.5,1000,moderate,0.24900000000000005,0.23332781064117744,0.027332490711018037,0.23260176991150436,0.188078003237553,0.17594031854817893,poststratified,poststratified,0.0,0.05880112746507657,True
grouped_cv,2,,1017,0.5,1000,none,0.21100000000000008,0.16204156797390545,0.14190792835543786,0.23260176991150436,0.188078003237553,0.17594031854817893,poststratified,poststratified,0.0,0.05880112746507657,True
grouped_cv,2,,1017,0.5,1000,strong,0.24500000000000005,0.5482988165073599,0.5483124124394051,0.2463684210526315,0.3154456982385197,0.17594031854817893,raw_frequencies,poststratified,0.30331241243940504,0.05880112746507657,False
grouped_cv,2,,1017,0.5,2000,moderate,0.22900000000000004,0.226634911186771,0.05556726681892224,0.23260176991150436,0.188078003237553,0.17594031854817893,poststratified,poststratified,0.0,0.05880112746507657,True
grouped_cv,2,,1017,0.5,2000,none,0.22700000000000004,0.1210145709582773,0.12522078232379968,0.23260176991150436,0.188078003237553,0.17594031854817893,rr_debiased,poststratified,0.004206211365522378,0.05880112746507657,True
grouped_cv,2,,1017,0.5,2000,strong,0.22100000000000009,0.10579674549780144,0.21956428169485992,0.2463684210526315,0.3154456982385197,0.26356966519792724,rr_debiased,raw_frequencies,0.11520325450219865,0.05880112746507657,True
grouped_cv,2,,1017,1.0,250,moderate,0.13700000000000007,0.18188835985313917,0.20996397773030123,0.19402970297029698,0.14866489982601522,0.21381967712915598,raw_frequencies,rr_debiased,0.044888359853139104,0.05880112746507657,True
grouped_cv,2,,1017,1.0,250,none,0.24900000000000005,0.1745069815207263,0.17073967382792632,0.19402970297029698,0.07636525262718091,0.21381967712915598,poststratified,rr_debiased,0.0037673076927999816,0.05880112746507657,False
grouped_cv,2,,1017,1.0,250,strong,0.25600000000000006,0.46746509239636896,0.30798047169361054,0.19402970297029698,0.2050635772145263,0.21381967712915598,raw_frequencies,raw_frequencies,0.0,0.05880112746507657,True
grouped_cv,2,,1017,1.0,500,moderate,0.20900000000000007,0.07081860883063545,0.15367199405109222,0.19402970297029698,0.14866489982601522,0.21381967712915598,rr_debiased,rr_debiased,0.0,0.05880112746507657,True
grouped_cv,2,,1017,1.0,500,none,0.19300000000000006,0.07081860883063543,0.08601022879265122,0.19402970297029698,0.07636525262718091,0.21381967712915598,rr_debiased,rr_debiased,0.0,0.05880112746507657,False
grouped_cv,2,,1017,1.0,500,strong,0.1770000000000001,0.13795347792341145,0.23326517946251604,0.21006976744186048,0.25852973780059246,0.21381967712915598,rr_debiased,raw_frequencies,0.03904652207658865,0.05880112746507657,True
grouped_cv,2,,1017,1.0,1000,moderate,0.197,0.1311476738961705,0.25142725740585975,0.181308510638298,0.14866489982601522,0.0977455233015351,rr_debiased,poststratified,0.12027958350968926,0.05880112746507657,True
grouped_cv,2,,1017,1.0,1000,none,0.19300000000000006,0.09278604979549934,0.09690744340701002,0.1911800000000001,0.07636525262718091,0.0977455233015351,rr_debiased,rr_debiased,0.0,0.05880112746507657,True
grouped_cv,2,,1017,1.0,1000,strong,0.17700000000000005,0.20385580081800286,0.07833686232432577,0.181308510638298,0.25852973780059246,0.0977455233015351,poststratified,poststratified,0.0,0.05880112746507657,False
grouped_cv,2,,1017,1.0,2000,moderate,0.18200000000000005,0.1571749887676671,0.07422855437158182,0.181308510638298,0.14866489982601522,0.0977455233015351,poststratified,poststratified,0.0,0.05880112746507657,True
grouped_cv,2,,1017,1.0,2000,none,0.18900000000000006,0.018564538951243353,0.022460764378890913,0.1911800000000001,0.07636525262718091,0.0977455233015351,rr_debiased,rr_debiased,0.0,0.05880112746507657,True
grouped_cv,2,,1017,1.0,2000,strong,0.18700000000000006,0.16418023293130665,0.1413982206485235,0.181308510638298,0.25852973780059246,0.0977455233015351,poststratified,poststratified,0.0,0.05880112746507657,False
grouped_cv,2,,1017,2.0,250,moderate,0.15100000000000005,0.27746625534173003,0.1802321996460256,0.1274666666666667,0.14866489982601522,0.1060669319895659,raw_frequencies,poststratified,0.029232199646025553,0.05880112746507657,True
grouped_cv,2,,1017,2.0,250,none,0.07999999999999999,0.10111990395185025,0.1304341765711888,0.09870408163265308,0.14866489982601522,0.1060669319895659,raw_frequencies,raw_frequencies,0.0,0.05880112746507657,True
grouped_cv,2,,1017,2.0,250,strong,0.20800000000000005,0.23044056163776194,0.16278269692539188,0.17180000000000006,0.25852973780059246,0.1060669319895659,poststratified,poststratified,0.0,0.05880112746507657,False
grouped_cv,2,,1017,2.0,500,moderate,0.14800000000000002,0.1361046591510255,0.0673769191429048,0.1274666666666667,0.14866489982601522,0.1060669319895659,poststratified,poststratified,0.0,0.05880112746507657,True
grouped_cv,2,,1017,2.0,500,none,0.10100000000000003,0.03617506003009363,0.037914869348901536,0.09870408163265308,0.07636525262718091,0.1060669319895659,rr_debiased,rr_debiased,0.0,0.05880112746507657,True
grouped_cv,2,,1017,2.0,500,strong,0.19999999999999998,0.28922267876772184,0.1107923389493545,0.17180000000000006,0.25852973780059246,0.1060669319895659,poststratified,poststratified,0.0,0.05880112746507657,False
grouped_cv,2,,1017,2.0,1000,moderate,0.10800000000000004,0.07732254202106556,0.04891475924822444,0.1274666666666667,0.14866489982601522,0.056970792767847195,poststratified,poststratified,0.0,0.05880112746507657,False
grouped_cv,2,,1017,2.0,1000,none,0.10700000000000004,0.037018071303555444,0.03448206697830544,0.09870408163265308,0.07636525262718091,0.056970792767847195,poststratified,poststratified,0.0,0.05880112746507657,True
grouped_cv,2,,1017,2.0,1000,strong,0.22200000000000006,0.2686489377722359,0.06083047980617079,0.18645714285714285,0.25852973780059246,0.056970792767847195,poststratified,poststratified,0.0,0.05880112746507657,False
grouped_cv,2,,1017,2.0,2000,moderate,0.11900000000000002,0.12316319787558519,0.025252754443668063,0.1274666666666667,0.14866489982601522,0.056970792767847195,poststratified,poststratified,0.0,0.05880112746507657,False
grouped_cv,2,,1017,2.0,2000,none,0.10200000000000004,0.027357742460599688,0.030210803160973715,0.09870408163265308,0.07636525262718091,0.056970792767847195,rr_debiased,poststratified,0.002853060700374027,0.05880112746507657,True
grouped_cv,2,,1017,2.0,2000,strong,0.19200000000000003,0.22309279699651693,0.02163539117119287,0.18645714285714285,0.25852973780059246,0.056970792767847195,poststratified,poststratified,0.0,0.05880112746507657,False
grouped_cv,1,,1018,0.25,250,moderate,0.2730000000000001,0.5741644130755307,0.599923997648545,0.2674285714285716,0.6196918763828246,0.6463860164844247,raw_frequencies,raw_frequencies,0.0,0.06221401041251846,False
grouped_cv,1,,1018,0.25,250,none,0.32100000000000006,0.8400000000000001,0.84,0.2674285714285716,0.6196918763828246,0.4904818152306326,raw_frequencies,raw_frequencies,0.0,0.06221401041251846,False
grouped_cv,1,,1018,0.25,250,strong,0.26500000000000007,0.8744035913742974,0.8802561153608028,0.25731034482758625,0.7487396545919242,0.6463860164844247,raw_frequencies,raw_frequencies,0.0,0.06221401041251846,False
grouped_cv,1,,1018,0.25,500,moderate,0.26100000000000007,0.9116971989224363,0.833215782043298,0.2674285714285716,0.5488129831991254,0.6463860164844247,raw_frequencies,raw_frequencies,0.0,0.06221401041251846,False
grouped_cv,1,,1018,0.25,500,none,0.26500000000000007,0.6745785661213148,0.7713971007207459,0.2674285714285716,0.4287889402819822,0.4904818152306326,raw_frequencies,raw_frequencies,0.0,0.06221401041251846,False
grouped_cv,1,,1018,0.25,500,strong,0.2930000000000001,0.5279146731052771,0.5973892566503337,0.2509333333333333,0.5488129831991254,0.6463860164844247,raw_frequencies,raw_frequencies,0.0,0.06221401041251846,False
grouped_cv,1,,1018,0.25,1000,moderate,0.26700000000000007,0.5654141530457841,0.7849999999999999,0.2674285714285716,0.3839925971209852,0.39052976042137744,raw_frequencies,raw_frequencies,0.0,0.06221401041251846,False
grouped_cv,1,,1018,0.25,1000,none,0.28500000000000003,0.2735411032688827,0.2622316645787047,0.2674285714285716,0.3839925971209852,0.39052976042137744,poststratified,raw_frequencies,0.022768335421295305,0.06221401041251846,False
grouped_cv,1,,1018,0.25,1000,strong,0.25700000000000006,0.22083142644852538,0.36453627656734827,0.28625531914893626,0.4873976164586752,0.5340414499897754,rr_debiased,raw_frequencies,0.03616857355147468,0.06221401041251846,False
grouped_cv,1,,1018,0.25,2000,moderate,0.2440000000000001,0.25947606797885464,0.15463818668602675,0.2674285714285716,0.35313120182826135,0.2907141058384489,poststratified,raw_frequencies,0.08936181331397336,0.06221401041251846,True
grouped_cv,1,,1018,0.25,2000,none,0.2780000000000001,0.3429157132242627,0.3142187824991012,0.2674285714285716,0.24066543239213664,0.2907141058384489,raw_frequencies,rr_debiased,0.0649157132242626,0.06221401041251846,True
grouped_cv,1,,1018,0.25,2000,strong,0.21100000000000002,0.5313545662139847,0.37499999999999983,0.28625531914893626,0.35313120182826135,0.45616838087057293,raw_frequencies,raw_frequencies,0.0,0.06221401041251846,False
grouped_cv,1,,1018,0.5,250,moderate,0.193,0.36162248512942063,0.18199959693970885,0.23478181818181812,0.2986756973121847,0.4197774510200992,poststratified,raw_frequencies,0.011000403060291153,0.06221401041251846,False
grouped_cv,1,,1018,0.5,250,none,0.3530000000000001,0.6366349111867713,0.6093034675257312,0.23478181818181812,0.2986756973121847,0.4197774510200992,raw_frequencies,raw_frequencies,0.0,0.06221401041251846,False
grouped_cv,1,,1018,0.5,250,strong,0.3050000000000001,0.36665976330147226,0.8816251137518394,0.21635897435897442,0.4917069331571215,0.4197774510200992,raw_frequencies,raw_frequencies,0.0,0.06221401041251846,False
grouped_cv,1,,1018,0.5,500,moderate,0.1770000000000001,0.3532739643926587,0.37499999999999994,0.23478181818181812,0.2986756973121847,0.3039839819138688,raw_frequencies,raw_frequencies,0.0,0.06221401041251846,False
grouped_cv,1,,1018,0.5,500,none,0.21300000000000002,0.17163491118677085,0.17476535649060262,0.23478181818181812,0.2986756973121847,0.3039839819138688,rr_debiased,raw_frequencies,0.04136508881322917,0.06221401041251846,False
grouped_cv,1,,1018,0.5,500,strong,0.1610000000000001,0.37499999999999983,0.338307378291713,0.2454827586206897,0.3095269420132093,0.3039839819138688,raw_frequencies,raw_frequencies,0.0,0.06221401041251846,True
grouped_cv,1,,1018,0.5,1000,moderate,0.2270000000000001,0.08039837274890074,0.11355334300590725,0.23478181818181812,0.18322679900142613,0.15742348254400254,rr_debiased,poststratified,0.033154970257006505,0.06221401041251846,True
grouped_cv,1,,1018,0.5,1000,none,0.24900000000000005,0.22332366862206068,0.21735558904323937,0.23478181818181812,0.18322679900142613,0.15742348254400254,poststratified,poststratified,0.0,0.06221401041251846,True
grouped_cv,1,,1018,0.5,1000,strong,0.28500000000000003,0.25417011834926406,0.3452262993956904,0.23478181818181812,0.3095269420132093,0.24276284649633248,rr_debiased,raw_frequencies,0.03082988165073597,0.06221401041251846,True
grouped_cv,1,,1018,0.5,2000,moderate,0.24500000000000005,0.06021368344135897,0.0975416653155235,0.23478181818181812,0.18322679900142613,0.15742348254400254,rr_debiased,poststratified,0.03732798187416453,0.06221401041251846,True
grouped_cv,1,,1018,0.5,2000,none,0.2360000000000001,0.02415355027279678,0.021029346367353374,0.23478181818181812,0.18322679900142613,0.15742348254400254,poststratified,poststratified,0.0,0.06221401041251846,True
grouped_cv,1,,1018,0.5,2000,strong,0.24900000000000005,0.19958091715551504,0.25134046435628427,0.21635897435897442,0.3095269420132093,0.24276284649633248,rr_debiased,raw_frequencies,0.04941908284448501,0.06221401041251846,True
grouped_cv,1,,1018,1.0,250,moderate,0.264,0.4222976642684569,0.3917785922443484,0.19160377358490566,0.15171666727066804,0.245644662162246,raw_frequencies,rr_debiased,0.15829766426845687,0.06221401041251846,True
grouped_cv,1,,1018,1.0,250,none,0.13700000000000007,0.18188835985313917,0.16975652764629046,0.19160377358490566,0.15171666727066804,0.245644662162246,raw_frequencies,rr_debiased,0.044888359853139104,0.06221401041251846,True
grouped_cv,1,,1018,1.0,250,strong,0.23199999999999998,0.3344279004090015,0.5249257413104822,0.18361643835616445,0.2791106748914388,0.245644662162246,raw_frequencies,raw_frequencies,0.0,0.06221401041251846,True
grouped_cv,1,,1018,1.0,500,moderate,0.1690000000000001,0.0720511550288199,0.09694905183782318,0.19160377358490566,0.15171666727066804,0.12326257696705775,rr_debiased,poststratified,0.024897896809003284,0.06221401041251846,True
grouped_cv,1,,1018,1.0,500,none,0.14900000000000008,0.1268883598531391,0.14528901626528307,0.19160377358490566,0.07498551377391478,0.12326257696705775,rr_debiased,rr_debiased,0.0,0.06221401041251846,True
grouped_cv,1,,1018,1.0,500,strong,0.284,0.4772162666806162,0.3163470484359164,0.18361643835616445,0.24239725597514458,0.12326257696705775,raw_frequencies,poststratified,0.0323470484359164,0.06221401041251846,True
grouped_cv,1,,1018,1.0,1000,moderate,0.191,0.14770465220765877,0.06633143560441454,0.19160377358490566,0.15171666727066804,0.12326257696705775,poststratified,poststratified,0.0,0.06221401041251846,True
grouped_cv,1,,1018,1.0,1000,none,0.1830000000000001,0.06655929478760386,0.06643324272415621,0.19160377358490566,0.07498551377391478,0.12326257696705775,poststratified,rr_debiased,0.0001260520634476514,0.06221401041251846,True
grouped_cv,1,,1018,1.0,1000,strong,0.17300000000000004,0.18188835985313898,0.0922259777800449,0.18361643835616445,0.24239725597514458,0.12326257696705775,poststratified,poststratified,0.0,0.06221401041251846,True
grouped_cv,1,,1018,1.0,2000,moderate,0.1810000000000001,0.11873196707915559,0.03946112726585116,0.18361643835616445,0.15171666727066804,0.12326257696705775,poststratified,poststratified,0.0,0.06221401041251846,True
grouped_cv,1,,1018,1.0,2000,none,0.197,0.06799128112218686,0.07002212324039336,0.19160377358490566,0.07498551377391478,0.12326257696705775,rr_debiased,rr_debiased,0.0,0.06221401041251846,True
grouped_cv,1,,1018,1.0,2000,strong,0.192,0.21086104498164232,0.02275681050915157,0.18361643835616445,0.24239725597514458,0.12326257696705775,poststratified,poststratified,0.0,0.06221401041251846,True
grouped_cv,1,,1018,2.0,250,moderate,0.21600000000000005,0.26570983191573794,0.12903665509726947,0.12342105263157901,0.15171666727066804,0.13502693249326542,poststratified,raw_frequencies,0.08696334490273058,0.06221401041251846,True
grouped_cv,1,,1018,2.0,250,none,0.032999999999999974,0.13548338447770847,0.13824113966969961,0.12342105263157901,0.15171666727066804,0.13502693249326542,raw_frequencies,raw_frequencies,0.0,0.06221401041251846,True
grouped_cv,1,,1018,2.0,250,strong,0.22400000000000003,0.24779068169794927,0.18608539012398395,0.18618947368421043,0.2791106748914388,0.13502693249326542,poststratified,poststratified,0.0,0.06221401041251846,True
grouped_cv,1,,1018,2.0,500,moderate,0.12400000000000005,0.10083538887304958,0.06872043920881415,0.12342105263157901,0.15171666727066804,0.06580006963722893,poststratified,poststratified,0.0,0.06221401041251846,True
grouped_cv,1,,1018,2.0,500,none,0.06900000000000003,0.03555378535677667,0.023014788636618544,0.0955256410256411,0.15171666727066804,0.06580006963722893,poststratified,poststratified,0.0,0.06221401041251846,True
grouped_cv,1,,1018,2.0,500,strong,0.12400000000000003,0.15402380936881413,0.12804298031897654,0.18618947368421043,0.24239725597514458,0.06580006963722893,raw_frequencies,poststratified,0.0040429803189765134,0.06221401041251846,False
grouped_cv,1,,1018,2.0,1000,moderate,0.13300000000000006,0.10083538887304958,0.08339024254861666,0.12342105263157901,0.15171666727066804,0.06580006963722893,poststratified,poststratified,0.0,0.06221401041251846,True
grouped_cv,1,,1018,2.0,1000,none,0.10900000000000004,0.02820075373406153,0.021944826117563543,0.0955256410256411,0.07498551377391478,0.06580006963722893,poststratified,poststratified,0.0,0.06221401041251846,True
grouped_cv,1,,1018,2.0,1000,strong,0.168,0.23925787920725597,0.08371361291836604,0.18618947368421043,0.24239725597514458,0.06580006963722893,poststratified,poststratified,0.0,0.06221401041251846,False
grouped_cv,1,,1018,2.0,2000,moderate,0.12700000000000003,0.14226738594282215,0.06633026226619423,0.12342105263157901,0.15171666727066804,0.06580006963722893,poststratified,poststratified,0.0,0.06221401041251846,True
grouped_cv,1,,1018,2.0,2000,none,0.12500000000000006,0.05024404765779647,0.052720507589354704,0.0955256410256411,0.07498551377391478,0.06580006963722893,rr_debiased,poststratified,0.0024764599315582336,0.06221401041251846,True
grouped_cv,1,,1018,2.0,2000,strong,0.17700000000000002,0.21868413821177,0.015094726751534282,0.18618947368421043,0.24239725597514458,0.06580006963722893,poststratified,poststratified,0.0,0.06221401041251846,False
grouped_cv,0,,1019,0.25,250,moderate,0.329,0.7233309063890327,0.33285478706334776,0.26548333333333346,0.64680527520966,0.6508340043616956,raw_frequencies,raw_frequencies,0.0,0.06023493932516752,False
grouped_cv,0,,1019,0.25,250,none,0.2730000000000001,0.7849999999999999,0.7850000000000001,0.26548333333333346,0.64680527520966,0.49199978065521,raw_frequencies,raw_frequencies,0.0,0.06023493932516752,False
grouped_cv,0,,1019,0.25,250,strong,0.32100000000000006,0.8400000000000001,0.5303945639781588,0.2537142857142857,0.7544993104830561,0.6508340043616956,raw_frequencies,raw_frequencies,0.0,0.06023493932516752,False
grouped_cv,0,,1019,0.25,500,moderate,0.277,0.1579167533432489,0.6864385339557204,0.26548333333333346,0.576897831052469,0.6508340043616956,rr_debiased,raw_frequencies,0.11908324665675113,0.06023493932516752,False
grouped_cv,0,,1019,0.25,500,none,0.34900000000000003,0.9545796062403006,0.9617951681437669,0.26548333333333346,0.44850190291492936,0.6508340043616956,raw_frequencies,raw_frequencies,0.0,0.06023493932516752,False
grouped_cv,0,,1019,0.25,500,strong,0.2730000000000001,0.6666638930160379,1.2149999999999999,0.2537142857142857,0.576897831052469,0.6508340043616956,raw_frequencies,raw_frequencies,0.0,0.06023493932516752,False
grouped_cv,0,,1019,0.25,1000,moderate,0.20700000000000007,0.3749999999999999,0.375,0.26548333333333346,0.325326101291424,0.3359187858697893,raw_frequencies,raw_frequencies,0.0,0.06023493932516752,True
grouped_cv,0,,1019,0.25,1000,none,0.22900000000000004,0.4971115478656946,0.48580070495731925,0.26548333333333346,0.325326101291424,0.3359187858697893,raw_frequencies,raw_frequencies,0.0,0.06023493932516752,True
grouped_cv,0,,1019,0.25,1000,strong,0.31700000000000006,0.8400000000000001,0.9151694776713117,0.2537142857142857,0.4186831975459904,0.47724080612831904,raw_frequencies,raw_frequencies,0.0,0.06023493932516752,False
grouped_cv,0,,1019,0.25,2000,moderate,0.29200000000000004,0.29666597325400956,0.25061910684546956,0.26548333333333346,0.3689799684750319,0.39584993777371746,poststratified,raw_frequencies,0.041380893154530474,0.06023493932516752,False
grouped_cv,0,,1019,0.25,2000,none,0.30100000000000005,0.39958272659725835,0.40368246926062795,0.26548333333333346,0.23869316740946697,0.2296676567138555,raw_frequencies,poststratified,0.1026824692606279,0.06023493932516752,True
grouped_cv,0,,1019,0.25,2000,strong,0.319,0.6077065564633986,0.5846374200254276,0.26548333333333346,0.4186831975459904,0.47724080612831904,raw_frequencies,raw_frequencies,0.0,0.06023493932516752,False
grouped_cv,0,,1019,0.5,250,moderate,0.21700000000000003,0.22663491118677104,0.3315973150859086,0.2237619047619048,0.29790531436837747,0.3359612325705669,raw_frequencies,raw_frequencies,0.0,0.06023493932516752,False
grouped_cv,0,,1019,0.5,250,none,0.1690000000000001,0.37499999999999994,0.37499999999999994,0.2237619047619048,0.29790531436837747,0.3359612325705669,raw_frequencies,raw_frequencies,0.0,0.06023493932516752,False
grouped_cv,0,,1019,0.5,250,strong,0.17700000000000005,0.4516142010911867,0.3749999999999999,0.24688235294117652,0.45374546622341244,0.5281497488005071,raw_frequencies,raw_frequencies,0.0,0.06023493932516752,False
grouped_cv,0,,1019,0.5,500,moderate,0.29300000000000004,0.29916597633014724,0.39925798001524865,0.23035384615384613,0.29790531436837747,0.2977169004559276,raw_frequencies,raw_frequencies,0.0,0.06023493932516752,False
grouped_cv,0,,1019,0.5,500,none,0.25300000000000006,0.3808091715551519,0.35069736110466165,0.23035384615384613,0.29790531436837747,0.2977169004559276,raw_frequencies,raw_frequencies,0.0,0.06023493932516752,False
grouped_cv,0,,1019,0.5,500,strong,0.19700000000000006,0.27163076916765444,0.37499999999999994,0.23035384615384613,0.30468934723793,0.2977169004559276,raw_frequencies,raw_frequencies,0.0,0.06023493932516752,False
grouped_cv,0,,1019,0.5,1000,moderate,0.23900000000000005,0.17163491118677096,0.2886015603537593,0.23035384615384613,0.18622896246066353,0.20154465170067754,rr_debiased,rr_debiased,0.0,0.06023493932516752,True
grouped_cv,0,,1019,0.5,1000,none,0.197,0.32912041411986226,0.3308358631966728,0.23035384615384613,0.18622896246066353,0.20154465170067754,raw_frequencies,rr_debiased,0.13212041411986225,0.06023493932516752,True
grouped_cv,0,,1019,0.5,1000,strong,0.22300000000000003,0.5191079880625118,0.3856811850469816,0.23035384615384613,0.30468934723793,0.20154465170067754,raw_frequencies,poststratified,0.1626811850469816,0.06023493932516752,True
grouped_cv,0,,1019,0.5,2000,moderate,0.24200000000000005,0.20520539940312543,0.09797738620570925,0.23035384615384613,0.18622896246066353,0.20154465170067754,poststratified,rr_debiased,0.10722801319741618,0.06023493932516752,True
grouped_cv,0,,1019,0.5,2000,none,0.23000000000000004,0.21538594669155028,0.2165402926218117,0.23035384615384613,0.18622896246066353,0.20154465170067754,rr_debiased,rr_debiased,0.0,0.06023493932516752,True
grouped_cv,0,,1019,0.5,2000,strong,0.21200000000000008,0.15641708572629504,0.0754417624940138,0.23035384615384613,0.30468934723793,0.20154465170067754,poststratified,poststratified,0.0,0.06023493932516752,True
grouped_cv,0,,1019,1.0,250,moderate,0.21700000000000003,0.22459069558468223,0.13074486657984102,0.19169811320754718,0.23500898200175438,0.25986481189561633,poststratified,raw_frequencies,0.086255133420159,0.06023493932516752,True
grouped_cv,0,,1019,1.0,250,none,0.21600000000000003,0.3795953285369135,0.3681810269676401,0.19169811320754718,0.1511716796215157,0.25986481189561633,raw_frequencies,rr_debiased,0.1635953285369135,0.06023493932516752,True
grouped_cv,0,,1019,1.0,250,strong,0.29600000000000004,0.510167428127912,0.04369651058579241,0.2130263157894737,0.2741222417281689,0.25986481189561633,poststratified,raw_frequencies,0.25230348941420766,0.06023493932516752,True
grouped_cv,0,,1019,1.0,500,moderate,0.1850000000000001,0.03909999358152408,0.09687624840313822,0.19169811320754718,0.1511716796215157,0.12321341776653892,rr_debiased,poststratified,0.05777625482161414,0.06023493932516752,True
grouped_cv,0,,1019,1.0,500,none,0.21300000000000008,0.07565349717883901,0.07792853085260956,0.19169811320754718,0.069512236118267,0.12321341776653892,rr_debiased,rr_debiased,0.0,0.06023493932516752,True
grouped_cv,0,,1019,1.0,500,strong,0.24000000000000005,0.3563953413738653,0.3443840111884562,0.2130263157894737,0.2741222417281689,0.12321341776653892,raw_frequencies,poststratified,0.10438401118845614,0.06023493932516752,False
grouped_cv,0,,1019,1.0,1000,moderate,0.18500000000000005,0.14344533816462723,0.05674575702294618,0.17873417721518994,0.1511716796215157,0.12321341776653892,poststratified,poststratified,0.0,0.06023493932516752,True
grouped_cv,0,,1019,1.0,1000,none,0.2370000000000001,0.14155582007343065,0.1403733689729587,0.18901538461538467,0.069512236118267,0.12321341776653892,poststratified,rr_debiased,0.0011824511004719374,0.06023493932516752,True
grouped_cv,0,,1019,1.0,1000,strong,0.21200000000000002,0.2795092979968419,0.11196771057761434,0.17873417721518994,0.23500898200175438,0.12321341776653892,poststratified,poststratified,0.0,0.06023493932516752,True
grouped_cv,0,,1019,1.0,2000,moderate,0.18100000000000005,0.1297156875615873,0.04660439876933023,0.18901538461538467,0.1511716796215157,0.12321341776653892,poststratified,poststratified,0.0,0.06023493932516752,True
grouped_cv,0,,1019,1.0,2000,none,0.19800000000000006,0.054261630519147175,0.05464592193423909,0.18901538461538467,0.069512236118267,0.12321341776653892,rr_debiased,rr_debiased,0.0,0.06023493932516752,True
grouped_cv,0,,1019,1.0,2000,strong,0.17800000000000005,0.19287208033557088,0.12803953178898297,0.17873417721518994,0.23500898200175438,0.12321341776653892,poststratified,poststratified,0.0,0.06023493932516752,True
grouped_cv,0,,1019,2.0,250,moderate,0.07299999999999998,0.10490202108181004,0.2854041625108532,0.12611235955056177,0.1511716796215157,0.13210957943366053,raw_frequencies,raw_frequencies,0.0,0.06023493932516752,True
grouped_cv,0,,1019,2.0,250,none,0.07200000000000001,0.187196985063754,0.18265981262356312,0.09702040816326533,0.069512236118267,0.13210957943366053,raw_frequencies,rr_debiased,0.115196985063754,0.06023493932516752,True
grouped_cv,0,,1019,2.0,250,strong,0.216,0.31273552561970586,0.1409859870959268,0.17677358490566036,0.23500898200175438,0.13210957943366053,poststratified,poststratified,0.0,0.06023493932516752,True
grouped_cv,0,,1019,2.0,500,moderate,0.12800000000000006,0.224562349924766,0.06922359753284246,0.12611235955056177,0.1511716796215157,0.06509802763741829,poststratified,poststratified,0.0,0.06023493932516752,False
grouped_cv,0,,1019,2.0,500,none,0.11700000000000005,0.03498475519917521,0.0316861936753105,0.09702040816326533,0.069512236118267,0.06509802763741829,poststratified,poststratified,0.0,0.06023493932516752,True
grouped_cv,0,,1019,2.0,500,strong,0.10400000000000004,0.18341486793379408,0.24765686437608608,0.19575000000000006,0.2741222417281689,0.06509802763741829,raw_frequencies,poststratified,0.14365686437608605,0.06023493932516752,False
grouped_cv,0,,1019,2.0,1000,moderate,0.15200000000000008,0.23631877335075802,0.05404435594245666,0.12611235955056177,0.1511716796215157,0.06509802763741829,poststratified,poststratified,0.0,0.06023493932516752,False
grouped_cv,0,,1019,2.0,1000,none,0.03900000000000001,0.07964037320424663,0.08108765076474872,0.09702040816326533,0.069512236118267,0.06509802763741829,raw_frequencies,poststratified,0.04208765076474871,0.06023493932516752,True
grouped_cv,0,,1019,2.0,1000,strong,0.204,0.2980399963372159,0.05075749187905701,0.19575000000000006,0.2741222417281689,0.06509802763741829,poststratified,poststratified,0.0,0.06023493932516752,False
grouped_cv,0,,1019,2.0,2000,moderate,0.133,0.11406136522729046,0.028620637655139558,0.12611235955056177,0.1511716796215157,0.06509802763741829,poststratified,poststratified,0.0,0.06023493932516752,False
grouped_cv,0,,1019,2.0,2000,none,0.12700000000000006,0.0496802844816652,0.04912624389506823,0.09702040816326533,0.069512236118267,0.06509802763741829,poststratified,poststratified,0.0,0.06023493932516752,True
grouped_cv,0,,1019,2.0,2000,strong,0.21,0.30244865512196284,0.029070373755263612,0.17677358490566036,0.23500898200175438,0.06509802763741829,poststratified,poststratified,0.0,0.06023493932516752,False
grouped_cv,4,,1020,0.25,250,moderate,0.27999999999999997,1.2149999999999999,1.2149999999999999,0.26168707482993186,0.628097641144134,0.6209057920651021,raw_frequencies,raw_frequencies,0.0,0.05787031560327446,False
grouped_cv,4,,1020,0.25,250,none,0.2810000000000001,0.29666597325400923,0.39703123936931145,0.2862307692307693,0.628097641144134,0.6209057920651021,raw_frequencies,raw_frequencies,0.0,0.05787031560327446,False
grouped_cv,4,,1020,0.25,250,strong,0.201,0.6260587150061665,0.7849999999999999,0.26873626373626386,0.7091466167111942,0.7179986100193483,raw_frequencies,raw_frequencies,0.0,0.05787031560327446,False
grouped_cv,4,,1020,0.25,500,moderate,0.22100000000000003,0.7956993901249588,0.5437157308505295,0.2862307692307693,0.5594424293361455,0.6209057920651021,raw_frequencies,raw_frequencies,0.0,0.05787031560327446,False
grouped_cv,4,,1020,0.25,500,none,0.21300000000000002,0.3868244323096031,0.3806381476507157,0.2862307692307693,0.41499312927766147,0.46274247234464405,raw_frequencies,raw_frequencies,0.0,0.05787031560327446,False
grouped_cv,4,,1020,0.25,500,strong,0.2370000000000001,0.34041311292679843,1.05837242182718,0.26873626373626386,0.5594424293361455,0.7179986100193483,raw_frequencies,raw_frequencies,0.0,0.05787031560327446,False
grouped_cv,4,,1020,0.25,1000,moderate,0.28300000000000003,0.19145889673111727,0.25846259147775763,0.25991666666666674,0.34317399327807163,0.3427978232621979,rr_debiased,raw_frequencies,0.09154110326888276,0.05787031560327446,False
grouped_cv,4,,1020,0.25,1000,none,0.29500000000000004,0.330208116641878,0.36294759500360313,0.26168707482993186,0.34317399327807163,0.3427978232621979,raw_frequencies,raw_frequencies,0.0,0.05787031560327446,False
grouped_cv,4,,1020,0.25,1000,strong,0.3090000000000001,0.8400000000000002,0.849898960579359,0.26873626373626386,0.3984613651138653,0.41391483268725404,raw_frequencies,raw_frequencies,0.0,0.05787031560327446,False
grouped_cv,4,,1020,0.25,2000,moderate,0.2820000000000001,0.45854006314989665,0.39712927069897813,0.25991666666666674,0.3984613651138653,0.41391483268725404,raw_frequencies,raw_frequencies,0.0,0.05787031560327446,False
grouped_cv,4,,1020,0.25,2000,none,0.24900000000000005,0.22364360141134237,0.21981216900848366,0.25991666666666674,0.24323643779353263,0.21394180591475329,poststratified,poststratified,0.0,0.05787031560327446,True
grouped_cv,4,,1020,0.25,2000,strong,0.2730000000000001,0.27354110326888237,0.32535762431390236,0.26873626373626386,0.4862001795384184,0.4982196491220802,raw_frequencies,raw_frequencies,0.0,0.05787031560327446,False
grouped_cv,4,,1020,0.5,250,moderate,0.29700000000000004,0.32166390532058886,0.5083599523271315,0.23038135593220344,0.47520417181104346,0.4511992184308143,raw_frequencies,raw_frequencies,0.0,0.05787031560327446,False
grouped_cv,4,,1020,0.5,250,none,0.2730000000000001,0.32331952660294383,0.4155121270006873,0.20617391304347826,0.3145202385840877,0.3232291622795258,raw_frequencies,raw_frequencies,0.0,0.05787031560327446,False
grouped_cv,4,,1020,0.5,250,strong,0.2250000000000001,0.1366431952250048,0.6327978108574059,0.23038135593220344,0.47520417181104346,0.4511992184308143,rr_debiased,raw_frequencies,0.0883568047749953,0.05787031560327446,False
grouped_cv,4,,1020,0.5,500,moderate,0.26100000000000007,0.4808050295360352,0.45343934377955053,0.20617391304347826,0.3145202385840877,0.3232291622795258,raw_frequencies,raw_frequencies,0.0,0.05787031560327446,False
grouped_cv,4,,1020,0.5,500,none,0.1850000000000001,0.30827810641177533,0.3258459151525955,0.23541666666666672,0.3145202385840877,0.3232291622795258,raw_frequencies,raw_frequencies,0.0,0.05787031560327446,False
grouped_cv,4,,1020,0.5,500,strong,0.20500000000000002,0.49661005907207023,0.15255497899716997,0.23038135593220344,0.31505265989391806,0.4511992184308143,poststratified,raw_frequencies,0.05244502100283005,0.05787031560327446,False
grouped_cv,4,,1020,0.5,1000,moderate,0.24900000000000005,0.25707056210772306,0.39766067244483533,0.24970370370370365,0.18041758579691125,0.25725745013428153,raw_frequencies,rr_debiased,0.008070562107723,0.05787031560327446,False
grouped_cv,4,,1020,0.5,1000,none,0.24900000000000005,0.05168875743528972,0.0416756452977656,0.23541666666666672,0.18041758579691125,0.1619253032255774,poststratified,poststratified,0.0,0.05787031560327446,True
grouped_cv,4,,1020,0.5,1000,strong,0.24700000000000005,0.2220788461459566,0.0718495339694381,0.23038135593220344,0.31505265989391806,0.25725745013428153,poststratified,raw_frequencies,0.17515046603056195,0.05787031560327446,True
grouped_cv,4,,1020,0.5,2000,moderate,0.23000000000000004,0.11976974848217334,0.07357900220712302,0.23541666666666672,0.18041758579691125,0.1619253032255774,poststratified,poststratified,0.0,0.05787031560327446,True
grouped_cv,4,,1020,0.5,2000,none,0.24800000000000005,0.0770871301841902,0.06683576756158,0.23541666666666672,0.18041758579691125,0.1619253032255774,poststratified,poststratified,0.0,0.05787031560327446,True
grouped_cv,4,,1020,0.5,2000,strong,0.21300000000000008,0.15914112421544646,0.05237177117173092,0.23038135593220344,0.31505265989391806,0.25725745013428153,poststratified,raw_frequencies,0.16062822882826916,0.05787031560327446,True
grouped_cv,4,,1020,1.0,250,moderate,0.192,0.37959532853691347,0.2525186384170981,0.19333333333333333,0.149101016448701,0.2589720383691066,raw_frequencies,rr_debiased,0.18759532853691346,0.05787031560327446,True
grouped_cv,4,,1020,1.0,250,none,0.23300000000000004,0.191558136549546,0.19410687260920517,0.19333333333333333,0.06821049518549896,0.2589720383691066,rr_debiased,rr_debiased,0.0,0.05787031560327446,False
grouped_cv,4,,1020,1.0,250,strong,0.17700000000000005,0.20385580081800286,0.27951683028311747,0.21508333333333338,0.2734083118667221,0.2589720383691066,raw_frequencies,raw_frequencies,0.0,0.05787031560327446,True
grouped_cv,4,,1020,1.0,500,moderate,0.2,0.31369300564232194,0.12056754198932859,0.19333333333333333,0.149101016448701,0.12220932397348544,poststratified,poststratified,0.0,0.05787031560327446,True
grouped_cv,4,,1020,1.0,500,none,0.14900000000000008,0.11598603695854753,0.09680806149247376,0.19333333333333333,0.149101016448701,0.12220932397348544,poststratified,poststratified,0.0,0.05787031560327446,True
grouped_cv,4,,1020,1.0,500,strong,0.16800000000000004,0.2807418441950263,0.09518606900890605,0.19333333333333333,0.2734083118667221,0.12220932397348544,poststratified,poststratified,0.0,0.05787031560327446,False
grouped_cv,4,,1020,1.0,1000,moderate,0.1650000000000001,0.05615114861034384,0.2016044335863347,0.17990000000000006,0.149101016448701,0.12220932397348544,rr_debiased,poststratified,0.14545328497599086,0.05787031560327446,True
grouped_cv,4,,1020,1.0,1000,none,0.22100000000000003,0.09762093814370273,0.09581330958506051,0.18745312500000014,0.06821049518549896,0.12220932397348544,poststratified,rr_debiased,0.0018076285586422214,0.05787031560327446,True
grouped_cv,4,,1020,1.0,1000,strong,0.191,0.13122907148401086,0.1615468468471231,0.17990000000000006,0.2734083118667221,0.12220932397348544,rr_debiased,poststratified,0.030317775363112226,0.05787031560327446,True
grouped_cv,4,,1020,1.0,2000,moderate,0.1680000000000001,0.0885267357524678,0.028375440165681914,0.18745312500000014,0.149101016448701,0.12220932397348544,poststratified,poststratified,0.0,0.05787031560327446,True
grouped_cv,4,,1020,1.0,2000,none,0.19100000000000006,0.015243034525463328,0.011926413473920233,0.18745312500000014,0.06821049518549896,0.12220932397348544,poststratified,rr_debiased,0.003316621051543095,0.05787031560327446,True
grouped_cv,4,,1020,1.0,2000,strong,0.185,0.2834877743156342,0.14602747441415387,0.17990000000000006,0.2734083118667221,0.12220932397348544,poststratified,poststratified,0.0,0.05787031560327446,True
grouped_cv,4,,1020,2.0,250,moderate,0.16000000000000003,0.1537392942900133,0.13737403473056942,0.12822105263157899,0.149101016448701,0.1286678683454808,poststratified,raw_frequencies,0.022625965269430615,0.05787031560327446,True
grouped_cv,4,,1020,2.0,250,none,0.21700000000000003,0.19279068169794922,0.2009277590673441,0.09760215053763449,0.06821049518549896,0.1286678683454808,rr_debiased,rr_debiased,0.0,0.05787031560327446,True
grouped_cv,4,,1020,2.0,250,strong,0.31200000000000006,0.377111339383861,0.1197072359813306,0.1767567567567568,0.23644675213875183,0.1286678683454808,poststratified,poststratified,0.0,0.05787031560327446,True
grouped_cv,4,,1020,2.0,500,moderate,0.16,0.16578023279480605,0.08501541404848856,0.12822105263157899,0.149101016448701,0.06692207343381032,poststratified,poststratified,0.0,0.05787031560327446,False
grouped_cv,4,,1020,2.0,500,none,0.01700000000000007,0.11197053762572451,0.11472767420905547,0.09760215053763449,0.06821049518549896,0.06692207343381032,raw_frequencies,poststratified,0.0977276742090554,0.05787031560327446,True
grouped_cv,4,,1020,2.0,500,strong,0.17600000000000002,0.24219698506375398,0.06762980852376249,0.18933333333333335,0.23644675213875183,0.06692207343381032,poststratified,poststratified,0.0,0.05787031560327446,False
grouped_cv,4,,1020,2.0,1000,moderate,0.11400000000000002,0.12757185666033216,0.03751505093671775,0.12822105263157899,0.149101016448701,0.06692207343381032,poststratified,poststratified,0.0,0.05787031560327446,False
grouped_cv,4,,1020,2.0,1000,none,0.11300000000000004,0.048774494729547535,0.05169756999511915,0.09760215053763449,0.06821049518549896,0.06692207343381032,rr_debiased,poststratified,0.0029230752655716175,0.05787031560327446,True
grouped_cv,4,,1020,2.0,1000,strong,0.17200000000000001,0.201049503072782,0.07483230769601981,0.18933333333333335,0.23644675213875183,0.06692207343381032,poststratified,poststratified,0.0,0.05787031560327446,False
grouped_cv,4,,1020,2.0,2000,moderate,0.10400000000000001,0.1216936449473362,0.029529411164269187,0.12822105263157899,0.149101016448701,0.06692207343381032,poststratified,poststratified,0.0,0.05787031560327446,False
grouped_cv,4,,1020,2.0,2000,none,0.08800000000000005,0.04086823389364133,0.041012795746625086,0.09760215053763449,0.06821049518549896,0.06692207343381032,rr_debiased,poststratified,0.00014456185298375446,0.05787031560327446,True
grouped_cv,4,,1020,2.0,2000,strong,0.168,0.226031902853015,0.06388823960827936,0.1767567567567568,0.23644675213875183,0.06692207343381032,poststratified,poststratified,0.0,0.05787031560327446,False
grouped_cv,3,,1021,0.25,250,moderate,0.29700000000000004,0.7849999999999999,0.7849999999999999,0.26920359281437123,0.5856056675137623,0.6560874585834902,raw_frequencies,raw_frequencies,0.0,0.05859938015416227,False
grouped_cv,3,,1021,0.25,250,none,0.24100000000000005,0.7208283060915683,0.8243901058836354,0.26920359281437123,0.5856056675137623,0.45384765558407714,raw_frequencies,raw_frequencies,0.0,0.05859938015416227,False
grouped_cv,3,,1021,0.25,250,strong,0.25700000000000006,0.3508303863295398,0.8193501345955065,0.2527391304347827,0.4598055476938249,0.6560874585834902,raw_frequencies,raw_frequencies,0.0,0.05859938015416227,False
grouped_cv,3,,1021,0.25,500,moderate,0.22100000000000003,0.40856646337498587,0.2609538706582103,0.26920359281437123,0.5856056675137623,0.6560874585834902,raw_frequencies,raw_frequencies,0.0,0.05859938015416227,False
grouped_cv,3,,1021,0.25,500,none,0.26500000000000007,0.22083142644852544,0.3289018178351209,0.26920359281437123,0.5856056675137623,0.6560874585834902,rr_debiased,raw_frequencies,0.04416857355147463,0.05859938015416227,False
grouped_cv,3,,1021,0.25,500,strong,0.2450000000000001,0.24791363298629127,0.937681049693291,0.2648846153846154,0.7404237089200169,0.8271825474760018,raw_frequencies,raw_frequencies,0.0,0.05859938015416227,False
grouped_cv,3,,1021,0.25,1000,moderate,0.26700000000000007,0.5510395430904038,0.6271860285187973,0.26920359281437123,0.430010578876862,0.4720044050627425,raw_frequencies,raw_frequencies,0.0,0.05859938015416227,False
grouped_cv,3,,1021,0.25,1000,none,0.267,0.08854214338786853,0.06581294060081228,0.26920359281437123,0.3933633398915197,0.38786604241651584,poststratified,raw_frequencies,0.20118705939918774,0.05859938015416227,False
grouped_cv,3,,1021,0.25,1000,strong,0.26500000000000007,0.613954216195681,0.47192711560445394,0.2648846153846154,0.3841683509655294,0.4720044050627425,raw_frequencies,raw_frequencies,0.0,0.05859938015416227,False
grouped_cv,3,,1021,0.25,2000,moderate,0.24700000000000005,0.2786436014113424,0.19735509078672073,0.26920359281437123,0.430010578876862,0.4720044050627425,poststratified,raw_frequencies,0.049644909213279326,0.05859938015416227,False
grouped_cv,3,,1021,0.25,2000,none,0.25700000000000006,0.2555187314262156,0.24983156033658083,0.26920359281437123,0.26479032317964313,0.24890459608232623,poststratified,poststratified,0.0,0.05859938015416227,True
grouped_cv,3,,1021,0.25,2000,strong,0.2820000000000001,0.5163522381127136,0.6378123612608857,0.2527391304347827,0.430010578876862,0.4720044050627425,raw_frequencies,raw_frequencies,0.0,0.05859938015416227,False
grouped_cv,3,,1021,0.5,250,moderate,0.2810000000000001,0.6832863904500095,0.5714423937395057,0.2357767857142856,0.28788710140392404,0.3170783706447909,raw_frequencies,raw_frequencies,0.0,0.05859938015416227,True
grouped_cv,3,,1021,0.5,250,none,0.201,0.45161420109118705,0.4712653705290286,0.2357767857142856,0.28788710140392404,0.3170783706447909,raw_frequencies,raw_frequencies,0.0,0.05859938015416227,True
grouped_cv,3,,1021,0.5,250,strong,0.15200000000000008,0.5152059985378541,0.5196365701960445,0.24791666666666667,0.39310042879118584,0.48328754834694115,raw_frequencies,raw_frequencies,0.0,0.05859938015416227,False
grouped_cv,3,,1021,0.5,500,moderate,0.23700000000000004,0.22663491118677104,0.1929084796904838,0.2357767857142856,0.28788710140392404,0.3170783706447909,poststratified,raw_frequencies,0.04409152030951624,0.05859938015416227,True
grouped_cv,3,,1021,0.5,500,none,0.2250000000000001,0.08329881650735982,0.06756376932383437,0.2357767857142856,0.28788710140392404,0.3170783706447909,poststratified,raw_frequencies,0.15743623067616572,0.05859938015416227,True
grouped_cv,3,,1021,0.5,500,strong,0.26100000000000007,0.25582573963161903,0.18414528743899974,0.22000000000000006,0.39310042879118584,0.48328754834694115,poststratified,raw_frequencies,0.07685471256100032,0.05859938015416227,False
grouped_cv,3,,1021,0.5,1000,moderate,0.2270000000000001,0.08039837274890074,0.0596462036349312,0.2357767857142856,0.18717700548662056,0.16501819813781474,poststratified,poststratified,0.0,0.05859938015416227,True
grouped_cv,3,,1021,0.5,1000,none,0.22700000000000004,0.10414112421544611,0.08846888910280101,0.2357767857142856,0.18717700548662056,0.16501819813781474,poststratified,poststratified,0.0,0.05859938015416227,True
grouped_cv,3,,1021,0.5,1000,strong,0.23500000000000004,0.451614201091187,0.3491107488653097,0.22000000000000006,0.39310042879118584,0.25104461916823834,raw_frequencies,raw_frequencies,0.0,0.05859938015416227,True
grouped_cv,3,,1021,0.5,2000,moderate,0.25900000000000006,0.143336094679411,0.18827606127499202,0.2357767857142856,0.18717700548662056,0.16501819813781474,rr_debiased,poststratified,0.04493996659558103,0.05859938015416227,True
grouped_cv,3,,1021,0.5,2000,none,0.23200000000000004,0.047896301739342034,0.04136358307915991,0.2357767857142856,0.18717700548662056,0.16501819813781474,poststratified,poststratified,0.0,0.05859938015416227,True
grouped_cv,3,,1021,0.5,2000,strong,0.23000000000000004,0.226634911186771,0.13616436852837804,0.22000000000000006,0.22501007145567284,0.25104461916823834,poststratified,raw_frequencies,0.093835631471622,0.05859938015416227,True
grouped_cv,3,,1021,1.0,250,moderate,0.20900000000000002,0.13672093172522687,0.06297900343816212,0.19100000000000003,0.1521874241904391,0.24216393636251954,poststratified,rr_debiased,0.07374192828706475,0.05859938015416227,True
grouped_cv,3,,1021,1.0,250,none,0.22500000000000003,0.13672093172522687,0.14597382378630525,0.19100000000000003,0.1521874241904391,0.24216393636251954,rr_debiased,rr_debiased,0.0,0.05859938015416227,True
grouped_cv,3,,1021,1.0,250,strong,0.12100000000000005,0.17697207391709507,0.22767069582495353,0.2105660377358491,0.25706708635470565,0.24216393636251954,raw_frequencies,raw_frequencies,0.0,0.05859938015416227,True
grouped_cv,3,,1021,1.0,500,moderate,0.20100000000000007,0.04885116786577162,0.12729845537832618,0.19100000000000003,0.1521874241904391,0.12474591621216383,rr_debiased,poststratified,0.07844728751255456,0.05859938015416227,True
grouped_cv,3,,1021,1.0,500,none,0.1810000000000001,0.028116273099092176,0.048594429785053184,0.19100000000000003,0.07230945622759828,0.12474591621216383,rr_debiased,rr_debiased,0.0,0.05859938015416227,True
grouped_cv,3,,1021,1.0,500,strong,0.22800000000000004,0.5113999743260966,0.5239489146172593,0.2105660377358491,0.25706708635470565,0.12474591621216383,raw_frequencies,poststratified,0.2959489146172593,0.05859938015416227,False
grouped_cv,3,,1021,1.0,1000,moderate,0.2270000000000001,0.11409651886735075,0.1700754585353656,0.1871363636363637,0.1521874241904391,0.12474591621216383,rr_debiased,poststratified,0.05597893966801484,0.05859938015416227,True
grouped_cv,3,,1021,1.0,1000,none,0.13700000000000007,0.13303719198736735,0.1325158122651897,0.1871363636363637,0.07230945622759828,0.12474591621216383,poststratified,rr_debiased,0.0005213797221776673,0.05859938015416227,True
grouped_cv,3,,1021,1.0,1000,strong,0.15000000000000008,0.2203313815416509,0.05512188627588946,0.1816666666666667,0.25706708635470565,0.12474591621216383,poststratified,poststratified,0.0,0.05859938015416227,True
grouped_cv,3,,1021,1.0,2000,moderate,0.15900000000000009,0.14893719840584335,0.08461818358391554,0.1816666666666667,0.1521874241904391,0.12474591621216383,poststratified,poststratified,0.0,0.05859938015416227,True
grouped_cv,3,,1021,1.0,2000,none,0.1830000000000001,0.017132552616660274,0.016851499105082324,0.1871363636363637,0.07230945622759828,0.12474591621216383,poststratified,rr_debiased,0.00028105351157795,0.05859938015416227,True
grouped_cv,3,,1021,1.0,2000,strong,0.18400000000000005,0.26152033335077046,0.05903044105242919,0.1816666666666667,0.25706708635470565,0.12474591621216383,poststratified,poststratified,0.0,0.05859938015416227,True
grouped_cv,3,,1021,2.0,250,moderate,0.11200000000000002,0.11287632737784217,0.029709564658616766,0.13114606741573037,0.1521874241904391,0.13767314851000326,poststratified,raw_frequencies,0.08229043534138325,0.05859938015416227,True
grouped_cv,3,,1021,2.0,250,none,0.0810000000000001,0.05787632737784215,0.047075686875886535,0.0990102040816327,0.1521874241904391,0.13767314851000326,poststratified,raw_frequencies,0.033924313124113564,0.05859938015416227,True
grouped_cv,3,,1021,2.0,250,strong,0.055999999999999994,0.10111990395185017,0.21479424815030349,0.1878133333333334,0.25706708635470565,0.13767314851000326,raw_frequencies,poststratified,0.1587942481503035,0.05859938015416227,True
grouped_cv,3,,1021,2.0,500,moderate,0.11200000000000002,0.13638917422982613,0.07133320373794061,0.1878133333333334,0.1989650132782184,0.06392626466451415,poststratified,poststratified,0.0,0.05859938015416227,False
grouped_cv,3,,1021,2.0,500,none,0.06500000000000003,0.041431997069772686,0.046132169522188765,0.0990102040816327,0.07230945622759828,0.06392626466451415,rr_debiased,poststratified,0.004700172452416079,0.05859938015416227,True
grouped_cv,3,,1021,2.0,500,strong,0.14800000000000005,0.16578023279480616,0.03906916541477948,0.1878133333333334,0.25706708635470565,0.06392626466451415,poststratified,poststratified,0.0,0.05859938015416227,False
grouped_cv,3,,1021,2.0,1000,moderate,0.12800000000000003,0.1804757620772961,0.07480195083413041,0.13114606741573037,0.1521874241904391,0.06392626466451415,poststratified,poststratified,0.0,0.05859938015416227,False
grouped_cv,3,,1021,2.0,1000,none,0.11300000000000004,0.060530918155539515,0.042483913465859585,0.0990102040816327,0.07230945622759828,0.06392626466451415,poststratified,poststratified,0.0,0.05859938015416227,True
grouped_cv,3,,1021,2.0,1000,strong,0.25000000000000006,0.28599905783242324,0.20164934159853848,0.1878133333333334,0.25706708635470565,0.06392626466451415,poststratified,poststratified,0.0,0.05859938015416227,False
grouped_cv,3,,1021,2.0,2000,moderate,0.09800000000000006,0.09524169223885431,0.026545523388815773,0.13114606741573037,0.1521874241904391,0.06392626466451415,poststratified,poststratified,0.0,0.05859938015416227,False
grouped_cv,3,,1021,2.0,2000,none,0.11400000000000005,0.06934823572503337,0.07786420585146578,0.0990102040816327,0.07230945622759828,0.06392626466451415,rr_debiased,poststratified,0.008515970126432404,0.05859938015416227,True
grouped_cv,3,,1021,2.0,2000,strong,0.165,0.2451360909202519,0.051819352600068286,0.1878133333333334,0.25706708635470565,0.06392626466451415,poststratified,poststratified,0.0,0.05859938015416227,False
grouped_cv,2,,1022,0.25,250,moderate,0.2250000000000001,0.3749999999999999,0.3910952799132929,0.2818333333333334,0.7102980625710203,0.6192250145099641,raw_frequencies,raw_frequencies,0.0,0.05880112746507657,False
grouped_cv,2,,1022,0.25,250,none,0.20100000000000007,0.37499999999999994,0.37499999999999994,0.2818333333333334,0.5928140355112443,0.6192250145099641,raw_frequencies,raw_frequencies,0.0,0.05880112746507657,False
grouped_cv,2,,1022,0.25,250,strong,0.2730000000000001,0.2966659732540091,1.0172844995699521,0.26869444444444446,0.7102980625710203,0.8506242342470567,raw_frequencies,raw_frequencies,0.0,0.05880112746507657,False
grouped_cv,2,,1022,0.25,500,moderate,0.36500000000000005,1.139578566121315,1.1494299533254615,0.26284615384615384,0.4226498820564081,0.49405398003268597,raw_frequencies,raw_frequencies,0.0,0.05880112746507657,False
grouped_cv,2,,1022,0.25,500,none,0.2810000000000001,0.4729146731052771,0.43470712881701207,0.26284615384615384,0.4226498820564081,0.49405398003268597,raw_frequencies,raw_frequencies,0.0,0.05880112746507657,False
grouped_cv,2,,1022,0.25,500,strong,0.24500000000000005,0.3595806463592861,0.7219421205473431,0.26284615384615384,0.6017664854446568,0.6947714324068957,raw_frequencies,raw_frequencies,0.0,0.05880112746507657,False
grouped_cv,2,,1022,0.25,1000,moderate,0.26700000000000007,0.21854110326888235,0.7079043181826545,0.26284615384615384,0.4226498820564081,0.37193983908747863,rr_debiased,raw_frequencies,0.04845889673111772,0.05880112746507657,False
grouped_cv,2,,1022,0.25,1000,none,0.21900000000000008,0.3750000000000001,0.3749999999999998,0.26284615384615384,0.4226498820564081,0.27986257679975934,raw_frequencies,raw_frequencies,0.0,0.05880112746507657,True
grouped_cv,2,,1022,0.25,1000,strong,0.24500000000000005,0.24791363298629152,0.685071503933785,0.26284615384615384,0.6017664854446568,0.3916339244191131,raw_frequencies,raw_frequencies,0.0,0.05880112746507657,False
grouped_cv,2,,1022,0.25,2000,moderate,0.26800000000000007,0.3660405832093895,0.4620795514675331,0.26284615384615384,0.36691495543028463,0.27986257679975934,raw_frequencies,raw_frequencies,0.0,0.05880112746507657,True
grouped_cv,2,,1022,0.25,2000,none,0.25900000000000006,0.3970801262997934,0.3947767333465773,0.2716764705882354,0.24972088162441802,0.27986257679975934,raw_frequencies,rr_debiased,0.13808012629979333,0.05880112746507657,True
grouped_cv,2,,1022,0.25,2000,strong,0.2870000000000001,0.31104058320938943,0.5899634353696781,0.26284615384615384,0.36691495543028463,0.5359802078740358,raw_frequencies,raw_frequencies,0.0,0.05880112746507657,False
grouped_cv,2,,1022,0.5,250,moderate,0.329,0.5016473372441212,0.5172420461459959,0.23260176991150436,0.4785360240085201,0.32508421094106466,raw_frequencies,raw_frequencies,0.0,0.05880112746507657,False
grouped_cv,2,,1022,0.5,250,none,0.26500000000000007,0.5932946744882432,0.5520263077334149,0.23260176991150436,0.2977325670040637,0.32508421094106466,raw_frequencies,raw_frequencies,0.0,0.05880112746507657,False
grouped_cv,2,,1022,0.5,250,strong,0.2810000000000001,0.2333278106411774,0.776233885583446,0.2164583333333334,0.4785360240085201,0.4590595856705373,rr_debiased,raw_frequencies,0.04767218935882267,0.05880112746507657,False
grouped_cv,2,,1022,0.5,500,moderate,0.25700000000000006,0.42580502953603505,0.4172148931409897,0.23260176991150436,0.2977325670040637,0.32508421094106466,raw_frequencies,raw_frequencies,0.0,0.05880112746507657,False
grouped_cv,2,,1022,0.5,500,none,0.25300000000000006,0.2683195266029438,0.2520471278635664,0.23260176991150436,0.2977325670040637,0.32508421094106466,poststratified,raw_frequencies,0.0009528721364336357,0.05880112746507657,False
grouped_cv,2,,1022,0.5,500,strong,0.20100000000000007,0.21828639045000953,0.12475323396887036,0.23260176991150436,0.3154456982385197,0.4590595856705373,poststratified,raw_frequencies,0.0762467660311297,0.05880112746507657,False
grouped_cv,2,,1022,0.5,1000,moderate,0.24700000000000005,0.043340236698527795,0.29796397851534684,0.23260176991150436,0.188078003237553,0.17594031854817893,rr_debiased,poststratified,0.254623741816819,0.05880112746507657,True
grouped_cv,2,,1022,0.5,1000,none,0.20100000000000007,0.21828639045000955,0.23084475821980616,0.23260176991150436,0.188078003237553,0.17594031854817893,raw_frequencies,poststratified,0.02984475821980609,0.05880112746507657,True
grouped_cv,2,,1022,0.5,1000,strong,0.26700000000000007,0.4470581360503728,0.29162152748924763,0.2164583333333334,0.3154456982385197,0.17594031854817893,raw_frequencies,poststratified,0.024621527489247563,0.05880112746507657,True
grouped_cv,2,,1022,0.5,2000,moderate,0.267,0.1529294378922768,0.28810315959386873,0.23260176991150436,0.188078003237553,0.17594031854817893,rr_debiased,poststratified,0.13517372170159192,0.05880112746507657,True
grouped_cv,2,,1022,0.5,2000,none,0.30400000000000005,0.3610352810538617,0.3677011127896709,0.23260176991150436,0.188078003237553,0.17594031854817893,raw_frequencies,poststratified,0.06370111278967083,0.05880112746507657,True
grouped_cv,2,,1022,0.5,2000,strong,0.196,0.30537766265331656,0.34701791728573617,0.2463684210526315,0.3154456982385197,0.26356966519792724,raw_frequencies,raw_frequencies,0.0,0.05880112746507657,True
grouped_cv,2,,1022,1.0,250,moderate,0.16900000000000004,0.17082324178286667,0.3570017444653423,0.19402970297029698,0.14866489982601522,0.21381967712915598,raw_frequencies,rr_debiased,0.0018232417828666359,0.05880112746507657,True
grouped_cv,2,,1022,1.0,250,none,0.12899999999999995,0.34656276950177733,0.3215472147188224,0.19402970297029698,0.14866489982601522,0.21381967712915598,raw_frequencies,rr_debiased,0.2175627695017774,0.05880112746507657,True
grouped_cv,2,,1022,1.0,250,strong,0.20000000000000007,0.2697581237125944,0.03611631176410807,0.19402970297029698,0.2050635772145263,0.21381967712915598,poststratified,raw_frequencies,0.163883688235892,0.05880112746507657,True
grouped_cv,2,,1022,1.0,500,moderate,0.24100000000000005,0.2136069751022503,0.07845196729593173,0.19402970297029698,0.14866489982601522,0.21381967712915598,poststratified,rr_debiased,0.13515500780631856,0.05880112746507657,True
grouped_cv,2,,1022,1.0,500,none,0.1690000000000001,0.04516742812791194,0.05194662585358309,0.19402970297029698,0.14866489982601522,0.21381967712915598,rr_debiased,rr_debiased,0.0,0.05880112746507657,True
grouped_cv,2,,1022,1.0,500,strong,0.21300000000000002,0.20262325461981842,0.12754581264017528,0.21006976744186048,0.25852973780059246,0.21381967712915598,poststratified,raw_frequencies,0.08545418735982474,0.05880112746507657,True
grouped_cv,2,,1022,1.0,1000,moderate,0.18500000000000005,0.1599209188882751,0.031680951260232876,0.1911800000000001,0.14866489982601522,0.0977455233015351,poststratified,poststratified,0.0,0.05880112746507657,True
grouped_cv,2,,1022,1.0,1000,none,0.1750000000000001,0.033608133340308155,0.025295053083511626,0.1911800000000001,0.07636525262718091,0.0977455233015351,poststratified,rr_debiased,0.008313080256796529,0.05880112746507657,True
grouped_cv,2,,1022,1.0,1000,strong,0.21000000000000002,0.37959532853691347,0.19044852096474962,0.181308510638298,0.25852973780059246,0.0977455233015351,poststratified,poststratified,0.0,0.05880112746507657,False
grouped_cv,2,,1022,1.0,2000,moderate,0.1690000000000001,0.14069940804401945,0.06671150648196378,0.181308510638298,0.14866489982601522,0.0977455233015351,poststratified,poststratified,0.0,0.05880112746507657,True
grouped_cv,2,,1022,1.0,2000,none,0.1620000000000001,0.06438893897216785,0.06371768470860262,0.1911800000000001,0.07636525262718091,0.0977455233015351,poststratified,rr_debiased,0.0006712542635652352,0.05880112746507657,True
grouped_cv,2,,1022,1.0,2000,strong,0.22099999999999997,0.30422266908231366,0.06723802984526522,0.181308510638298,0.25852973780059246,0.0977455233015351,poststratified,poststratified,0.0,0.05880112746507657,False
grouped_cv,2,,1022,2.0,250,moderate,0.192,0.20076498799398115,0.15678879391261974,0.18645714285714285,0.2050635772145263,0.1060669319895659,poststratified,poststratified,0.0,0.05880112746507657,False
grouped_cv,2,,1022,2.0,250,none,0.18500000000000005,0.13491435432010712,0.1383009413416192,0.09870408163265308,0.07636525262718091,0.1060669319895659,rr_debiased,rr_debiased,0.0,0.05880112746507657,True
grouped_cv,2,,1022,2.0,250,strong,0.16,0.15990202108181006,0.13179316603535773,0.17180000000000006,0.25852973780059246,0.1060669319895659,poststratified,poststratified,0.0,0.05880112746507657,False
grouped_cv,2,,1022,2.0,500,moderate,0.22800000000000004,0.2536688934109451,0.20599886905726433,0.1274666666666667,0.14866489982601522,0.1060669319895659,poststratified,poststratified,0.0,0.05880112746507657,True
grouped_cv,2,,1022,2.0,500,none,0.13300000000000006,0.0584976020511592,0.05960540141071782,0.09870408163265308,0.07636525262718091,0.1060669319895659,rr_debiased,rr_debiased,0.0,0.05880112746507657,True
grouped_cv,2,,1022,2.0,500,strong,0.176,0.2892226787677218,0.017414156332941827,0.18645714285714285,0.25852973780059246,0.1060669319895659,poststratified,poststratified,0.0,0.05880112746507657,False
grouped_cv,2,,1022,2.0,1000,moderate,0.06900000000000003,0.04233778682189038,0.06438912942338934,0.1274666666666667,0.14866489982601522,0.056970792767847195,rr_debiased,poststratified,0.022051342601498963,0.05880112746507657,False
grouped_cv,2,,1022,2.0,1000,none,0.06400000000000003,0.07466795124336831,0.08382659613773694,0.09870408163265308,0.07636525262718091,0.056970792767847195,raw_frequencies,poststratified,0.019826596137736907,0.05880112746507657,True
grouped_cv,2,,1022,2.0,1000,strong,0.24000000000000002,0.28922267876772184,0.1635186341144591,0.18645714285714285,0.25852973780059246,0.056970792767847195,poststratified,poststratified,0.0,0.05880112746507657,False
grouped_cv,2,,1022,2.0,2000,moderate,0.088,0.12463275080383418,0.04244943148405331,0.1274666666666667,0.14866489982601522,0.056970792767847195,poststratified,poststratified,0.0,0.05880112746507657,False
grouped_cv,2,,1022,2.0,2000,none,0.12500000000000006,0.04674117862516716,0.047036842875005175,0.09870408163265308,0.07636525262718091,0.056970792767847195,rr_debiased,poststratified,0.00029566424983801243,0.05880112746507657,True
grouped_cv,2,,1022,2.0,2000,strong,0.19500000000000003,0.24954474970499899,0.08869936361445008,0.18645714285714285,0.25852973780059246,0.056970792767847195,poststratified,poststratified,0.0,0.05880112746507657,False
grouped_cv,1,,1023,0.25,250,moderate,0.31300000000000006,0.7849999999999999,0.8422086179947332,0.2674285714285716,0.6196918763828246,0.6463860164844247,raw_frequencies,raw_frequencies,0.0,0.06221401041251846,False
grouped_cv,1,,1023,0.25,250,none,0.1690000000000001,0.49615898728748026,0.45930867217872506,0.2674285714285716,0.6196918763828246,0.4904818152306326,raw_frequencies,raw_frequencies,0.0,0.06221401041251846,False
grouped_cv,1,,1023,0.25,250,strong,0.20900000000000002,0.44285309630349023,0.37499999999999994,0.2509333333333333,0.6196918763828246,0.6463860164844247,raw_frequencies,raw_frequencies,0.0,0.06221401041251846,False
grouped_cv,1,,1023,0.25,500,moderate,0.25300000000000006,0.1554141530457841,0.22518087489181193,0.2674285714285716,0.5488129831991254,0.6463860164844247,rr_debiased,raw_frequencies,0.09758584695421596,0.06221401041251846,False
grouped_cv,1,,1023,0.25,500,none,0.25300000000000006,0.26708116641877905,0.1860003546485199,0.2674285714285716,0.4287889402819822,0.4904818152306326,poststratified,raw_frequencies,0.06699964535148015,0.06221401041251846,False
grouped_cv,1,,1023,0.25,500,strong,0.24900000000000005,0.6833288261510612,0.442688805152573,0.28625531914893626,0.5488129831991254,0.8728866250657684,raw_frequencies,raw_frequencies,0.0,0.06221401041251846,False
grouped_cv,1,,1023,0.25,1000,moderate,0.265,0.02708220653776533,0.20484704654216396,0.2674285714285716,0.3839925971209852,0.39052976042137744,rr_debiased,raw_frequencies,0.23791779346223468,0.06221401041251846,False
grouped_cv,1,,1023,0.25,1000,none,0.24300000000000005,0.27103850297141807,0.2898442551439543,0.2674285714285716,0.3839925971209852,0.39052976042137744,raw_frequencies,raw_frequencies,0.0,0.06221401041251846,False
grouped_cv,1,,1023,0.25,1000,strong,0.25900000000000006,0.6602039561659345,0.16458902156246807,0.28625531914893626,0.4873976164586752,0.5340414499897754,poststratified,raw_frequencies,0.09441097843753199,0.06221401041251846,False
grouped_cv,1,,1023,0.25,2000,moderate,0.23900000000000005,0.3172882429416718,0.37500000000000006,0.2674285714285716,0.35313120182826135,0.2907141058384489,raw_frequencies,raw_frequencies,0.0,0.06221401041251846,True
grouped_cv,1,,1023,0.25,2000,none,0.27,0.1463543183506855,0.1571734621766392,0.2674285714285716,0.24066543239213664,0.2907141058384489,rr_debiased,rr_debiased,0.0,0.06221401041251846,True
grouped_cv,1,,1023,0.25,2000,strong,0.24400000000000005,0.40583038632953977,0.45325264320405095,0.28625531914893626,0.35313120182826135,0.2907141058384489,raw_frequencies,raw_frequencies,0.0,0.06221401041251846,True
grouped_cv,1,,1023,0.5,250,moderate,0.20100000000000007,0.21828639045000953,0.4002579189433928,0.23478181818181812,0.4917069331571215,0.4197774510200992,raw_frequencies,raw_frequencies,0.0,0.06221401041251846,False
grouped_cv,1,,1023,0.5,250,none,0.22500000000000003,0.1266390532058877,0.10989783494654046,0.23478181818181812,0.2986756973121847,0.4197774510200992,poststratified,raw_frequencies,0.11510216505345958,0.06221401041251846,False
grouped_cv,1,,1023,0.5,250,strong,0.14500000000000007,0.3749999999999999,0.5990959499583364,0.2454827586206897,0.4917069331571215,0.4197774510200992,raw_frequencies,raw_frequencies,0.0,0.06221401041251846,False
grouped_cv,1,,1023,0.5,500,moderate,0.24100000000000005,0.16583402366985264,0.20588433744420237,0.23478181818181812,0.2986756973121847,0.3039839819138688,rr_debiased,raw_frequencies,0.0751659763301474,0.06221401041251846,False
grouped_cv,1,,1023,0.5,500,none,0.25700000000000006,0.09834023669852782,0.13063642623134963,0.23478181818181812,0.2986756973121847,0.3039839819138688,rr_debiased,raw_frequencies,0.15865976330147225,0.06221401041251846,False
grouped_cv,1,,1023,0.5,500,strong,0.18800000000000006,0.6438948391342157,0.5947222486167556,0.2454827586206897,0.3095269420132093,0.3039839819138688,raw_frequencies,raw_frequencies,0.0,0.06221401041251846,True
grouped_cv,1,,1023,0.5,1000,moderate,0.2810000000000001,0.3583112425647102,0.49939940901166113,0.23478181818181812,0.18322679900142613,0.15742348254400254,raw_frequencies,poststratified,0.21839940901166105,0.06221401041251846,True
grouped_cv,1,,1023,0.5,1000,none,0.269,0.16417840238749765,0.159453087280702,0.23478181818181812,0.18322679900142613,0.15742348254400254,poststratified,poststratified,0.0,0.06221401041251846,True
grouped_cv,1,,1023,0.5,1000,strong,0.21000000000000002,0.5641038460433951,0.4058760886618395,0.21635897435897442,0.3095269420132093,0.24276284649633248,raw_frequencies,raw_frequencies,0.0,0.06221401041251846,True
grouped_cv,1,,1023,0.5,2000,moderate,0.2700000000000001,0.283948150869671,0.2041362559668654,0.23478181818181812,0.18322679900142613,0.15742348254400254,poststratified,poststratified,0.0,0.06221401041251846,True
grouped_cv,1,,1023,0.5,2000,none,0.20200000000000007,0.21266190820239916,0.20974144823967483,0.23478181818181812,0.18322679900142613,0.15742348254400254,raw_frequencies,poststratified,0.007741448239674764,0.06221401041251846,True
grouped_cv,1,,1023,0.5,2000,strong,0.19700000000000006,0.28850421591048575,0.431748456854773,0.2454827586206897,0.3095269420132093,0.24276284649633248,raw_frequencies,poststratified,0.2347484568547729,0.06221401041251846,True
grouped_cv,1,,1023,1.0,250,moderate,0.21700000000000003,0.20262325461981837,0.16502088592861158,0.18361643835616445,0.15171666727066804,0.245644662162246,poststratified,rr_debiased,0.03760236869120678,0.06221401041251846,True
grouped_cv,1,,1023,1.0,250,none,0.24100000000000005,0.35639534137386536,0.4145548728188439,0.19160377358490566,0.15171666727066804,0.245644662162246,raw_frequencies,rr_debiased,0.11539534137386531,0.06221401041251846,True
grouped_cv,1,,1023,1.0,250,strong,0.20800000000000002,0.2917255646774581,0.3058904155685313,0.18361643835616445,0.2791106748914388,0.245644662162246,raw_frequencies,raw_frequencies,0.0,0.06221401041251846,True
grouped_cv,1,,1023,1.0,500,moderate,0.1650000000000001,0.06106743454638794,0.22634279233655893,0.18361643835616445,0.15171666727066804,0.12326257696705775,rr_debiased,poststratified,0.165275357790171,0.06221401041251846,True
grouped_cv,1,,1023,1.0,500,none,0.1730000000000001,0.13795347792341145,0.17274460945947717,0.19160377358490566,0.15171666727066804,0.12326257696705775,rr_debiased,poststratified,0.03479113153606572,0.06221401041251846,True
grouped_cv,1,,1023,1.0,500,strong,0.26,0.411313943786025,0.253238632998274,0.2023055555555556,0.24239725597514458,0.12326257696705775,poststratified,poststratified,0.0,0.06221401041251846,False
grouped_cv,1,,1023,1.0,1000,moderate,0.17000000000000004,0.2368069622652986,0.1371516604937631,0.18361643835616445,0.15171666727066804,0.12326257696705775,poststratified,poststratified,0.0,0.06221401041251846,True
grouped_cv,1,,1023,1.0,1000,none,0.19700000000000006,0.04885116786577165,0.03915649962998219,0.19160377358490566,0.07498551377391478,0.12326257696705775,poststratified,rr_debiased,0.009694668235789461,0.06221401041251846,True
grouped_cv,1,,1023,1.0,1000,strong,0.16600000000000004,0.2368069622652986,0.1220656395763888,0.18361643835616445,0.24239725597514458,0.12326257696705775,poststratified,poststratified,0.0,0.06221401041251846,True
grouped_cv,1,,1023,1.0,2000,moderate,0.1770000000000001,0.023199987163048108,0.10785755346423687,0.18361643835616445,0.15171666727066804,0.12326257696705775,rr_debiased,poststratified,0.08465756630118876,0.06221401041251846,True
grouped_cv,1,,1023,1.0,2000,none,0.1870000000000001,0.048769770277931335,0.049180939604768825,0.19160377358490566,0.07498551377391478,0.12326257696705775,rr_debiased,rr_debiased,0.0,0.06221401041251846,True
grouped_cv,1,,1023,1.0,2000,strong,0.21000000000000002,0.31094707552171397,0.26935213641896494,0.18361643835616445,0.24239725597514458,0.12326257696705775,raw_frequencies,poststratified,0.05935213641896492,0.06221401041251846,True
grouped_cv,1,,1023,2.0,250,moderate,0.184,0.1890085645679893,0.14827486360537478,0.12342105263157901,0.15171666727066804,0.13502693249326542,poststratified,raw_frequencies,0.03572513639462521,0.06221401041251846,True
grouped_cv,1,,1023,2.0,250,none,0.08900000000000005,0.010850633673874288,0.03987896122252818,0.12342105263157901,0.15171666727066804,0.13502693249326542,rr_debiased,raw_frequencies,0.07814936632612576,0.06221401041251846,True
grouped_cv,1,,1023,2.0,250,strong,0.16799999999999998,0.16549571771600535,0.1180461303275604,0.18618947368421043,0.2791106748914388,0.13502693249326542,poststratified,poststratified,0.0,0.06221401041251846,True
grouped_cv,1,,1023,2.0,500,moderate,0.10800000000000001,0.12463275080383421,0.05173309622765601,0.12342105263157901,0.15171666727066804,0.06580006963722893,poststratified,poststratified,0.0,0.06221401041251846,True
grouped_cv,1,,1023,2.0,500,none,0.09700000000000003,0.04793148345608553,0.050470858618535674,0.0955256410256411,0.07498551377391478,0.06580006963722893,rr_debiased,poststratified,0.002539375162450147,0.06221401041251846,True
grouped_cv,1,,1023,2.0,500,strong,0.20000000000000004,0.2715880436287339,0.028210137110288636,0.18618947368421043,0.24239725597514458,0.06580006963722893,poststratified,poststratified,0.0,0.06221401041251846,False
grouped_cv,1,,1023,2.0,1000,moderate,0.08700000000000005,0.021764045826404427,0.08495255641815944,0.12342105263157901,0.15171666727066804,0.06580006963722893,rr_debiased,poststratified,0.06318851059175501,0.06221401041251846,True
grouped_cv,1,,1023,2.0,1000,none,0.12100000000000005,0.04086296691217137,0.03748162837384805,0.0955256410256411,0.07498551377391478,0.06580006963722893,poststratified,poststratified,0.0,0.06221401041251846,True
grouped_cv,1,,1023,2.0,1000,strong,0.20600000000000002,0.3186137373327017,0.1004522934903112,0.18618947368421043,0.24239725597514458,0.06580006963722893,poststratified,poststratified,0.0,0.06221401041251846,False
grouped_cv,1,,1023,2.0,2000,moderate,0.08400000000000005,0.0849548217411113,0.04522124704766706,0.12342105263157901,0.15171666727066804,0.06580006963722893,poststratified,poststratified,0.0,0.06221401041251846,True
grouped_cv,1,,1023,2.0,2000,none,0.09800000000000003,0.01119266024986068,0.013332489124971675,0.0955256410256411,0.07498551377391478,0.06580006963722893,rr_debiased,poststratified,0.002139828875110994,0.06221401041251846,True
grouped_cv,1,,1023,2.0,2000,strong,0.17,0.21427547942702296,0.056838054567524054,0.18618947368421043,0.24239725597514458,0.06580006963722893,poststratified,poststratified,0.0,0.06221401041251846,False
grouped_cv,0,,1024,0.25,250,moderate,0.35300000000000004,0.9928528131383286,0.7849999999999999,0.26548333333333346,0.64680527520966,0.6508340043616956,raw_frequencies,raw_frequencies,0.0,0.06023493932516752,False
grouped_cv,0,,1024,0.25,250,none,0.26500000000000007,0.22083142644852544,0.2244265534898616,0.26548333333333346,0.64680527520966,0.49199978065521,rr_debiased,raw_frequencies,0.04416857355147463,0.06023493932516752,False
grouped_cv,0,,1024,0.25,250,strong,0.321,0.6308314264485255,1.080028047322395,0.29635,0.7544993104830561,0.8464305101288314,raw_frequencies,raw_frequencies,0.0,0.06023493932516752,False
grouped_cv,0,,1024,0.25,500,moderate,0.20900000000000002,0.9803531540783139,0.752399233231065,0.26548333333333346,0.576897831052469,0.6508340043616956,raw_frequencies,raw_frequencies,0.0,0.06023493932516752,False
grouped_cv,0,,1024,0.25,500,none,0.23700000000000004,0.44332986627004684,0.4966163721553445,0.26548333333333346,0.44850190291492936,0.6508340043616956,raw_frequencies,raw_frequencies,0.0,0.06023493932516752,False
grouped_cv,0,,1024,0.25,500,strong,0.3090000000000001,0.6666638930160378,0.46692463243188986,0.26548333333333346,0.576897831052469,0.6508340043616956,raw_frequencies,raw_frequencies,0.0,0.06023493932516752,False
grouped_cv,0,,1024,0.25,1000,moderate,0.29300000000000004,0.3891654531945166,0.5676037201095028,0.26548333333333346,0.3689799684750319,0.3359187858697893,raw_frequencies,raw_frequencies,0.0,0.06023493932516752,False
grouped_cv,0,,1024,0.25,1000,none,0.21900000000000003,0.37499999999999983,0.3859296039865781,0.26548333333333346,0.325326101291424,0.3359187858697893,raw_frequencies,raw_frequencies,0.0,0.06023493932516752,True
grouped_cv,0,,1024,0.25,1000,strong,0.25100000000000006,0.4289552563146666,0.4278728847296315,0.26548333333333346,0.4186831975459904,0.47724080612831904,raw_frequencies,raw_frequencies,0.0,0.06023493932516752,False
grouped_cv,0,,1024,0.25,2000,moderate,0.29600000000000004,0.3417705516344413,0.43882227948905134,0.26548333333333346,0.3689799684750319,0.39584993777371746,raw_frequencies,raw_frequencies,0.0,0.06023493932516752,False
grouped_cv,0,,1024,0.25,2000,none,0.29000000000000004,0.272395941679061,0.28406537766894463,0.26548333333333346,0.23869316740946697,0.2296676567138555,rr_debiased,poststratified,0.011669435989883625,0.06023493932516752,True
grouped_cv,0,,1024,0.25,2000,strong,0.2750000000000001,0.5741644130755307,0.39400167365800803,0.26548333333333346,0.4186831975459904,0.47724080612831904,raw_frequencies,raw_frequencies,0.0,0.06023493932516752,False
grouped_cv,0,,1024,0.5,250,moderate,0.28,0.7732781064117754,0.6098172872306047,0.24688235294117652,0.29790531436837747,0.5281497488005071,raw_frequencies,raw_frequencies,0.0,0.06023493932516752,True
grouped_cv,0,,1024,0.5,250,none,0.201,0.48660591705295336,0.44727659137286796,0.24688235294117652,0.29790531436837747,0.3359612325705669,raw_frequencies,raw_frequencies,0.0,0.06023493932516752,True
grouped_cv,0,,1024,0.5,250,strong,0.192,0.6945094113087409,0.5342829277571425,0.24688235294117652,0.45374546622341244,0.5281497488005071,raw_frequencies,raw_frequencies,0.0,0.06023493932516752,False
grouped_cv,0,,1024,0.5,500,moderate,0.22100000000000009,0.10579674549780149,0.1961189375182135,0.23035384615384613,0.29790531436837747,0.2977169004559276,rr_debiased,raw_frequencies,0.1152032545021986,0.06023493932516752,False
grouped_cv,0,,1024,0.5,500,none,0.1730000000000001,0.3750000000000001,0.3607375575155125,0.23035384615384613,0.29790531436837747,0.2977169004559276,raw_frequencies,raw_frequencies,0.0,0.06023493932516752,False
grouped_cv,0,,1024,0.5,500,strong,0.193,0.36162248512942063,0.4950006058411289,0.23035384615384613,0.30468934723793,0.2977169004559276,raw_frequencies,raw_frequencies,0.0,0.06023493932516752,False
grouped_cv,0,,1024,0.5,1000,moderate,0.15300000000000008,0.37499999999999994,0.3750000000000001,0.23035384615384613,0.18622896246066353,0.20154465170067754,raw_frequencies,rr_debiased,0.22199999999999986,0.06023493932516752,True
grouped_cv,0,,1024,0.5,1000,none,0.25500000000000006,0.21082988165073588,0.21248728139106482,0.23035384615384613,0.18622896246066353,0.20154465170067754,rr_debiased,rr_debiased,0.0,0.06023493932516752,True
grouped_cv,0,,1024,0.5,1000,strong,0.2690000000000001,0.2670747041268398,0.2895988795276842,0.23035384615384613,0.30468934723793,0.20154465170067754,rr_debiased,poststratified,0.022524175400844393,0.06023493932516752,True
grouped_cv,0,,1024,0.5,2000,moderate,0.22600000000000003,0.2772552514152645,0.16543580778515046,0.23035384615384613,0.18622896246066353,0.20154465170067754,poststratified,rr_debiased,0.11181944363011406,0.06023493932516752,True
grouped_cv,0,,1024,0.5,2000,none,0.24700000000000005,0.12208298816507338,0.10427007610501521,0.23035384615384613,0.18622896246066353,0.20154465170067754,poststratified,rr_debiased,0.017812912060058167,0.06023493932516752,True
grouped_cv,0,,1024,0.5,2000,strong,0.24400000000000005,0.2052053994031254,0.12959640861953636,0.23035384615384613,0.30468934723793,0.20154465170067754,poststratified,poststratified,0.0,0.06023493932516752,True
grouped_cv,0,,1024,1.0,250,moderate,0.1610000000000001,0.13795347792341145,0.08361420295870067,0.19169811320754718,0.1511716796215157,0.25986481189561633,poststratified,rr_debiased,0.054339274964710776,0.06023493932516752,True
grouped_cv,0,,1024,1.0,250,none,0.12900000000000006,0.203855800818003,0.18373737294938314,0.19169811320754718,0.1511716796215157,0.25986481189561633,raw_frequencies,rr_debiased,0.07485580081800294,0.06023493932516752,True
grouped_cv,0,,1024,1.0,250,strong,0.21600000000000003,0.3795953285369135,0.06363257187762689,0.2130263157894737,0.23500898200175438,0.25986481189561633,poststratified,raw_frequencies,0.15236742812237314,0.06023493932516752,True
grouped_cv,0,,1024,1.0,500,moderate,0.15300000000000008,0.09401859599368373,0.11617552849795751,0.19169811320754718,0.1511716796215157,0.12321341776653892,rr_debiased,poststratified,0.02215693250427378,0.06023493932516752,True
grouped_cv,0,,1024,1.0,500,none,0.21300000000000002,0.1477046522076588,0.14927953900563448,0.19169811320754718,0.069512236118267,0.12321341776653892,rr_debiased,rr_debiased,0.0,0.06023493932516752,True
grouped_cv,0,,1024,1.0,500,strong,0.13600000000000007,0.2477906827477307,0.18947070112800346,0.2130263157894737,0.2741222417281689,0.12321341776653892,raw_frequencies,poststratified,0.053470701128003395,0.06023493932516752,False
grouped_cv,0,,1024,1.0,1000,moderate,0.19300000000000006,0.1092616305191472,0.039437077009325056,0.17873417721518994,0.1511716796215157,0.12321341776653892,poststratified,poststratified,0.0,0.06023493932516752,True
grouped_cv,0,,1024,1.0,1000,none,0.13900000000000007,0.1275453317461514,0.12758501260602134,0.18901538461538467,0.069512236118267,0.12321341776653892,rr_debiased,rr_debiased,0.0,0.06023493932516752,True
grouped_cv,0,,1024,1.0,1000,strong,0.19200000000000006,0.26975812371259433,0.09760165604423371,0.17873417721518994,0.23500898200175438,0.12321341776653892,poststratified,poststratified,0.0,0.06023493932516752,True
grouped_cv,0,,1024,1.0,2000,moderate,0.17700000000000005,0.18738022009435493,0.06555953527333838,0.17873417721518994,0.1511716796215157,0.12321341776653892,poststratified,poststratified,0.0,0.06023493932516752,True
grouped_cv,0,,1024,1.0,2000,none,0.1770000000000001,0.08020754780280342,0.07691508662885213,0.18901538461538467,0.069512236118267,0.12321341776653892,poststratified,rr_debiased,0.0032924611739512943,0.06023493932516752,True
grouped_cv,0,,1024,1.0,2000,strong,0.17500000000000004,0.2615203333507705,0.09213121545371736,0.17873417721518994,0.23500898200175438,0.12321341776653892,poststratified,poststratified,0.0,0.06023493932516752,True
grouped_cv,0,,1024,2.0,250,moderate,0.216,0.3009791021937138,0.21897553379850673,0.12611235955056177,0.1511716796215157,0.13210957943366053,raw_frequencies,raw_frequencies,0.0,0.06023493932516752,True
grouped_cv,0,,1024,2.0,250,none,0.12800000000000006,0.10671360058604556,0.09055467290574015,0.09702040816326533,0.069512236118267,0.13210957943366053,poststratified,rr_debiased,0.016158927680305413,0.06023493932516752,True
grouped_cv,0,,1024,2.0,250,strong,0.2,0.2125214114199732,0.03278991214390459,0.17677358490566036,0.23500898200175438,0.13210957943366053,poststratified,poststratified,0.0,0.06023493932516752,True
grouped_cv,0,,1024,2.0,500,moderate,0.18799999999999997,0.2833444670547258,0.13210830408822455,0.12611235955056177,0.1511716796215157,0.06509802763741829,poststratified,poststratified,0.0,0.06023493932516752,False
grouped_cv,0,,1024,2.0,500,none,0.14500000000000007,0.07613223719014711,0.07938502572811379,0.09702040816326533,0.069512236118267,0.06509802763741829,rr_debiased,poststratified,0.0032527885379666777,0.06023493932516752,True
grouped_cv,0,,1024,2.0,500,strong,0.16,0.23044056163776194,0.06504346094395166,0.19575000000000006,0.2741222417281689,0.06509802763741829,poststratified,poststratified,0.0,0.06023493932516752,False
grouped_cv,0,,1024,2.0,1000,moderate,0.12200000000000003,0.13345006837332818,0.03498923142178101,0.12611235955056177,0.1511716796215157,0.06509802763741829,poststratified,poststratified,0.0,0.06023493932516752,False
grouped_cv,0,,1024,2.0,1000,none,0.13100000000000006,0.08907896544705748,0.08104552112981614,0.09702040816326533,0.069512236118267,0.06509802763741829,poststratified,poststratified,0.0,0.06023493932516752,True
grouped_cv,0,,1024,2.0,1000,strong,0.154,0.209866820642276,0.11267871602945836,0.17677358490566036,0.23500898200175438,0.06509802763741829,poststratified,poststratified,0.0,0.06023493932516752,False
grouped_cv,0,,1024,2.0,2000,moderate,0.14500000000000005,0.15108470351231612,0.03610857199670542,0.12611235955056177,0.1511716796215157,0.06509802763741829,poststratified,poststratified,0.0,0.06023493932516752,False
grouped_cv,0,,1024,2.0,2000,none,0.07800000000000004,0.04233778682189035,0.049804434853378016,0.09702040816326533,0.069512236118267,0.06509802763741829,rr_debiased,poststratified,0.007466648031487666,0.06023493932516752,True
grouped_cv,0,,1024,2.0,2000,strong,0.158,0.22456234992476595,0.0783400606064569,0.19575000000000006,0.2741222417281689,0.06509802763741829,poststratified,poststratified,0.0,0.06023493932516752,False
grouped_cv,4,,1025,0.25,250,moderate,0.337,0.8400000000000001,0.8211080134515814,0.2862307692307693,0.628097641144134,0.6209057920651021,raw_frequencies,raw_frequencies,0.0,0.05787031560327446,False
grouped_cv,4,,1025,0.25,250,none,0.30500000000000005,0.4816649331350236,0.5147174248698774,0.26168707482993186,0.628097641144134,0.6209057920651021,raw_frequencies,raw_frequencies,0.0,0.05787031560327446,False
grouped_cv,4,,1025,0.25,250,strong,0.24900000000000005,0.7208283060915683,1.0506339243375358,0.26873626373626386,0.7091466167111942,0.8080062573690292,raw_frequencies,raw_frequencies,0.0,0.05787031560327446,False
grouped_cv,4,,1025,0.25,500,moderate,0.2850000000000001,0.7129136329862913,0.7026993432786108,0.26168707482993186,0.5594424293361455,0.6209057920651021,raw_frequencies,raw_frequencies,0.0,0.05787031560327446,False
grouped_cv,4,,1025,0.25,500,none,0.25700000000000006,0.3970801262997934,0.34017186464044424,0.26168707482993186,0.41499312927766147,0.46274247234464405,raw_frequencies,raw_frequencies,0.0,0.05787031560327446,False
grouped_cv,4,,1025,0.25,500,strong,0.21700000000000008,0.37500000000000006,0.7222681832192905,0.26873626373626386,0.5594424293361455,0.7179986100193483,raw_frequencies,raw_frequencies,0.0,0.05787031560327446,False
grouped_cv,4,,1025,0.25,1000,moderate,0.24700000000000005,0.6833288261510613,0.7404340839980796,0.25991666666666674,0.34317399327807163,0.3427978232621979,raw_frequencies,raw_frequencies,0.0,0.05787031560327446,False
grouped_cv,4,,1025,0.25,1000,none,0.2750000000000001,0.3341654531945163,0.25994931437870816,0.26168707482993186,0.34317399327807163,0.3427978232621979,poststratified,raw_frequencies,0.015050685621291915,0.05787031560327446,False
grouped_cv,4,,1025,0.25,1000,strong,0.275,0.18104162332837553,0.3469739858500291,0.26873626373626386,0.4862001795384184,0.4982196491220802,rr_debiased,raw_frequencies,0.09395837667162449,0.05787031560327446,False
grouped_cv,4,,1025,0.25,2000,moderate,0.2960000000000001,0.4497898031201502,0.694032154095622,0.26168707482993186,0.3984613651138653,0.41391483268725404,raw_frequencies,raw_frequencies,0.0,0.05787031560327446,False
grouped_cv,4,,1025,0.25,2000,none,0.25400000000000006,0.17458168647827188,0.194139231209562,0.26168707482993186,0.24323643779353263,0.21394180591475329,rr_debiased,poststratified,0.019557544731290122,0.05787031560327446,True
grouped_cv,4,,1025,0.25,2000,strong,0.2730000000000001,0.37760301820195297,0.36421889572577815,0.26873626373626386,0.4862001795384184,0.4982196491220802,raw_frequencies,raw_frequencies,0.0,0.05787031560327446,False
grouped_cv,4,,1025,0.5,250,moderate,0.2810000000000001,0.2333278106411774,0.5194839778323428,0.24970370370370365,0.3145202385840877,0.3232291622795258,rr_debiased,raw_frequencies,0.04767218935882267,0.05787031560327446,False
grouped_cv,4,,1025,0.5,250,none,0.2730000000000001,0.2783236686220607,0.30642937381476315,0.23541666666666672,0.3145202385840877,0.3232291622795258,raw_frequencies,raw_frequencies,0.0,0.05787031560327446,False
grouped_cv,4,,1025,0.5,250,strong,0.28900000000000003,0.2766680473397057,0.3749999999999998,0.23038135593220344,0.47520417181104346,0.4511992184308143,rr_debiased,raw_frequencies,0.012331952660294354,0.05787031560327446,False
grouped_cv,4,,1025,0.5,500,moderate,0.22500000000000003,0.1266390532058877,0.2790591027549324,0.20617391304347826,0.3145202385840877,0.3232291622795258,rr_debiased,raw_frequencies,0.09836094679411234,0.05787031560327446,False
grouped_cv,4,,1025,0.5,500,none,0.20900000000000002,0.2391286981580958,0.2268682707126762,0.23541666666666672,0.3145202385840877,0.3232291622795258,raw_frequencies,raw_frequencies,0.0,0.05787031560327446,False
grouped_cv,4,,1025,0.5,500,strong,0.22500000000000003,0.29412869815809584,0.07313736879003935,0.23038135593220344,0.31505265989391806,0.4511992184308143,poststratified,raw_frequencies,0.15186263120996069,0.05787031560327446,False
grouped_cv,4,,1025,0.5,1000,moderate,0.26700000000000007,0.33456849109816467,0.2899824789570209,0.20617391304347826,0.18041758579691125,0.1619253032255774,raw_frequencies,poststratified,0.022982478957020824,0.05787031560327446,True
grouped_cv,4,,1025,0.5,1000,none,0.24500000000000005,0.029190828444848216,0.038096352708284986,0.23541666666666672,0.18041758579691125,0.1619253032255774,rr_debiased,poststratified,0.00890552426343677,0.05787031560327446,True
grouped_cv,4,,1025,0.5,1000,strong,0.23500000000000004,0.3166266271485374,0.3353124269846658,0.23038135593220344,0.31505265989391806,0.25725745013428153,raw_frequencies,raw_frequencies,0.0,0.05787031560327446,True
grouped_cv,4,,1025,0.5,2000,moderate,0.191,0.37849593187225183,0.31255348079107326,0.20617391304347826,0.18041758579691125,0.1619253032255774,raw_frequencies,poststratified,0.12155348079107325,0.05787031560327446,True
grouped_cv,4,,1025,0.5,2000,none,0.22700000000000004,0.14789215972022532,0.1448168983460798,0.23541666666666672,0.18041758579691125,0.1619253032255774,poststratified,poststratified,0.0,0.05787031560327446,True
grouped_cv,4,,1025,0.5,2000,strong,0.23900000000000005,0.2547573224248231,0.1414315123325532,0.23038135593220344,0.31505265989391806,0.25725745013428153,poststratified,raw_frequencies,0.09756848766744686,0.05787031560327446,True
grouped_cv,4,,1025,1.0,250,moderate,0.13700000000000007,0.13303719198736735,0.11717558181862534,0.19333333333333333,0.149101016448701,0.2589720383691066,poststratified,rr_debiased,0.01586161016874202,0.05787031560327446,True
grouped_cv,4,,1025,1.0,250,none,0.15300000000000008,0.08910231005763963,0.07238945866734633,0.19333333333333333,0.149101016448701,0.2589720383691066,poststratified,rr_debiased,0.0167128513902933,0.05787031560327446,True
grouped_cv,4,,1025,1.0,250,strong,0.16799999999999998,0.33566044660718586,0.1331874701633669,0.21508333333333338,0.2734083118667221,0.2589720383691066,poststratified,raw_frequencies,0.03481252983663308,0.05787031560327446,True
grouped_cv,4,,1025,1.0,500,moderate,0.22100000000000003,0.12573721124279488,0.18742286880035047,0.19333333333333333,0.149101016448701,0.12220932397348544,rr_debiased,poststratified,0.06168565755755559,0.05787031560327446,True
grouped_cv,4,,1025,1.0,500,none,0.26500000000000007,0.21844186345045397,0.21887389309339156,0.19333333333333333,0.06821049518549896,0.12220932397348544,rr_debiased,rr_debiased,0.0,0.05787031560327446,True
grouped_cv,4,,1025,1.0,500,strong,0.18000000000000005,0.26975812371259433,0.3241855130084489,0.21508333333333338,0.2734083118667221,0.12220932397348544,raw_frequencies,poststratified,0.14418551300844884,0.05787031560327446,False
grouped_cv,4,,1025,1.0,1000,moderate,0.22100000000000009,0.09827791003671535,0.11377876805959133,0.18745312500000014,0.149101016448701,0.12220932397348544,rr_debiased,poststratified,0.015500858022875985,0.05787031560327446,True
grouped_cv,4,,1025,1.0,1000,none,0.1710000000000001,0.07196975744097944,0.05110456958154816,0.18745312500000014,0.06821049518549896,0.12220932397348544,poststratified,rr_debiased,0.020865187859431283,0.05787031560327446,True
grouped_cv,4,,1025,1.0,1000,strong,0.13600000000000007,0.21483952130043488,0.16406525691263985,0.17990000000000006,0.2734083118667221,0.12220932397348544,raw_frequencies,poststratified,0.02806525691263978,0.05787031560327446,True
grouped_cv,4,,1025,1.0,2000,moderate,0.2,0.1531965124488747,0.0877336533793468,0.17990000000000006,0.149101016448701,0.12220932397348544,poststratified,poststratified,0.0,0.05787031560327446,True
grouped_cv,4,,1025,1.0,2000,none,0.1850000000000001,0.017051155028819848,0.025556086141194867,0.18745312500000014,0.06821049518549896,0.12220932397348544,rr_debiased,rr_debiased,0.0,0.05787031560327446,True
grouped_cv,4,,1025,1.0,2000,strong,0.16100000000000003,0.20385580081800284,0.057581485780804825,0.17990000000000006,0.2734083118667221,0.12220932397348544,poststratified,poststratified,0.0,0.05787031560327446,True
grouped_cv,4,,1025,2.0,250,moderate,0.168,0.20692771478577804,0.08802902573966756,0.12822105263157899,0.149101016448701,0.1286678683454808,poststratified,raw_frequencies,0.07997097426033245,0.05787031560327446,True
grouped_cv,4,,1025,2.0,250,none,0.097,0.15192771478577807,0.12391924567422583,0.09760215053763449,0.149101016448701,0.1286678683454808,raw_frequencies,raw_frequencies,0.0,0.05787031560327446,True
grouped_cv,4,,1025,2.0,250,strong,0.20000000000000004,0.25395340848974596,0.09800352042754343,0.18933333333333335,0.23644675213875183,0.1286678683454808,poststratified,poststratified,0.0,0.05787031560327446,False
grouped_cv,4,,1025,2.0,500,moderate,0.06500000000000003,0.041431997069772686,0.1096237797233745,0.12822105263157899,0.149101016448701,0.06692207343381032,rr_debiased,poststratified,0.06819178265360182,0.05787031560327446,False
grouped_cv,4,,1025,2.0,500,none,0.11600000000000008,0.08936348052585827,0.08185233968051028,0.09760215053763449,0.06821049518549896,0.06692207343381032,poststratified,poststratified,0.0,0.05787031560327446,True
grouped_cv,4,,1025,2.0,500,strong,0.19599999999999998,0.2833444670547258,0.09337096707477696,0.18933333333333335,0.23644675213875183,0.06692207343381032,poststratified,poststratified,0.0,0.05787031560327446,False
grouped_cv,4,,1025,2.0,1000,moderate,0.156,0.18341486793379402,0.03373096970165376,0.12822105263157899,0.149101016448701,0.06692207343381032,poststratified,poststratified,0.0,0.05787031560327446,False
grouped_cv,4,,1025,2.0,1000,none,0.12700000000000006,0.05087058931258362,0.057697145982834624,0.09760215053763449,0.06821049518549896,0.06692207343381032,rr_debiased,poststratified,0.006826556670251005,0.05787031560327446,True
grouped_cv,4,,1025,2.0,1000,strong,0.158,0.180475762077296,0.041283038831688934,0.18933333333333335,0.23644675213875183,0.06692207343381032,poststratified,poststratified,0.0,0.05787031560327446,False
grouped_cv,4,,1025,2.0,2000,moderate,0.10300000000000001,0.11434588030609122,0.0452937126045746,0.12822105263157899,0.149101016448701,0.06692207343381032,poststratified,poststratified,0.0,0.05787031560327446,False
grouped_cv,4,,1025,2.0,2000,none,0.09900000000000003,0.008532802490693242,0.016266596576541448,0.09760215053763449,0.06821049518549896,0.06692207343381032,rr_debiased,poststratified,0.007733794085848206,0.05787031560327446,True
grouped_cv,4,,1025,2.0,2000,strong,0.166,0.22015369114001904,0.07090897395115534,0.1767567567567568,0.23644675213875183,0.06692207343381032,poststratified,poststratified,0.0,0.05787031560327446,False
grouped_cv,3,,1026,0.25,250,moderate,0.2730000000000001,0.8400000000000001,0.8323981300820821,0.2527391304347827,0.5856056675137623,0.6560874585834902,raw_frequencies,raw_frequencies,0.0,0.05859938015416227,False
grouped_cv,3,,1026,0.25,250,none,0.32900000000000007,0.7849999999999999,0.785,0.26920359281437123,0.5856056675137623,0.6560874585834902,raw_frequencies,raw_frequencies,0.0,0.05859938015416227,False
grouped_cv,3,,1026,0.25,250,strong,0.281,0.2041664933135024,0.6644328653395323,0.2527391304347827,0.4598055476938249,0.6560874585834902,rr_debiased,raw_frequencies,0.07683350668649763,0.05859938015416227,False
grouped_cv,3,,1026,0.25,500,moderate,0.24100000000000005,0.9608272659725828,0.9020841100415289,0.26920359281437123,0.5856056675137623,0.6560874585834902,raw_frequencies,raw_frequencies,0.0,0.05859938015416227,False
grouped_cv,3,,1026,0.25,500,none,0.24900000000000005,0.8595775260023292,0.8990401548245616,0.26920359281437123,0.5856056675137623,0.45384765558407714,raw_frequencies,raw_frequencies,0.0,0.05859938015416227,False
grouped_cv,3,,1026,0.25,500,strong,0.24500000000000005,1.05332674591309,1.2149999999999999,0.2648846153846154,0.7404237089200169,0.6560874585834902,raw_frequencies,raw_frequencies,0.0,0.05859938015416227,False
grouped_cv,3,,1026,0.25,1000,moderate,0.26700000000000007,0.34291571322426273,0.14544132808477295,0.2527391304347827,0.430010578876862,0.4720044050627425,poststratified,raw_frequencies,0.12155867191522712,0.05859938015416227,False
grouped_cv,3,,1026,0.25,1000,none,0.24700000000000005,0.327705516344413,0.31149083712543324,0.26920359281437123,0.3933633398915197,0.38786604241651584,raw_frequencies,raw_frequencies,0.0,0.05859938015416227,False
grouped_cv,3,,1026,0.25,1000,strong,0.21300000000000002,0.3749999999999999,0.375,0.2527391304347827,0.430010578876862,0.4720044050627425,raw_frequencies,raw_frequencies,0.0,0.05859938015416227,False
grouped_cv,3,,1026,0.25,2000,moderate,0.24800000000000005,0.3133309063890326,0.241152582098888,0.26920359281437123,0.26479032317964313,0.24890459608232623,poststratified,poststratified,0.0,0.05859938015416227,True
grouped_cv,3,,1026,0.25,2000,none,0.268,0.10010457838043191,0.10203600495047885,0.26920359281437123,0.26479032317964313,0.24890459608232623,rr_debiased,poststratified,0.0019314265700469402,0.05859938015416227,True
grouped_cv,3,,1026,0.25,2000,strong,0.25700000000000006,0.4867674312774836,0.6351931761228647,0.29595652173913045,0.3841683509655294,0.3920023736017429,raw_frequencies,raw_frequencies,0.0,0.05859938015416227,False
grouped_cv,3,,1026,0.5,250,moderate,0.18500000000000005,0.4066183431103034,0.375,0.2357767857142856,0.28788710140392404,0.3170783706447909,raw_frequencies,raw_frequencies,0.0,0.05859938015416227,True
grouped_cv,3,,1026,0.5,250,none,0.2730000000000001,0.32331952660294383,0.4462622862767187,0.2357767857142856,0.28788710140392404,0.3170783706447909,raw_frequencies,raw_frequencies,0.0,0.05859938015416227,True
grouped_cv,3,,1026,0.5,250,strong,0.2720000000000001,0.7282822484308927,0.6827843835674559,0.2357767857142856,0.39310042879118584,0.48328754834694115,raw_frequencies,raw_frequencies,0.0,0.05859938015416227,False
grouped_cv,3,,1026,0.5,500,moderate,0.20100000000000007,0.21828639045000953,0.3749999999999998,0.2357767857142856,0.28788710140392404,0.3170783706447909,raw_frequencies,raw_frequencies,0.0,0.05859938015416227,True
grouped_cv,3,,1026,0.5,500,none,0.1690000000000001,0.41515260315249425,0.45309716937764327,0.2357767857142856,0.28788710140392404,0.3170783706447909,raw_frequencies,raw_frequencies,0.0,0.05859938015416227,True
grouped_cv,3,,1026,0.5,500,strong,0.23700000000000004,0.33912455613897896,0.1237764596787807,0.24791666666666667,0.39310042879118584,0.48328754834694115,poststratified,raw_frequencies,0.11322354032121934,0.05859938015416227,False
grouped_cv,3,,1026,0.5,1000,moderate,0.23100000000000004,0.27163076916765416,0.2913683926127302,0.2357767857142856,0.18717700548662056,0.16501819813781474,raw_frequencies,poststratified,0.06036839261273014,0.05859938015416227,True
grouped_cv,3,,1026,0.5,1000,none,0.23100000000000004,0.14789215972022535,0.14480106273171298,0.2357767857142856,0.18717700548662056,0.16501819813781474,poststratified,poststratified,0.0,0.05859938015416227,True
grouped_cv,3,,1026,0.5,1000,strong,0.23900000000000005,0.09164733724412136,0.37750186063614954,0.22000000000000006,0.39310042879118584,0.25104461916823834,rr_debiased,raw_frequencies,0.1473526627558787,0.05859938015416227,True
grouped_cv,3,,1026,0.5,2000,moderate,0.19300000000000006,0.26328224843089276,0.20732931944950178,0.2357767857142856,0.18717700548662056,0.16501819813781474,raw_frequencies,poststratified,0.01432931944950172,0.05859938015416227,True
grouped_cv,3,,1026,0.5,2000,none,0.23700000000000004,0.12101457095827733,0.12241075066302826,0.2357767857142856,0.18717700548662056,0.16501819813781474,rr_debiased,poststratified,0.0013961797047509217,0.05859938015416227,True
grouped_cv,3,,1026,0.5,2000,strong,0.23600000000000004,0.34474903838658943,0.02723751844657102,0.22000000000000006,0.22501007145567284,0.25104461916823834,poststratified,raw_frequencies,0.20876248155342902,0.05859938015416227,True
grouped_cv,3,,1026,1.0,250,moderate,0.12900000000000006,0.15992091888827528,0.16200464470302584,0.19100000000000003,0.1521874241904391,0.24216393636251954,raw_frequencies,rr_debiased,0.030920918888275223,0.05859938015416227,True
grouped_cv,3,,1026,1.0,250,none,0.1850000000000001,0.3026278875720496,0.31254819463815997,0.19100000000000003,0.1521874241904391,0.24216393636251954,raw_frequencies,rr_debiased,0.1176278875720495,0.05859938015416227,True
grouped_cv,3,,1026,1.0,250,strong,0.272,0.6651720610801435,0.8092929676939747,0.2105660377358491,0.25706708635470565,0.24216393636251954,raw_frequencies,raw_frequencies,0.0,0.05859938015416227,True
grouped_cv,3,,1026,1.0,500,moderate,0.2770000000000001,0.2513930248977498,0.3042748261151044,0.19100000000000003,0.1521874241904391,0.12474591621216383,rr_debiased,poststratified,0.05288180121735464,0.05859938015416227,True
grouped_cv,3,,1026,1.0,500,none,0.12900000000000006,0.15500463295223119,0.16348871155780448,0.19100000000000003,0.1521874241904391,0.12474591621216383,raw_frequencies,poststratified,0.03448871155780442,0.05859938015416227,True
grouped_cv,3,,1026,1.0,500,strong,0.20400000000000001,0.3795953285369135,0.21877480576458946,0.2105660377358491,0.25706708635470565,0.12474591621216383,raw_frequencies,poststratified,0.01477480576458945,0.05859938015416227,False
grouped_cv,3,,1026,1.0,1000,moderate,0.15300000000000008,0.08910231005763969,0.14718941315728676,0.1816666666666667,0.1521874241904391,0.12474591621216383,rr_debiased,poststratified,0.05808710309964707,0.05859938015416227,True
grouped_cv,3,,1026,1.0,1000,none,0.1850000000000001,0.006148832134228316,0.0029482116878941644,0.1871363636363637,0.07230945622759828,0.12474591621216383,poststratified,rr_debiased,0.0032006204463341514,0.05859938015416227,True
grouped_cv,3,,1026,1.0,1000,strong,0.194,0.3246767261247539,0.2169329370874306,0.1816666666666667,0.25706708635470565,0.12474591621216383,raw_frequencies,poststratified,0.022932937087430605,0.05859938015416227,True
grouped_cv,3,,1026,1.0,2000,moderate,0.1710000000000001,0.12147789719976354,0.034360911978263964,0.1816666666666667,0.1521874241904391,0.12474591621216383,poststratified,poststratified,0.0,0.05859938015416227,True
grouped_cv,3,,1026,1.0,2000,none,0.2260000000000001,0.11475349076036323,0.1306422564432414,0.1871363636363637,0.07230945622759828,0.12474591621216383,rr_debiased,rr_debiased,0.0,0.05859938015416227,True
grouped_cv,3,,1026,1.0,2000,strong,0.17300000000000004,0.17639649961192302,0.1304114905418654,0.1816666666666667,0.25706708635470565,0.12474591621216383,poststratified,poststratified,0.0,0.05859938015416227,True
grouped_cv,3,,1026,2.0,250,moderate,0.0890000000000001,0.04611990395185023,0.1507154365298414,0.13114606741573037,0.1521874241904391,0.13767314851000326,rr_debiased,raw_frequencies,0.04288009604814988,0.05859938015416227,True
grouped_cv,3,,1026,2.0,250,none,0.12000000000000002,0.1128763273778422,0.13198947293317162,0.0990102040816327,0.1521874241904391,0.13767314851000326,rr_debiased,raw_frequencies,0.007123672622157823,0.05859938015416227,True
grouped_cv,3,,1026,2.0,250,strong,0.168,0.19517129135978603,0.06685182587730767,0.1878133333333334,0.25706708635470565,0.13767314851000326,poststratified,poststratified,0.0,0.05859938015416227,True
grouped_cv,3,,1026,2.0,500,moderate,0.07600000000000004,0.08348526881286233,0.05951764623276959,0.13114606741573037,0.1521874241904391,0.06392626466451415,poststratified,poststratified,0.0,0.05859938015416227,False
grouped_cv,3,,1026,2.0,500,none,0.09700000000000003,0.03995717716005351,0.043908437075018375,0.0990102040816327,0.1521874241904391,0.06392626466451415,rr_debiased,poststratified,0.003951259914964866,0.05859938015416227,True
grouped_cv,3,,1026,2.0,500,strong,0.20400000000000001,0.2183996231329693,0.081173094657293,0.1878133333333334,0.25706708635470565,0.06392626466451415,poststratified,poststratified,0.0,0.05859938015416227,False
grouped_cv,3,,1026,2.0,1000,moderate,0.10200000000000001,0.11875453909083816,0.06815394595709273,0.13114606741573037,0.1521874241904391,0.06392626466451415,poststratified,poststratified,0.0,0.05859938015416227,False
grouped_cv,3,,1026,2.0,1000,none,0.11700000000000005,0.0370180713035555,0.042406616368081795,0.0990102040816327,0.07230945622759828,0.06392626466451415,rr_debiased,poststratified,0.0053885450645262956,0.05859938015416227,True
grouped_cv,3,,1026,2.0,1000,strong,0.11200000000000002,0.15990202108181012,0.15988448776159173,0.17484615384615393,0.25706708635470565,0.06392626466451415,raw_frequencies,poststratified,0.04788448776159171,0.05859938015416227,False
grouped_cv,3,,1026,2.0,2000,moderate,0.14200000000000004,0.14373693887107114,0.0211107374949292,0.13114606741573037,0.1521874241904391,0.06392626466451415,poststratified,poststratified,0.0,0.05859938015416227,False
grouped_cv,3,,1026,2.0,2000,none,0.048000000000000015,0.06641439685000566,0.06680637740416037,0.0990102040816327,0.07230945622759828,0.06392626466451415,raw_frequencies,poststratified,0.018806377404160357,0.05859938015416227,True
grouped_cv,3,,1026,2.0,2000,strong,0.19799999999999998,0.2906922316959708,0.062299808342155594,0.1878133333333334,0.25706708635470565,0.06392626466451415,poststratified,poststratified,0.0,0.05859938015416227,False
grouped_cv,2,,1027,0.25,250,moderate,0.31300000000000006,0.8400000000000001,0.8399999999999999,0.2818333333333334,0.5928140355112443,0.6192250145099641,raw_frequencies,raw_frequencies,0.0,0.05880112746507657,False
grouped_cv,2,,1027,0.25,250,none,0.38500000000000006,1.3607056262766577,1.470639330525226,0.2818333333333334,0.5928140355112443,0.6192250145099641,raw_frequencies,raw_frequencies,0.0,0.05880112746507657,False
grouped_cv,2,,1027,0.25,250,strong,0.321,0.6308314264485255,0.2689473593932274,0.26869444444444446,0.7102980625710203,0.8506242342470567,poststratified,raw_frequencies,0.052052640606772616,0.05880112746507657,False
grouped_cv,2,,1027,0.25,500,moderate,0.23700000000000004,0.8133277860320756,0.8708305282016979,0.26284615384615384,0.4226498820564081,0.6947714324068957,raw_frequencies,raw_frequencies,0.0,0.05880112746507657,False
grouped_cv,2,,1027,0.25,500,none,0.321,0.6308314264485254,0.6218390441092292,0.26284615384615384,0.4226498820564081,0.49405398003268597,raw_frequencies,raw_frequencies,0.0,0.05880112746507657,False
grouped_cv,2,,1027,0.25,500,strong,0.3410000000000001,0.7850000000000001,1.1669195653788902,0.26284615384615384,0.6017664854446568,0.6947714324068957,raw_frequencies,raw_frequencies,0.0,0.05880112746507657,False
grouped_cv,2,,1027,0.25,1000,moderate,0.28500000000000003,0.21458376671624418,0.13847210325177864,0.26284615384615384,0.4226498820564081,0.5359802078740358,poststratified,raw_frequencies,0.1465278967482214,0.05880112746507657,False
grouped_cv,2,,1027,0.25,1000,none,0.2330000000000001,0.37499999999999983,0.37499999999999983,0.2716764705882354,0.4226498820564081,0.37193983908747863,raw_frequencies,raw_frequencies,0.0,0.05880112746507657,False
grouped_cv,2,,1027,0.25,1000,strong,0.29100000000000004,0.3197908432391362,0.1574381390668383,0.26284615384615384,0.4226498820564081,0.5359802078740358,poststratified,raw_frequencies,0.13356186093316175,0.05880112746507657,False
grouped_cv,2,,1027,0.25,2000,moderate,0.23100000000000004,0.7264141085226903,0.7551469763294443,0.26284615384615384,0.36691495543028463,0.37193983908747863,raw_frequencies,raw_frequencies,0.0,0.05880112746507657,False
grouped_cv,2,,1027,0.25,2000,none,0.26200000000000007,0.1977065564633986,0.1860975443830278,0.2716764705882354,0.24972088162441802,0.37193983908747863,poststratified,rr_debiased,0.011609012080370795,0.05880112746507657,True
grouped_cv,2,,1027,0.25,2000,strong,0.2820000000000001,0.45854006314989665,0.3759421815250617,0.26284615384615384,0.36691495543028463,0.5359802078740358,raw_frequencies,raw_frequencies,0.0,0.05880112746507657,False
grouped_cv,2,,1027,0.5,250,moderate,0.26500000000000007,0.17832781064117748,0.3972229213012296,0.23260176991150436,0.4785360240085201,0.32508421094106466,rr_debiased,raw_frequencies,0.0866721893588226,0.05880112746507657,False
grouped_cv,2,,1027,0.5,250,none,0.20900000000000007,0.1732905324691263,0.13845463741385208,0.23260176991150436,0.2977325670040637,0.32508421094106466,poststratified,raw_frequencies,0.07054536258614799,0.05880112746507657,False
grouped_cv,2,,1027,0.5,250,strong,0.12900000000000006,0.5402609314812812,0.3749999999999999,0.23260176991150436,0.4785360240085201,0.4590595856705373,raw_frequencies,raw_frequencies,0.0,0.05880112746507657,False
grouped_cv,2,,1027,0.5,500,moderate,0.23300000000000004,0.11414526623456292,0.1496511040918515,0.23260176991150436,0.3154456982385197,0.32508421094106466,rr_debiased,raw_frequencies,0.11885473376543712,0.05880112746507657,False
grouped_cv,2,,1027,0.5,500,none,0.22500000000000003,0.1591411242154461,0.14704069752919824,0.23260176991150436,0.2977325670040637,0.32508421094106466,poststratified,raw_frequencies,0.0779593024708018,0.05880112746507657,False
grouped_cv,2,,1027,0.5,500,strong,0.20100000000000007,0.24913284017721296,0.3809453296697568,0.23260176991150436,0.3154456982385197,0.32508421094106466,raw_frequencies,raw_frequencies,0.0,0.05880112746507657,False
grouped_cv,2,,1027,0.5,1000,moderate,0.21500000000000002,0.2053818046724334,0.29958993964062747,0.23260176991150436,0.188078003237553,0.17594031854817893,rr_debiased,poststratified,0.09420813496819408,0.05880112746507657,True
grouped_cv,2,,1027,0.5,1000,none,0.21900000000000003,0.22663491118677098,0.22713339515472003,0.23260176991150436,0.188078003237553,0.17594031854817893,raw_frequencies,poststratified,0.008133395154720002,0.05880112746507657,True
grouped_cv,2,,1027,0.5,1000,strong,0.22300000000000003,0.2491328401772126,0.11565799847037547,0.2164583333333334,0.3154456982385197,0.26356966519792724,poststratified,raw_frequencies,0.10734200152962456,0.05880112746507657,True
grouped_cv,2,,1027,0.5,2000,moderate,0.21800000000000008,0.12267019224063264,0.22278269406090312,0.23260176991150436,0.188078003237553,0.17594031854817893,rr_debiased,poststratified,0.10011250182027048,0.05880112746507657,True
grouped_cv,2,,1027,0.5,2000,none,0.19000000000000006,0.28015569517372396,0.27667913827965257,0.23260176991150436,0.188078003237553,0.17594031854817893,raw_frequencies,poststratified,0.08667913827965251,0.05880112746507657,True
grouped_cv,2,,1027,0.5,2000,strong,0.22900000000000004,0.35599800288181027,0.26027550381374204,0.23260176991150436,0.3154456982385197,0.17594031854817893,raw_frequencies,poststratified,0.031275503813742,0.05880112746507657,True
grouped_cv,2,,1027,1.0,250,moderate,0.14500000000000007,0.18188835985313914,0.21068857606009186,0.19402970297029698,0.14866489982601522,0.21381967712915598,raw_frequencies,rr_debiased,0.03688835985313907,0.05880112746507657,True
grouped_cv,2,,1027,1.0,250,none,0.3050000000000001,0.3282790682747732,0.35283080153705343,0.19402970297029698,0.14866489982601522,0.21381967712915598,raw_frequencies,rr_debiased,0.023279068274773107,0.05880112746507657,True
grouped_cv,2,,1027,1.0,250,strong,0.23200000000000004,0.4454976514315051,0.4056733601870415,0.21006976744186048,0.25852973780059246,0.21381967712915598,raw_frequencies,raw_frequencies,0.0,0.05880112746507657,True
grouped_cv,2,,1027,1.0,500,moderate,0.1770000000000001,0.12696975744097955,0.02284210950727214,0.19402970297029698,0.14866489982601522,0.21381967712915598,poststratified,rr_debiased,0.1041276479337074,0.05880112746507657,True
grouped_cv,2,,1027,1.0,500,none,0.1770000000000001,0.028116273099092204,0.04529773452680941,0.19402970297029698,0.07636525262718091,0.21381967712915598,rr_debiased,rr_debiased,0.0,0.05880112746507657,False
grouped_cv,2,,1027,1.0,500,strong,0.1730000000000001,0.14893719840584335,0.1643193044288186,0.21006976744186048,0.25852973780059246,0.21381967712915598,rr_debiased,raw_frequencies,0.024062801594156746,0.05880112746507657,True
grouped_cv,2,,1027,1.0,1000,moderate,0.203,0.22459069558468225,0.13659853975761896,0.181308510638298,0.14866489982601522,0.0977455233015351,poststratified,poststratified,0.0,0.05880112746507657,True
grouped_cv,2,,1027,1.0,1000,none,0.14300000000000007,0.13246161768219547,0.13667044111378712,0.1911800000000001,0.07636525262718091,0.0977455233015351,rr_debiased,rr_debiased,0.0,0.05880112746507657,True
grouped_cv,2,,1027,1.0,1000,strong,0.15599999999999997,0.2917255646774581,0.12629603097311395,0.181308510638298,0.25852973780059246,0.0977455233015351,poststratified,poststratified,0.0,0.05880112746507657,False
grouped_cv,2,,1027,1.0,2000,moderate,0.20900000000000002,0.1202453510015789,0.1090396494610674,0.181308510638298,0.14866489982601522,0.0977455233015351,poststratified,poststratified,0.0,0.05880112746507657,True
grouped_cv,2,,1027,1.0,2000,none,0.1800000000000001,0.06106743454638794,0.05777403609703641,0.1911800000000001,0.07636525262718091,0.0977455233015351,poststratified,rr_debiased,0.003293398449351531,0.05880112746507657,True
grouped_cv,2,,1027,1.0,2000,strong,0.17400000000000004,0.2532825429889465,0.12274212121143199,0.181308510638298,0.25852973780059246,0.0977455233015351,poststratified,poststratified,0.0,0.05880112746507657,False
grouped_cv,2,,1027,2.0,250,moderate,0.13600000000000004,0.13638917422982616,0.053188962830298225,0.1274666666666667,0.14866489982601522,0.1060669319895659,poststratified,poststratified,0.0,0.05880112746507657,True
grouped_cv,2,,1027,2.0,250,none,0.06500000000000003,0.041431997069772686,0.03714131168186863,0.09870408163265308,0.14866489982601522,0.1060669319895659,poststratified,raw_frequencies,0.027858688318131403,0.05880112746507657,True
grouped_cv,2,,1027,2.0,250,strong,0.13600000000000004,0.20692771478577812,0.11497974895176288,0.18645714285714285,0.25852973780059246,0.1060669319895659,poststratified,poststratified,0.0,0.05880112746507657,False
grouped_cv,2,,1027,2.0,500,moderate,0.07600000000000004,0.07760705709986634,0.10039790999334033,0.1274666666666667,0.14866489982601522,0.1060669319895659,raw_frequencies,poststratified,0.024397909993340294,0.05880112746507657,True
grouped_cv,2,,1027,2.0,500,none,0.09700000000000003,0.0538096951690816,0.05561805165941258,0.09870408163265308,0.07636525262718091,0.1060669319895659,rr_debiased,rr_debiased,0.0,0.05880112746507657,True
grouped_cv,2,,1027,2.0,500,strong,0.20800000000000005,0.259831620202742,0.05547359850833636,0.18645714285714285,0.25852973780059246,0.1060669319895659,poststratified,poststratified,0.0,0.05880112746507657,False
grouped_cv,2,,1027,2.0,1000,moderate,0.14200000000000004,0.1834148679337941,0.08299624421813084,0.1274666666666667,0.14866489982601522,0.056970792767847195,poststratified,poststratified,0.0,0.05880112746507657,False
grouped_cv,2,,1027,2.0,1000,none,0.08700000000000005,0.039398680965392424,0.04410557189947145,0.09870408163265308,0.07636525262718091,0.056970792767847195,rr_debiased,poststratified,0.004706890934079028,0.05880112746507657,True
grouped_cv,2,,1027,2.0,1000,strong,0.14600000000000005,0.16284112693830813,0.057594511967509865,0.18645714285714285,0.25852973780059246,0.056970792767847195,poststratified,poststratified,0.0,0.05880112746507657,False
grouped_cv,2,,1027,2.0,2000,moderate,0.13400000000000006,0.11553091815553945,0.04217749332345172,0.1274666666666667,0.14866489982601522,0.056970792767847195,poststratified,poststratified,0.0,0.05880112746507657,False
grouped_cv,2,,1027,2.0,2000,none,0.11200000000000004,0.032609412518808556,0.026748807796575763,0.09870408163265308,0.07636525262718091,0.056970792767847195,poststratified,poststratified,0.0,0.05880112746507657,True
grouped_cv,2,,1027,2.0,2000,strong,0.21000000000000005,0.2730575965569829,0.01523835542970664,0.18645714285714285,0.25852973780059246,0.056970792767847195,poststratified,poststratified,0.0,0.05880112746507657,False
grouped_cv,1,,1028,0.25,250,moderate,0.32100000000000006,0.7850000000000001,0.7849999999999998,0.2674285714285716,0.6196918763828246,0.6463860164844247,raw_frequencies,raw_frequencies,0.0,0.06221401041251846,False
grouped_cv,1,,1028,0.25,250,none,0.2810000000000001,0.24166597325400918,0.2675833919665641,0.2674285714285716,0.6196918763828246,0.4904818152306326,rr_debiased,raw_frequencies,0.0393340267459909,0.06221401041251846,False
grouped_cv,1,,1028,0.25,250,strong,0.29700000000000004,0.35333298662700485,0.6930590831261338,0.2509333333333333,0.6196918763828246,0.6463860164844247,raw_frequencies,raw_frequencies,0.0,0.06221401041251846,False
grouped_cv,1,,1028,0.25,500,moderate,0.24900000000000005,0.25833090638903256,0.14069041960716083,0.2674285714285716,0.5488129831991254,0.6463860164844247,poststratified,raw_frequencies,0.10830958039283922,0.06221401041251846,False
grouped_cv,1,,1028,0.25,500,none,0.317,0.584581686478272,0.6446921842213307,0.2674285714285716,0.4287889402819822,0.6463860164844247,raw_frequencies,raw_frequencies,0.0,0.06221401041251846,False
grouped_cv,1,,1028,0.25,500,strong,0.325,0.677081166418779,0.789612009859084,0.2509333333333333,0.5488129831991254,0.8728866250657684,raw_frequencies,raw_frequencies,0.0,0.06221401041251846,False
grouped_cv,1,,1028,0.25,1000,moderate,0.24700000000000005,0.45208012629979344,0.22700256790881468,0.2674285714285716,0.3839925971209852,0.39052976042137744,poststratified,raw_frequencies,0.019997432091185374,0.06221401041251846,False
grouped_cv,1,,1028,0.25,1000,none,0.2810000000000001,0.24166597325400918,0.3041818576360261,0.2674285714285716,0.3839925971209852,0.39052976042137744,rr_debiased,raw_frequencies,0.0393340267459909,0.06221401041251846,False
grouped_cv,1,,1028,0.25,1000,strong,0.31700000000000006,0.7822882429416718,0.49172217073638963,0.25731034482758625,0.4873976164586752,0.5340414499897754,raw_frequencies,raw_frequencies,0.0,0.06221401041251846,False
grouped_cv,1,,1028,0.25,2000,moderate,0.25300000000000006,0.16583142644852533,0.1826520971512552,0.2674285714285716,0.35313120182826135,0.2907141058384489,rr_debiased,raw_frequencies,0.08716857355147473,0.06221401041251846,True
grouped_cv,1,,1028,0.25,2000,none,0.23800000000000004,0.37114308135184954,0.36735671970389816,0.2674285714285716,0.24066543239213664,0.2907141058384489,raw_frequencies,rr_debiased,0.1331430813518495,0.06221401041251846,True
grouped_cv,1,,1028,0.25,2000,strong,0.26400000000000007,0.6602039561659345,0.6281115834600434,0.28625531914893626,0.35313120182826135,0.2907141058384489,raw_frequencies,raw_frequencies,0.0,0.06221401041251846,True
grouped_cv,1,,1028,0.5,250,moderate,0.2890000000000001,0.5932946744882431,0.6265114264191657,0.23478181818181812,0.2986756973121847,0.4197774510200992,raw_frequencies,raw_frequencies,0.0,0.06221401041251846,False
grouped_cv,1,,1028,0.5,250,none,0.25700000000000006,0.4583071005455934,0.4499034246433511,0.23478181818181812,0.2986756973121847,0.4197774510200992,raw_frequencies,raw_frequencies,0.0,0.06221401041251846,False
grouped_cv,1,,1028,0.5,250,strong,0.19300000000000006,0.26328224843089265,0.20961788390316727,0.23478181818181812,0.4917069331571215,0.4197774510200992,raw_frequencies,raw_frequencies,0.0,0.06221401041251846,False
grouped_cv,1,,1028,0.5,500,moderate,0.18900000000000006,0.28578017742133444,0.31401572024867824,0.23478181818181812,0.2986756973121847,0.3039839819138688,raw_frequencies,raw_frequencies,0.0,0.06221401041251846,False
grouped_cv,1,,1028,0.5,500,none,0.22100000000000003,0.3166266271485375,0.34378319341585584,0.23478181818181812,0.2986756973121847,0.3039839819138688,raw_frequencies,raw_frequencies,0.0,0.06221401041251846,False
grouped_cv,1,,1028,0.5,500,strong,0.29300000000000004,0.29916597633014724,0.64744484933049,0.2454827586206897,0.3095269420132093,0.3039839819138688,raw_frequencies,raw_frequencies,0.0,0.06221401041251846,True
grouped_cv,1,,1028,0.5,1000,moderate,0.195,0.3503735206341999,0.3459345534879651,0.23478181818181812,0.18322679900142613,0.24276284649633248,raw_frequencies,rr_debiased,0.1553735206341999,0.06221401041251846,True
grouped_cv,1,,1028,0.5,1000,none,0.24500000000000005,0.088336094679411,0.08161837688384962,0.23478181818181812,0.18322679900142613,0.15742348254400254,poststratified,poststratified,0.0,0.06221401041251846,True
grouped_cv,1,,1028,0.5,1000,strong,0.22300000000000003,0.3616224851294206,0.1452692565391624,0.21635897435897442,0.3095269420132093,0.24276284649633248,poststratified,raw_frequencies,0.07773074346083764,0.06221401041251846,True
grouped_cv,1,,1028,0.5,2000,moderate,0.24800000000000005,0.17708298816507348,0.03574213613781313,0.23478181818181812,0.18322679900142613,0.24276284649633248,poststratified,rr_debiased,0.14134085202726035,0.06221401041251846,True
grouped_cv,1,,1028,0.5,2000,none,0.23100000000000004,0.19851249994871895,0.19245242443496244,0.23478181818181812,0.18322679900142613,0.15742348254400254,poststratified,poststratified,0.0,0.06221401041251846,True
grouped_cv,1,,1028,0.5,2000,strong,0.21800000000000003,0.2041369821963294,0.14325726302974268,0.21635897435897442,0.3095269420132093,0.24276284649633248,poststratified,raw_frequencies,0.07474273697025735,0.06221401041251846,True
grouped_cv,1,,1028,1.0,250,moderate,0.24900000000000005,0.3344279004090015,0.28918287161342016,0.18361643835616445,0.15171666727066804,0.245644662162246,raw_frequencies,rr_debiased,0.08542790040900144,0.06221401041251846,True
grouped_cv,1,,1028,1.0,250,none,0.25700000000000006,0.24655813654954611,0.2614246057042982,0.19160377358490566,0.15171666727066804,0.245644662162246,rr_debiased,rr_debiased,0.0,0.06221401041251846,True
grouped_cv,1,,1028,1.0,250,strong,0.24900000000000005,0.31246045944413764,0.14413123789146715,0.18361643835616445,0.2791106748914388,0.245644662162246,poststratified,raw_frequencies,0.10486876210853291,0.06221401041251846,True
grouped_cv,1,,1028,1.0,500,moderate,0.15700000000000008,0.09401859599368373,0.1359510580200824,0.18361643835616445,0.15171666727066804,0.12326257696705775,rr_debiased,poststratified,0.041932462026398665,0.06221401041251846,True
grouped_cv,1,,1028,1.0,500,none,0.189,0.14762325461981834,0.14217792695695877,0.19160377358490566,0.07498551377391478,0.12326257696705775,poststratified,rr_debiased,0.005445327662859573,0.06221401041251846,True
grouped_cv,1,,1028,1.0,500,strong,0.22800000000000004,0.3905790490193454,0.2330876814264245,0.18361643835616445,0.24239725597514458,0.12326257696705775,raw_frequencies,poststratified,0.005087681426424462,0.06221401041251846,True
grouped_cv,1,,1028,1.0,1000,moderate,0.195,0.12573721124279488,0.04587238864278004,0.18361643835616445,0.15171666727066804,0.12326257696705775,poststratified,poststratified,0.0,0.06221401041251846,True
grouped_cv,1,,1028,1.0,1000,none,0.19100000000000006,0.0433593076245557,0.05496654311102592,0.19160377358490566,0.07498551377391478,0.12326257696705775,rr_debiased,rr_debiased,0.0,0.06221401041251846,True
grouped_cv,1,,1028,1.0,1000,strong,0.19100000000000006,0.10376977027793133,0.1580760211673427,0.18361643835616445,0.24239725597514458,0.12326257696705775,rr_debiased,poststratified,0.05430625088941138,0.06221401041251846,True
grouped_cv,1,,1028,1.0,2000,moderate,0.1860000000000001,0.037786049795499405,0.18979288698506774,0.18361643835616445,0.15171666727066804,0.12326257696705775,rr_debiased,poststratified,0.15200683718956834,0.06221401041251846,True
grouped_cv,1,,1028,1.0,2000,none,0.21900000000000003,0.09545058232826667,0.09119711570023917,0.19160377358490566,0.07498551377391478,0.12326257696705775,poststratified,rr_debiased,0.004253466628027502,0.06221401041251846,True
grouped_cv,1,,1028,1.0,2000,strong,0.21400000000000002,0.28500115823805794,0.10965330490351652,0.18361643835616445,0.24239725597514458,0.12326257696705775,poststratified,poststratified,0.0,0.06221401041251846,True
grouped_cv,1,,1028,2.0,250,moderate,0.06400000000000003,0.07760705709986634,0.09338003181330781,0.12342105263157901,0.15171666727066804,0.13502693249326542,raw_frequencies,raw_frequencies,0.0,0.06221401041251846,True
grouped_cv,1,,1028,2.0,250,none,0.13700000000000007,0.11049571771600533,0.10938324979995004,0.12342105263157901,0.15171666727066804,0.13502693249326542,poststratified,raw_frequencies,0.027616750200050028,0.06221401041251846,True
grouped_cv,1,,1028,2.0,250,strong,0.22400000000000003,0.24779068169794918,0.24228546223794428,0.18618947368421043,0.2791106748914388,0.13502693249326542,raw_frequencies,poststratified,0.01828546223794425,0.06221401041251846,True
grouped_cv,1,,1028,2.0,500,moderate,0.15599999999999997,0.14786108257701738,0.10610925751471262,0.15035000000000007,0.15171666727066804,0.06580006963722893,poststratified,poststratified,0.0,0.06221401041251846,False
grouped_cv,1,,1028,2.0,500,none,0.07200000000000004,0.07172884538687033,0.06980983140716254,0.0955256410256411,0.07498551377391478,0.06580006963722893,poststratified,poststratified,0.0,0.06221401041251846,True
grouped_cv,1,,1028,2.0,500,strong,0.15200000000000005,0.1951712913597861,0.062260954540192426,0.18618947368421043,0.24239725597514458,0.06580006963722893,poststratified,poststratified,0.0,0.06221401041251846,False
grouped_cv,1,,1028,2.0,1000,moderate,0.14800000000000005,0.18635397379029212,0.062214246168325216,0.15035000000000007,0.15171666727066804,0.06580006963722893,poststratified,poststratified,0.0,0.06221401041251846,False
grouped_cv,1,,1028,2.0,1000,none,0.12700000000000006,0.06053091815553949,0.05675750061475007,0.0955256410256411,0.07498551377391478,0.06580006963722893,poststratified,poststratified,0.0,0.06221401041251846,True
grouped_cv,1,,1028,2.0,1000,strong,0.254,0.3274310549021958,0.1284929102664352,0.18618947368421043,0.24239725597514458,0.06580006963722893,poststratified,poststratified,0.0,0.06221401041251846,False
grouped_cv,1,,1028,2.0,2000,moderate,0.10500000000000001,0.12022409201908715,0.03480551160437301,0.12342105263157901,0.15171666727066804,0.06580006963722893,poststratified,poststratified,0.0,0.06221401041251846,True
grouped_cv,1,,1028,2.0,2000,none,0.09800000000000003,0.039957177160053564,0.03699286849186928,0.0955256410256411,0.07498551377391478,0.06580006963722893,poststratified,poststratified,0.0,0.06221401041251846,True
grouped_cv,1,,1028,2.0,2000,strong,0.171,0.22750145578126402,0.09207860972211487,0.18618947368421043,0.24239725597514458,0.06580006963722893,poststratified,poststratified,0.0,0.06221401041251846,False
grouped_cv,0,,1029,0.25,250,moderate,0.313,0.5383319465080183,0.6278436348772934,0.26548333333333346,0.64680527520966,0.6508340043616956,raw_frequencies,raw_frequencies,0.0,0.06023493932516752,False
grouped_cv,0,,1029,0.25,250,none,0.23300000000000004,0.9507056262766577,1.0985505094427461,0.26548333333333346,0.64680527520966,0.6508340043616956,raw_frequencies,raw_frequencies,0.0,0.06023493932516752,False
grouped_cv,0,,1029,0.25,250,strong,0.281,0.16833402674599052,0.644622491751869,0.26548333333333346,0.7544993104830561,0.6508340043616956,rr_debiased,raw_frequencies,0.11266597325400951,0.06023493932516752,False
grouped_cv,0,,1029,0.25,500,moderate,0.2810000000000001,0.43541519316476984,0.5334175315447269,0.26548333333333346,0.576897831052469,0.6508340043616956,raw_frequencies,raw_frequencies,0.0,0.06023493932516752,False
grouped_cv,0,,1029,0.25,500,none,0.201,0.5872204887556525,0.5894045644030692,0.26548333333333346,0.44850190291492936,0.49199978065521,raw_frequencies,raw_frequencies,0.0,0.06023493932516752,False
grouped_cv,0,,1029,0.25,500,strong,0.2250000000000001,0.3749999999999999,0.37499999999999994,0.26548333333333346,0.576897831052469,0.6508340043616956,raw_frequencies,raw_frequencies,0.0,0.06023493932516752,False
grouped_cv,0,,1029,0.25,1000,moderate,0.21900000000000003,0.5448177065340183,0.49200679952868226,0.26548333333333346,0.325326101291424,0.3359187858697893,raw_frequencies,raw_frequencies,0.0,0.06023493932516752,True
grouped_cv,0,,1029,0.25,1000,none,0.2850000000000001,0.5654141530457841,0.5583776133950339,0.26548333333333346,0.325326101291424,0.3359187858697893,raw_frequencies,raw_frequencies,0.0,0.06023493932516752,True
grouped_cv,0,,1029,0.25,1000,strong,0.2750000000000001,0.7822882429416718,0.47326391101047616,0.2537142857142857,0.4186831975459904,0.47724080612831904,raw_frequencies,raw_frequencies,0.0,0.06023493932516752,False
grouped_cv,0,,1029,0.25,2000,moderate,0.30300000000000005,0.4227075965823852,0.6248004710568631,0.26548333333333346,0.3689799684750319,0.39584993777371746,raw_frequencies,raw_frequencies,0.0,0.06023493932516752,False
grouped_cv,0,,1029,0.25,2000,none,0.25000000000000006,0.3508303863295397,0.3476738447630478,0.26548333333333346,0.23869316740946697,0.2296676567138555,raw_frequencies,poststratified,0.09767384476304775,0.06023493932516752,True
grouped_cv,0,,1029,0.25,2000,strong,0.26000000000000006,0.2902060364039058,0.6809006030242181,0.26548333333333346,0.4186831975459904,0.47724080612831904,raw_frequencies,raw_frequencies,0.0,0.06023493932516752,False
grouped_cv,0,,1029,0.5,250,moderate,0.29700000000000004,0.8182739643926586,0.6828227471329522,0.24688235294117652,0.29790531436837747,0.3359612325705669,raw_frequencies,raw_frequencies,0.0,0.06023493932516752,True
grouped_cv,0,,1029,0.5,250,none,0.321,0.4566514792632382,0.5133906612524923,0.24688235294117652,0.29790531436837747,0.3359612325705669,raw_frequencies,raw_frequencies,0.0,0.06023493932516752,True
grouped_cv,0,,1029,0.5,250,strong,0.176,0.6234492592317864,0.37499999999999994,0.24688235294117652,0.45374546622341244,0.5281497488005071,raw_frequencies,raw_frequencies,0.0,0.06023493932516752,False
grouped_cv,0,,1029,0.5,500,moderate,0.23700000000000004,0.15914112421544618,0.15591751361719447,0.23035384615384613,0.29790531436837747,0.2977169004559276,poststratified,raw_frequencies,0.08108248638280557,0.06023493932516752,False
grouped_cv,0,,1029,0.5,500,none,0.2730000000000001,0.18667633137793943,0.18867681200341163,0.23035384615384613,0.29790531436837747,0.2977169004559276,rr_debiased,raw_frequencies,0.08632366862206065,0.06023493932516752,False
grouped_cv,0,,1029,0.5,500,strong,0.13300000000000006,0.3749999999999999,0.375,0.23035384615384613,0.30468934723793,0.2977169004559276,raw_frequencies,raw_frequencies,0.0,0.06023493932516752,False
grouped_cv,0,,1029,0.5,1000,moderate,0.25100000000000006,0.24457677513639836,0.2578981379767166,0.23035384615384613,0.18622896246066353,0.20154465170067754,rr_debiased,rr_debiased,0.0,0.06023493932516752,True
grouped_cv,0,,1029,0.5,1000,none,0.22300000000000003,0.1703900887106669,0.2023697037039988,0.23035384615384613,0.18622896246066353,0.20154465170067754,rr_debiased,rr_debiased,0.0,0.06023493932516752,True
grouped_cv,0,,1029,0.5,1000,strong,0.20700000000000002,0.5303569525577327,0.461031822055611,0.23035384615384613,0.30468934723793,0.20154465170067754,raw_frequencies,poststratified,0.254031822055611,0.06023493932516752,True
grouped_cv,0,,1029,0.5,2000,moderate,0.24200000000000005,0.19958091715551507,0.12675040389560316,0.25171428571428583,0.18622896246066353,0.20154465170067754,poststratified,rr_debiased,0.07283051325991191,0.06023493932516752,True
grouped_cv,0,,1029,0.5,2000,none,0.257,0.09668461541617285,0.09541916888330257,0.23035384615384613,0.18622896246066353,0.20154465170067754,poststratified,rr_debiased,0.001265446532870279,0.06023493932516752,True
grouped_cv,0,,1029,0.5,2000,strong,0.24400000000000005,0.2220788461459566,0.05244376723845806,0.23035384615384613,0.30468934723793,0.20154465170067754,poststratified,poststratified,0.0,0.06023493932516752,True
grouped_cv,0,,1029,1.0,250,moderate,0.19300000000000006,0.026883726900907706,0.16527548584610166,0.19169811320754718,0.1511716796215157,0.25986481189561633,rr_debiased,rr_debiased,0.0,0.06023493932516752,True
grouped_cv,0,,1029,1.0,250,none,0.16900000000000004,0.181888359853139,0.17855849074699895,0.19169811320754718,0.069512236118267,0.25986481189561633,raw_frequencies,rr_debiased,0.012888359853138964,0.06023493932516752,False
grouped_cv,0,,1029,1.0,250,strong,0.24100000000000005,0.24655813654954611,0.3713577716398577,0.2130263157894737,0.2741222417281689,0.25986481189561633,raw_frequencies,raw_frequencies,0.0,0.06023493932516752,True
grouped_cv,0,,1029,1.0,500,moderate,0.08000000000000004,0.330744160671142,0.28447448468216996,0.19169811320754718,0.1511716796215157,0.12321341776653892,raw_frequencies,poststratified,0.20447448468216992,0.06023493932516752,True
grouped_cv,0,,1029,1.0,500,none,0.15300000000000008,0.12688835985313912,0.17600354781723196,0.19169811320754718,0.1511716796215157,0.12321341776653892,rr_debiased,poststratified,0.04911518796409284,0.06023493932516752,True
grouped_cv,0,,1029,1.0,500,strong,0.18900000000000006,0.08180232931306738,0.3508757280892897,0.2130263157894737,0.2741222417281689,0.12321341776653892,rr_debiased,poststratified,0.2690733987762223,0.06023493932516752,False
grouped_cv,0,,1029,1.0,1000,moderate,0.21100000000000002,0.12573721124279486,0.1598816701714832,0.17873417721518994,0.1511716796215157,0.12321341776653892,rr_debiased,poststratified,0.03414445892868834,0.06023493932516752,True
grouped_cv,0,,1029,1.0,1000,none,0.15300000000000008,0.14885580081800293,0.15991759884692094,0.18901538461538467,0.069512236118267,0.12321341776653892,rr_debiased,rr_debiased,0.0,0.06023493932516752,True
grouped_cv,0,,1029,1.0,1000,strong,0.18700000000000006,0.15319651244887475,0.13664954373630675,0.17873417721518994,0.2741222417281689,0.12321341776653892,poststratified,poststratified,0.0,0.06023493932516752,True
grouped_cv,0,,1029,1.0,2000,moderate,0.1770000000000001,0.1214778971997636,0.006829908419071884,0.17873417721518994,0.1511716796215157,0.12321341776653892,poststratified,poststratified,0.0,0.06023493932516752,True
grouped_cv,0,,1029,1.0,2000,none,0.20100000000000007,0.046023840157323276,0.045544384420264844,0.18901538461538467,0.069512236118267,0.12321341776653892,poststratified,rr_debiased,0.0004794557370584318,0.06023493932516752,True
grouped_cv,0,,1029,1.0,2000,strong,0.193,0.22733662570529017,0.09539943985529623,0.17873417721518994,0.23500898200175438,0.12321341776653892,poststratified,poststratified,0.0,0.06023493932516752,True
grouped_cv,0,,1029,2.0,250,moderate,0.16,0.195171291359786,0.16096238031436091,0.12611235955056177,0.1511716796215157,0.13210957943366053,raw_frequencies,raw_frequencies,0.0,0.06023493932516752,True
grouped_cv,0,,1029,2.0,250,none,0.15200000000000005,0.15990202108181012,0.16465455528301878,0.09702040816326533,0.1511716796215157,0.13210957943366053,raw_frequencies,raw_frequencies,0.0,0.06023493932516752,True
grouped_cv,0,,1029,2.0,250,strong,0.24700000000000005,0.4185433364536336,0.08690202704224223,0.19575000000000006,0.2741222417281689,0.13210957943366053,poststratified,poststratified,0.0,0.06023493932516752,False
grouped_cv,0,,1029,2.0,500,moderate,0.12100000000000005,0.05968790688207756,0.026849232671664974,0.12611235955056177,0.1511716796215157,0.06509802763741829,poststratified,poststratified,0.0,0.06023493932516752,False
grouped_cv,0,,1029,2.0,500,none,0.10900000000000004,0.039957177160053564,0.047906712540586205,0.09702040816326533,0.069512236118267,0.06509802763741829,rr_debiased,poststratified,0.00794953538053264,0.06023493932516752,True
grouped_cv,0,,1029,2.0,500,strong,0.228,0.3244919490456978,0.040779373512544764,0.17677358490566036,0.23500898200175438,0.06509802763741829,poststratified,poststratified,0.0,0.06023493932516752,False
grouped_cv,0,,1029,2.0,1000,moderate,0.14200000000000004,0.14814559765581817,0.038046681601750176,0.12611235955056177,0.1511716796215157,0.06509802763741829,poststratified,poststratified,0.0,0.06023493932516752,False
grouped_cv,0,,1029,2.0,1000,none,0.10300000000000004,0.014411014203689204,0.024657331353709372,0.09702040816326533,0.069512236118267,0.06509802763741829,rr_debiased,poststratified,0.010246317150020168,0.06023493932516752,True
grouped_cv,0,,1029,2.0,1000,strong,0.156,0.21574503235527198,0.038943532293335026,0.19575000000000006,0.2741222417281689,0.06509802763741829,poststratified,poststratified,0.0,0.06023493932516752,False
grouped_cv,0,,1029,2.0,2000,moderate,0.14900000000000005,0.15549336229706318,0.032706190454589834,0.12611235955056177,0.1511716796215157,0.06509802763741829,poststratified,poststratified,0.0,0.06023493932516752,False
grouped_cv,0,,1029,2.0,2000,none,0.09600000000000003,0.004687906882077597,0.003270515096911064,0.09702040816326533,0.069512236118267,0.06509802763741829,poststratified,poststratified,0.0,0.06023493932516752,True
grouped_cv,0,,1029,2.0,2000,strong,0.21100000000000005,0.24660564384850098,0.06367137593891098,0.17677358490566036,0.23500898200175438,0.06509802763741829,poststratified,poststratified,0.0,0.06023493932516752,False
leave_one_epsilon_out,0,0.25,1000,0.25,250,moderate,0.24900000000000005,0.49832986627004694,0.6380927152603888,0.20847826086956522,0.3241274230202852,0.3498167652585278,raw_frequencies,raw_frequencies,0.0,0.052403633476866975,False
leave_one_epsilon_out,0,0.25,1000,0.25,250,none,0.2,0.9111118274500958,1.0145821714332772,0.25515625,0.2687476371453217,0.3498167652585278,raw_frequencies,raw_frequencies,0.0,0.052403633476866975,True
leave_one_epsilon_out,0,0.25,1000,0.25,250,strong,0.21700000000000003,0.6653093529596628,1.0129945229835262,0.23331904761904765,0.46085905497323176,0.520072405158256,raw_frequencies,raw_frequencies,0.0,0.052403633476866975,False
leave_one_epsilon_out,0,0.25,1000,0.25,500,moderate,0.24900000000000005,0.45208012629979344,0.4237726882311988,0.23331904761904765,0.344025258498005,0.2840593519129284,raw_frequencies,raw_frequencies,0.0,0.052403633476866975,True
leave_one_epsilon_out,0,0.25,1000,0.25,500,none,0.25300000000000006,0.5358293462105541,0.5285938508328016,0.2328526315789474,0.2687476371453217,0.2840593519129284,raw_frequencies,raw_frequencies,0.0,0.052403633476866975,True
leave_one_epsilon_out,0,0.25,1000,0.25,500,strong,0.26500000000000007,0.26708116641877905,0.3749999999999999,0.23331904761904765,0.344025258498005,0.34718447576262945,raw_frequencies,raw_frequencies,0.0,0.052403633476866975,False
leave_one_epsilon_out,0,0.25,1000,0.25,1000,moderate,0.23500000000000004,0.3635379829119252,0.22263129349615707,0.23331904761904765,0.2108581181668117,0.2894213255063377,poststratified,rr_debiased,0.14090668941576812,0.052403633476866975,True
leave_one_epsilon_out,0,0.25,1000,0.25,1000,none,0.25100000000000006,0.5908293462105542,0.5858740177377654,0.2328526315789474,0.15741167615954943,0.18475296788865145,raw_frequencies,rr_debiased,0.3398293462105541,0.052403633476866975,True
leave_one_epsilon_out,0,0.25,1000,0.25,1000,strong,0.25500000000000006,0.47520499628492013,0.277034057250883,0.23331904761904765,0.344025258498005,0.2894213255063377,raw_frequencies,raw_frequencies,0.0,0.052403633476866975,False
leave_one_epsilon_out,0,0.25,1000,0.25,2000,moderate,0.25300000000000006,0.2786436014113425,0.1427057457593847,0.23331904761904765,0.2108581181668117,0.14717581321931875,poststratified,poststratified,0.0,0.052403633476866975,False
leave_one_epsilon_out,0,0.25,1000,0.25,2000,none,0.2760000000000001,0.3082284082465725,0.31050571357551177,0.2328526315789474,0.15741167615954943,0.14717581321931875,raw_frequencies,poststratified,0.03450571357551169,0.052403633476866975,True
leave_one_epsilon_out,0,0.25,1000,0.25,2000,strong,0.28600000000000003,0.2735411032688827,0.2687914529005488,0.23331904761904765,0.24314589985265872,0.19947404743048866,poststratified,poststratified,0.0,0.052403633476866975,True
leave_one_epsilon_out,1,0.5,1000,0.5,250,moderate,0.20100000000000007,0.21828639045000953,0.375,0.2648031496062993,0.6203302237235552,0.6934628603651423,raw_frequencies,raw_frequencies,0.0,0.0533172463118067,False
leave_one_epsilon_out,1,0.5,1000,0.5,250,none,0.26500000000000007,0.14333609467941105,0.19695710487683182,0.2724461538461539,0.6203302237235552,0.47566860285329626,rr_debiased,raw_frequencies,0.12166390532058902,0.0533172463118067,False
leave_one_epsilon_out,1,0.5,1000,0.5,250,strong,0.264,0.7665852069573694,0.6892973083804663,0.2648031496062993,0.6203302237235552,0.8379281914021801,raw_frequencies,raw_frequencies,0.0,0.0533172463118067,False
leave_one_epsilon_out,1,0.5,1000,0.5,500,moderate,0.2690000000000001,0.25582573963161903,0.038907538160123156,0.2648031496062993,0.48988760083764193,0.626995486577237,poststratified,raw_frequencies,0.23009246183987692,0.0533172463118067,False
leave_one_epsilon_out,1,0.5,1000,0.5,500,none,0.24500000000000005,0.12083816568896943,0.13317256052783705,0.2648031496062993,0.48988760083764193,0.47566860285329626,rr_debiased,raw_frequencies,0.12416183431103062,0.0533172463118067,False
leave_one_epsilon_out,1,0.5,1000,0.5,500,strong,0.20500000000000002,0.4066183431103038,0.06942932940037089,0.2648031496062993,0.48988760083764193,0.6934628603651423,poststratified,raw_frequencies,0.13557067059962913,0.0533172463118067,False
leave_one_epsilon_out,1,0.5,1000,0.5,1000,moderate,0.20500000000000007,0.19578846145956785,0.23949267811882152,0.2724461538461539,0.36812981362702724,0.3625652465304861,rr_debiased,raw_frequencies,0.009211538540432218,0.0533172463118067,False
leave_one_epsilon_out,1,0.5,1000,0.5,1000,none,0.25500000000000006,0.1883319526602942,0.17410611008952395,0.2648031496062993,0.36812981362702724,0.3625652465304861,poststratified,raw_frequencies,0.08089388991047611,0.0533172463118067,False
leave_one_epsilon_out,1,0.5,1000,0.5,1000,strong,0.29100000000000004,0.2879170118349264,0.15279100704618379,0.2946190476190476,0.43222944543303077,0.37772884976643945,poststratified,raw_frequencies,0.13820899295381625,0.0533172463118067,False
leave_one_epsilon_out,1,0.5,1000,0.5,2000,moderate,0.265,0.14168047339705603,0.1711076663377371,0.2648031496062993,0.2563347289067596,0.23676882275191513,rr_debiased,poststratified,0.02942719294068108,0.0533172463118067,True
leave_one_epsilon_out,1,0.5,1000,0.5,2000,none,0.24400000000000005,0.15582988165073583,0.16516067560031192,0.2648031496062993,0.2563347289067596,0.23676882275191513,rr_debiased,poststratified,0.009330793949576088,0.0533172463118067,True
leave_one_epsilon_out,1,0.5,1000,0.5,2000,strong,0.25100000000000006,0.31769504435533347,0.12414314332940907,0.2648031496062993,0.43222944543303077,0.4659427023757644,poststratified,raw_frequencies,0.126856856670591,0.0533172463118067,False
leave_one_epsilon_out,2,1.0,1000,1.0,250,moderate,0.16799999999999998,0.2917255646774581,0.22723814567292633,0.20847826086956525,0.32430870810624346,0.315457035762629,raw_frequencies,raw_frequencies,0.0,0.06403578290935355,False
leave_one_epsilon_out,2,1.0,1000,1.0,250,none,0.12100000000000005,0.17697207391709507,0.1817249961524332,0.2551562499999999,0.32430870810624346,0.315457035762629,raw_frequencies,raw_frequencies,0.0,0.06403578290935355,True
leave_one_epsilon_out,2,1.0,1000,1.0,250,strong,0.22500000000000003,0.1806558136549546,0.43818043844863286,0.23331904761904745,0.46849503454977365,0.4398924958733276,rr_debiased,raw_frequencies,0.044344186345045444,0.06403578290935355,False
leave_one_epsilon_out,2,1.0,1000,1.0,500,moderate,0.1770000000000001,0.12696975744097955,0.05550051247645829,0.23331904761904745,0.21714440740316213,0.315457035762629,poststratified,rr_debiased,0.07146924496452126,0.06403578290935355,True
leave_one_epsilon_out,2,1.0,1000,1.0,500,none,0.21700000000000003,0.14770465220765874,0.15679139320214874,0.2328526315789474,0.21714440740316213,0.315457035762629,rr_debiased,rr_debiased,0.0,0.06403578290935355,True
leave_one_epsilon_out,2,1.0,1000,1.0,500,strong,0.201,0.07073721124279483,0.3921726540966007,0.23331904761904745,0.3272652644670899,0.4398924958733276,rr_debiased,raw_frequencies,0.13026278875720518,0.06403578290935355,False
leave_one_epsilon_out,2,1.0,1000,1.0,1000,moderate,0.21100000000000002,0.23557441606711416,0.2094262536152524,0.23331904761904745,0.21714440740316213,0.16525538763569586,poststratified,poststratified,0.0,0.06403578290935355,True
leave_one_epsilon_out,2,1.0,1000,1.0,1000,none,0.13600000000000007,0.21483952130043488,0.2279324313728513,0.2328526315789474,0.21714440740316213,0.16525538763569586,raw_frequencies,poststratified,0.09193243137285123,0.06403578290935355,True
leave_one_epsilon_out,2,1.0,1000,1.0,1000,strong,0.20000000000000007,0.24655813654954614,0.0962469463849478,0.23331904761904745,0.3272652644670899,0.2468786939839766,poststratified,raw_frequencies,0.10375305361505227,0.06403578290935355,True
leave_one_epsilon_out,2,1.0,1000,1.0,2000,moderate,0.1800000000000001,0.0830348755112518,0.035113063060225574,0.23331904761904745,0.21714440740316213,0.16525538763569586,poststratified,poststratified,0.0,0.06403578290935355,True
leave_one_epsilon_out,2,1.0,1000,1.0,2000,none,0.1840000000000001,0.06381336466699591,0.06646731573929143,0.2328526315789474,0.21714440740316213,0.16525538763569586,rr_debiased,poststratified,0.0026539510722955184,0.06403578290935355,True
leave_one_epsilon_out,2,1.0,1000,1.0,2000,strong,0.16900000000000004,0.19836394057678686,0.04403699571598935,0.23331904761904745,0.3272652644670899,0.2468786939839766,poststratified,raw_frequencies,0.12496300428401069,0.06403578290935355,True
leave_one_epsilon_out,3,2.0,1000,2.0,250,moderate,0.11300000000000004,0.07144433030806963,0.16246885734225,0.18550666666666674,0.31690358059204016,0.17635526461516213,rr_debiased,poststratified,0.09102452703418037,0.0867137106996288,True
leave_one_epsilon_out,3,2.0,1000,2.0,250,none,0.192,0.2007649879939813,0.19108629715476688,0.20158620689655177,0.2285001265358877,0.17635526461516213,poststratified,poststratified,0.0,0.0867137106996288,True
leave_one_epsilon_out,3,2.0,1000,2.0,250,strong,0.12800000000000006,0.20692771478577804,0.15219803091458148,0.20242307692307696,0.31690358059204016,0.2990652079890661,raw_frequencies,raw_frequencies,0.0,0.0867137106996288,False
leave_one_epsilon_out,3,2.0,1000,2.0,500,moderate,0.12400000000000003,0.10111990395185025,0.054362278199029834,0.18550666666666674,0.1154332760156177,0.17635526461516213,poststratified,rr_debiased,0.046757625752820414,0.0867137106996288,True
leave_one_epsilon_out,3,2.0,1000,2.0,500,none,0.10500000000000004,0.04793148345608564,0.03645206408095228,0.20158620689655177,0.1154332760156177,0.17635526461516213,poststratified,rr_debiased,0.01147941937513336,0.0867137106996288,True
leave_one_epsilon_out,3,2.0,1000,2.0,500,strong,0.18000000000000002,0.2715880436287339,0.07459234231580203,0.18550666666666674,0.24984892029531733,0.2990652079890661,poststratified,raw_frequencies,0.10540765768419799,0.0867137106996288,True
leave_one_epsilon_out,3,2.0,1000,2.0,1000,moderate,0.11800000000000005,0.0920180713035556,0.041273974673975505,0.18273076923076925,0.1154332760156177,0.0896747644210735,poststratified,poststratified,0.0,0.0867137106996288,True
leave_one_epsilon_out,3,2.0,1000,2.0,1000,none,0.07500000000000004,0.030581363395898398,0.027464620486416874,0.1811153846153847,0.1154332760156177,0.0896747644210735,poststratified,poststratified,0.0,0.0867137106996288,True
leave_one_epsilon_out,3,2.0,1000,2.0,1000,strong,0.214,0.3097964197632078,0.1385211929734657,0.18273076923076925,0.24984892029531733,0.14653975563591798,poststratified,poststratified,0.0,0.0867137106996288,True
leave_one_epsilon_out,3,2.0,1000,2.0,2000,moderate,0.15200000000000005,0.16137157401005914,0.03864387844137673,0.19172222222222224,0.1154332760156177,0.0896747644210735,poststratified,poststratified,0.0,0.0867137106996288,True
leave_one_epsilon_out,3,2.0,1000,2.0,2000,none,0.09300000000000005,0.021764045826404427,0.02541461080961277,0.19172222222222224,0.1154332760156177,0.0896747644210735,rr_debiased,poststratified,0.003650564983208343,0.0867137106996288,True
leave_one_epsilon_out,3,2.0,1000,2.0,2000,strong,0.196,0.20664319970697723,0.0955032457866144,0.18273076923076925,0.24984892029531733,0.14653975563591798,poststratified,poststratified,0.0,0.0867137106996288,True
leave_one_epsilon_out,0,0.25,1001,0.25,250,moderate,0.24900000000000005,0.7758283060915684,0.5788237718782934,0.23331904761904765,0.3241274230202852,0.3498167652585278,raw_frequencies,raw_frequencies,0.0,0.052403633476866975,False
leave_one_epsilon_out,0,0.25,1001,0.25,250,none,0.26500000000000007,0.8037424229920753,0.8795570670672107,0.23331904761904765,0.3241274230202852,0.3498167652585278,raw_frequencies,raw_frequencies,0.0,0.052403633476866975,False
leave_one_epsilon_out,0,0.25,1001,0.25,250,strong,0.28,0.8470971177812716,0.84,0.23331904761904765,0.46085905497323176,0.520072405158256,raw_frequencies,raw_frequencies,0.0,0.052403633476866975,False
leave_one_epsilon_out,0,0.25,1001,0.25,500,moderate,0.2770000000000001,0.472914673105277,0.68934652052118,0.23331904761904765,0.3241274230202852,0.2840593519129284,raw_frequencies,raw_frequencies,0.0,0.052403633476866975,True
leave_one_epsilon_out,0,0.25,1001,0.25,500,none,0.24900000000000005,0.20166389301603765,0.30120287662655526,0.25515625,0.3241274230202852,0.2840593519129284,rr_debiased,raw_frequencies,0.0473361069839624,0.052403633476866975,True
leave_one_epsilon_out,0,0.25,1001,0.25,500,strong,0.21700000000000003,0.4126546764798312,0.9195303923877269,0.23331904761904765,0.344025258498005,0.34718447576262945,raw_frequencies,raw_frequencies,0.0,0.052403633476866975,False
leave_one_epsilon_out,0,0.25,1001,0.25,1000,moderate,0.275,0.12604162332837548,0.37034791477978624,0.23331904761904765,0.2108581181668117,0.2894213255063377,rr_debiased,rr_debiased,0.0,0.052403633476866975,True
leave_one_epsilon_out,0,0.25,1001,0.25,1000,none,0.277,0.12208428677573702,0.09843313882430049,0.2328526315789474,0.15741167615954943,0.18475296788865145,poststratified,rr_debiased,0.023651147951436524,0.052403633476866975,True
leave_one_epsilon_out,0,0.25,1001,0.25,1000,strong,0.25300000000000006,0.19770655646339863,0.4360446655435458,0.23331904761904765,0.344025258498005,0.2894213255063377,rr_debiased,raw_frequencies,0.05529344353660143,0.052403633476866975,False
leave_one_epsilon_out,0,0.25,1001,0.25,2000,moderate,0.26400000000000007,0.209268991455962,0.04365259879400596,0.20847826086956522,0.2108581181668117,0.14717581321931875,poststratified,poststratified,0.0,0.052403633476866975,False
leave_one_epsilon_out,0,0.25,1001,0.25,2000,none,0.25300000000000006,0.15541415304578415,0.13830304494375018,0.2328526315789474,0.15741167615954943,0.14717581321931875,poststratified,poststratified,0.0,0.052403633476866975,True
leave_one_epsilon_out,0,0.25,1001,0.25,2000,strong,0.26,0.07447710809784058,0.21817950273117387,0.23331904761904765,0.24314589985265872,0.19947404743048866,rr_debiased,poststratified,0.14370239463333329,0.052403633476866975,True
leave_one_epsilon_out,1,0.5,1001,0.5,250,moderate,0.1690000000000001,0.39291342502443927,0.3749999999999999,0.2648031496062993,0.6203302237235552,0.626995486577237,raw_frequencies,raw_frequencies,0.0,0.0533172463118067,False
leave_one_epsilon_out,1,0.5,1001,0.5,250,none,0.2810000000000001,0.2333278106411774,0.16614020432255627,0.2648031496062993,0.6203302237235552,0.626995486577237,poststratified,raw_frequencies,0.11485979567744381,0.0533172463118067,False
leave_one_epsilon_out,1,0.5,1001,0.5,250,strong,0.1610000000000001,0.37499999999999983,0.45586085601708437,0.2648031496062993,0.6203302237235552,0.6934628603651423,raw_frequencies,raw_frequencies,0.0,0.0533172463118067,False
leave_one_epsilon_out,1,0.5,1001,0.5,500,moderate,0.13300000000000006,0.37499999999999994,0.3749999999999999,0.2648031496062993,0.48988760083764193,0.626995486577237,raw_frequencies,raw_frequencies,0.0,0.0533172463118067,False
leave_one_epsilon_out,1,0.5,1001,0.5,500,none,0.2930000000000001,0.5258008875169182,0.5039869546768125,0.2724461538461539,0.48988760083764193,0.47566860285329626,raw_frequencies,raw_frequencies,0.0,0.0533172463118067,False
leave_one_epsilon_out,1,0.5,1001,0.5,500,strong,0.24500000000000005,0.4583071005455934,0.14212196505054225,0.2648031496062993,0.48988760083764193,0.8379281914021801,poststratified,raw_frequencies,0.1028780349494578,0.0533172463118067,False
leave_one_epsilon_out,1,0.5,1001,0.5,1000,moderate,0.21100000000000008,0.16204156797390543,0.16284123558255345,0.2724461538461539,0.36812981362702724,0.3625652465304861,rr_debiased,raw_frequencies,0.04895843202609465,0.0533172463118067,False
leave_one_epsilon_out,1,0.5,1001,0.5,1000,none,0.2330000000000001,0.08039837274890074,0.0827614128787253,0.2648031496062993,0.36812981362702724,0.3625652465304861,rr_debiased,raw_frequencies,0.15260162725109935,0.0533172463118067,False
leave_one_epsilon_out,1,0.5,1001,0.5,1000,strong,0.20500000000000002,0.4853610945768494,0.37499999999999994,0.2648031496062993,0.43222944543303077,0.4659427023757644,raw_frequencies,raw_frequencies,0.0,0.0533172463118067,False
leave_one_epsilon_out,1,0.5,1001,0.5,2000,moderate,0.29300000000000004,0.2991659763301473,0.2796355839687881,0.2648031496062993,0.3744065393364515,0.4659427023757644,poststratified,raw_frequencies,0.013364416031211912,0.0533172463118067,False
leave_one_epsilon_out,1,0.5,1001,0.5,2000,none,0.198,0.2391286981580958,0.2460883887184183,0.2648031496062993,0.2563347289067596,0.23676882275191513,raw_frequencies,poststratified,0.04808838871841828,0.0533172463118067,True
leave_one_epsilon_out,1,0.5,1001,0.5,2000,strong,0.23100000000000004,0.20976146444393978,0.13816342213894117,0.2648031496062993,0.43222944543303077,0.4659427023757644,poststratified,raw_frequencies,0.09283657786105887,0.0533172463118067,False
leave_one_epsilon_out,2,1.0,1001,1.0,250,moderate,0.15900000000000003,0.5414332778641787,0.5323728170705424,0.2551562499999999,0.32430870810624346,0.315457035762629,raw_frequencies,raw_frequencies,0.0,0.06403578290935355,True
leave_one_epsilon_out,2,1.0,1001,1.0,250,none,0.19300000000000006,0.09278604979549934,0.11888308267174863,0.2551562499999999,0.32430870810624346,0.315457035762629,rr_debiased,raw_frequencies,0.10021395020450072,0.06403578290935355,True
leave_one_epsilon_out,2,1.0,1001,1.0,250,strong,0.21700000000000003,0.1586883726900907,0.11597550964097719,0.23331904761904745,0.46849503454977365,0.4398924958733276,poststratified,raw_frequencies,0.10102449035902283,0.06403578290935355,False
leave_one_epsilon_out,2,1.0,1001,1.0,500,moderate,0.189,0.13672093172522687,0.012441125447038626,0.23331904761904745,0.21714440740316213,0.315457035762629,poststratified,rr_debiased,0.12427980627818824,0.06403578290935355,True
leave_one_epsilon_out,2,1.0,1001,1.0,500,none,0.22500000000000003,0.2026232546198184,0.1967745852226592,0.2328526315789474,0.21714440740316213,0.315457035762629,poststratified,rr_debiased,0.005848669397159195,0.06403578290935355,True
leave_one_epsilon_out,2,1.0,1001,1.0,500,strong,0.13700000000000007,0.20385580081800297,0.3190139531494713,0.23331904761904745,0.3272652644670899,0.4398924958733276,raw_frequencies,raw_frequencies,0.0,0.06403578290935355,False
leave_one_epsilon_out,2,1.0,1001,1.0,1000,moderate,0.13100000000000006,0.1495127727110153,0.1712185250098407,0.23331904761904745,0.21714440740316213,0.2468786939839766,raw_frequencies,rr_debiased,0.01851277271101523,0.06403578290935355,True
leave_one_epsilon_out,2,1.0,1001,1.0,1000,none,0.1870000000000001,0.09827791003671543,0.09568912830949752,0.2328526315789474,0.21714440740316213,0.16525538763569586,poststratified,poststratified,0.0,0.06403578290935355,True
leave_one_epsilon_out,2,1.0,1001,1.0,1000,strong,0.20100000000000007,0.10926163051914725,0.2230284597613205,0.23331904761904745,0.3272652644670899,0.2468786939839766,rr_debiased,raw_frequencies,0.09173836948085282,0.06403578290935355,True
leave_one_epsilon_out,2,1.0,1001,1.0,2000,moderate,0.18800000000000006,0.057088958227595576,0.04471353897760266,0.23331904761904745,0.21714440740316213,0.16525538763569586,poststratified,poststratified,0.0,0.06403578290935355,True
leave_one_epsilon_out,2,1.0,1001,1.0,2000,none,0.1800000000000001,0.04176452611429163,0.04651974208238696,0.2328526315789474,0.21714440740316213,0.16525538763569586,rr_debiased,poststratified,0.004755215968095333,0.06403578290935355,True
leave_one_epsilon_out,2,1.0,1001,1.0,2000,strong,0.17800000000000005,0.15992091888827512,0.12043277868956032,0.23331904761904745,0.3272652644670899,0.2468786939839766,poststratified,raw_frequencies,0.05756722131043973,0.06403578290935355,True
leave_one_epsilon_out,3,2.0,1001,2.0,250,moderate,0.20800000000000002,0.22427783484596528,0.08407868714627978,0.18550666666666674,0.31690358059204016,0.17635526461516213,poststratified,poststratified,0.0,0.0867137106996288,True
leave_one_epsilon_out,3,2.0,1001,2.0,250,none,0.10499999999999998,0.22246625534172987,0.20484194202386247,0.18550666666666674,0.2285001265358877,0.17635526461516213,raw_frequencies,poststratified,0.09984194202386248,0.0867137106996288,True
leave_one_epsilon_out,3,2.0,1001,2.0,250,strong,0.224,0.3362483724716898,0.14211069182980168,0.18550666666666674,0.31690358059204016,0.2990652079890661,poststratified,raw_frequencies,0.08188930817019832,0.0867137106996288,False
leave_one_epsilon_out,3,2.0,1001,2.0,500,moderate,0.11200000000000002,0.14814559765581817,0.06731303913978004,0.20158620689655177,0.1154332760156177,0.17635526461516213,poststratified,rr_debiased,0.08083255851603813,0.0867137106996288,True
leave_one_epsilon_out,3,2.0,1001,2.0,500,none,0.15300000000000008,0.1302264474380295,0.11336830869124723,0.18550666666666674,0.1154332760156177,0.17635526461516213,poststratified,rr_debiased,0.01685813874678227,0.0867137106996288,True
leave_one_epsilon_out,3,2.0,1001,2.0,500,strong,0.228,0.3009791021937138,0.20963648035278826,0.20242307692307696,0.24984892029531733,0.2990652079890661,poststratified,raw_frequencies,0.01836351964721175,0.0867137106996288,True
leave_one_epsilon_out,3,2.0,1001,2.0,1000,moderate,0.11400000000000005,0.20692771478577807,0.11635175361230848,0.17209090909090916,0.1154332760156177,0.0896747644210735,raw_frequencies,poststratified,0.002351753612308438,0.0867137106996288,True
leave_one_epsilon_out,3,2.0,1001,2.0,1000,none,0.09700000000000009,0.07522644743802939,0.07001570196781134,0.19172222222222224,0.1154332760156177,0.0896747644210735,poststratified,poststratified,0.0,0.0867137106996288,True
leave_one_epsilon_out,3,2.0,1001,2.0,1000,strong,0.18400000000000002,0.27746625534173,0.05531173098988157,0.18273076923076925,0.24984892029531733,0.14653975563591798,poststratified,poststratified,0.0,0.0867137106996288,True
leave_one_epsilon_out,3,2.0,1001,2.0,2000,moderate,0.13600000000000007,0.11847002401203757,0.03458662365891205,0.18273076923076925,0.1154332760156177,0.0896747644210735,poststratified,poststratified,0.0,0.0867137106996288,True
leave_one_epsilon_out,3,2.0,1001,2.0,2000,none,0.07900000000000004,0.03583303345410724,0.038646656903171595,0.19172222222222224,0.1154332760156177,0.0896747644210735,rr_debiased,poststratified,0.0028136234490643564,0.0867137106996288,True
leave_one_epsilon_out,3,2.0,1001,2.0,2000,strong,0.14900000000000005,0.20839726771402708,0.08837047527816244,0.18273076923076925,0.24984892029531733,0.0896747644210735,poststratified,poststratified,0.0,0.0867137106996288,False
leave_one_epsilon_out,0,0.25,1002,0.25,250,moderate,0.2970000000000001,0.7850000000000001,0.7849999999999999,0.20847826086956522,0.3241274230202852,0.3498167652585278,raw_frequencies,raw_frequencies,0.0,0.052403633476866975,False
leave_one_epsilon_out,0,0.25,1002,0.25,250,none,0.2890000000000001,0.6116638930160377,0.6135213279743165,0.25515625,0.2687476371453217,0.3498167652585278,raw_frequencies,raw_frequencies,0.0,0.052403633476866975,True
leave_one_epsilon_out,0,0.25,1002,0.25,250,strong,0.21700000000000003,0.9729640294394946,0.6999047195321001,0.23331904761904765,0.46085905497323176,0.520072405158256,raw_frequencies,raw_frequencies,0.0,0.052403633476866975,False
leave_one_epsilon_out,0,0.25,1002,0.25,500,moderate,0.21700000000000003,1.015073142186133,0.848095528740485,0.20847826086956522,0.3241274230202852,0.2840593519129284,raw_frequencies,raw_frequencies,0.0,0.052403633476866975,False
leave_one_epsilon_out,0,0.25,1002,0.25,500,none,0.21700000000000008,0.37499999999999994,0.375,0.2328526315789474,0.2687476371453217,0.2840593519129284,raw_frequencies,raw_frequencies,0.0,0.052403633476866975,True
leave_one_epsilon_out,0,0.25,1002,0.25,500,strong,0.325,0.677081166418779,0.4411989186215508,0.23331904761904765,0.344025258498005,0.34718447576262945,raw_frequencies,raw_frequencies,0.0,0.052403633476866975,False
leave_one_epsilon_out,0,0.25,1002,0.25,1000,moderate,0.2810000000000001,0.4585400631498968,0.1779837820616491,0.23331904761904765,0.2108581181668117,0.18475296788865145,poststratified,poststratified,0.0,0.052403633476866975,True
leave_one_epsilon_out,0,0.25,1002,0.25,1000,none,0.24300000000000005,0.613954216195681,0.5887730062132258,0.2328526315789474,0.15741167615954943,0.18475296788865145,raw_frequencies,rr_debiased,0.370954216195681,0.052403633476866975,True
leave_one_epsilon_out,0,0.25,1002,0.25,1000,strong,0.315,0.5972892830606574,0.883744003708612,0.23331904761904765,0.344025258498005,0.2894213255063377,raw_frequencies,raw_frequencies,0.0,0.052403633476866975,False
leave_one_epsilon_out,0,0.25,1002,0.25,2000,moderate,0.26800000000000007,0.3082284082465726,0.13966277565446378,0.20847826086956522,0.2108581181668117,0.14717581321931875,poststratified,poststratified,0.0,0.052403633476866975,False
leave_one_epsilon_out,0,0.25,1002,0.25,2000,none,0.281,0.18385379829119253,0.17656743056980706,0.2328526315789474,0.15741167615954943,0.14717581321931875,poststratified,poststratified,0.0,0.052403633476866975,True
leave_one_epsilon_out,0,0.25,1002,0.25,2000,strong,0.26100000000000007,0.24395629643365227,0.5158897897231274,0.23331904761904765,0.24314589985265872,0.19947404743048866,rr_debiased,poststratified,0.27193349328947514,0.052403633476866975,True
leave_one_epsilon_out,1,0.5,1002,0.5,250,moderate,0.24100000000000005,0.22332366862206063,0.4698359969380952,0.2648031496062993,0.6203302237235552,0.6934628603651423,rr_debiased,raw_frequencies,0.01767633137793942,0.0533172463118067,False
leave_one_epsilon_out,1,0.5,1002,0.5,250,none,0.193,0.4866059170529534,0.46766362709568104,0.2648031496062993,0.6203302237235552,0.626995486577237,raw_frequencies,raw_frequencies,0.0,0.0533172463118067,False
leave_one_epsilon_out,1,0.5,1002,0.5,250,strong,0.18500000000000005,0.49661005907206984,0.13909735748169252,0.2648031496062993,0.6203302237235552,0.6934628603651423,poststratified,raw_frequencies,0.04590264251830753,0.0533172463118067,False
leave_one_epsilon_out,1,0.5,1002,0.5,500,moderate,0.20500000000000002,0.339124556138979,0.2899075064882465,0.2724461538461539,0.48988760083764193,0.6934628603651423,raw_frequencies,raw_frequencies,0.0,0.0533172463118067,False
leave_one_epsilon_out,1,0.5,1002,0.5,500,none,0.21700000000000003,0.35161834311030377,0.33975053864618665,0.2648031496062993,0.48988760083764193,0.47566860285329626,raw_frequencies,raw_frequencies,0.0,0.0533172463118067,False
leave_one_epsilon_out,1,0.5,1002,0.5,500,strong,0.25700000000000006,0.30082159761250227,0.3242864501009838,0.2946190476190476,0.7422391027984748,0.8379281914021801,raw_frequencies,raw_frequencies,0.0,0.0533172463118067,False
leave_one_epsilon_out,1,0.5,1002,0.5,1000,moderate,0.29900000000000004,0.33291286981580964,0.3302403955479469,0.2724461538461539,0.3744065393364515,0.4659427023757644,raw_frequencies,raw_frequencies,0.0,0.0533172463118067,False
leave_one_epsilon_out,1,0.5,1002,0.5,1000,none,0.2310000000000001,0.049551923021697336,0.05105433010785629,0.2724461538461539,0.36812981362702724,0.3625652465304861,rr_debiased,raw_frequencies,0.18144807697830276,0.0533172463118067,False
leave_one_epsilon_out,1,0.5,1002,0.5,1000,strong,0.22500000000000003,0.3503735206341998,0.37499999999999994,0.2648031496062993,0.43222944543303077,0.4659427023757644,raw_frequencies,raw_frequencies,0.0,0.0533172463118067,False
leave_one_epsilon_out,1,0.5,1002,0.5,2000,moderate,0.2350000000000001,0.0691494082536799,0.03541725488334499,0.2648031496062993,0.2563347289067596,0.23676882275191513,poststratified,poststratified,0.0,0.0533172463118067,True
leave_one_epsilon_out,1,0.5,1002,0.5,2000,none,0.22900000000000004,0.12539423072978376,0.12075588203692553,0.2648031496062993,0.2563347289067596,0.23676882275191513,poststratified,poststratified,0.0,0.0533172463118067,True
leave_one_epsilon_out,1,0.5,1002,0.5,2000,strong,0.2310000000000001,0.06352492600606954,0.2585593498019799,0.24875000000000008,0.43222944543303077,0.37772884976643945,rr_debiased,raw_frequencies,0.16747507399393055,0.0533172463118067,False
leave_one_epsilon_out,2,1.0,1002,1.0,250,moderate,0.19300000000000006,0.32336278233872917,0.31886626163478077,0.2551562499999999,0.32430870810624346,0.315457035762629,raw_frequencies,raw_frequencies,0.0,0.06403578290935355,True
leave_one_epsilon_out,2,1.0,1002,1.0,250,none,0.14500000000000007,0.2367255646774581,0.19684442064103652,0.23331904761904745,0.32430870810624346,0.315457035762629,raw_frequencies,raw_frequencies,0.0,0.06403578290935355,False
leave_one_epsilon_out,2,1.0,1002,1.0,250,strong,0.16900000000000004,0.181888359853139,0.2485367367029211,0.23331904761904745,0.46849503454977365,0.4398924958733276,raw_frequencies,raw_frequencies,0.0,0.06403578290935355,False
leave_one_epsilon_out,2,1.0,1002,1.0,500,moderate,0.18,0.31369300564232194,0.20212704752049365,0.23331904761904745,0.21714440740316213,0.315457035762629,raw_frequencies,rr_debiased,0.13369300564232195,0.06403578290935355,True
leave_one_epsilon_out,2,1.0,1002,1.0,500,none,0.17700000000000005,0.12688835985313893,0.13738375271591144,0.2328526315789474,0.21714440740316213,0.315457035762629,rr_debiased,rr_debiased,0.0,0.06403578290935355,True
leave_one_epsilon_out,2,1.0,1002,1.0,500,strong,0.1650000000000001,0.14893719840584338,0.06414277798770474,0.23331904761904745,0.21714440740316213,0.4398924958733276,poststratified,rr_debiased,0.08479442041813864,0.06403578290935355,True
leave_one_epsilon_out,2,1.0,1002,1.0,1000,moderate,0.16500000000000004,0.176396499611923,0.11451404246411803,0.23331904761904745,0.21714440740316213,0.16525538763569586,poststratified,poststratified,0.0,0.06403578290935355,True
leave_one_epsilon_out,2,1.0,1002,1.0,1000,none,0.189,0.08721279196644277,0.06980684874242368,0.2551562499999999,0.21714440740316213,0.16525538763569586,poststratified,poststratified,0.0,0.06403578290935355,True
leave_one_epsilon_out,2,1.0,1002,1.0,1000,strong,0.14600000000000002,0.3356604466071861,0.17082873616194533,0.23331904761904745,0.3272652644670899,0.2468786939839766,raw_frequencies,raw_frequencies,0.0,0.06403578290935355,True
leave_one_epsilon_out,2,1.0,1002,1.0,2000,moderate,0.1800000000000001,0.07479708514942787,0.04981378265659481,0.23331904761904745,0.21714440740316213,0.16525538763569586,poststratified,poststratified,0.0,0.06403578290935355,True
leave_one_epsilon_out,2,1.0,1002,1.0,2000,none,0.18900000000000006,0.013154076297867828,0.017281496343060032,0.2328526315789474,0.21714440740316213,0.16525538763569586,rr_debiased,poststratified,0.004127420045192204,0.06403578290935355,True
leave_one_epsilon_out,2,1.0,1002,1.0,2000,strong,0.196,0.15594244256948273,0.09789107035017516,0.23331904761904745,0.3272652644670899,0.2468786939839766,poststratified,raw_frequencies,0.09810892964982484,0.06403578290935355,True
leave_one_epsilon_out,3,2.0,1002,2.0,250,moderate,0.15999999999999998,0.15373929429001323,0.1155797468828946,0.18550666666666674,0.2285001265358877,0.17635526461516213,poststratified,poststratified,0.0,0.0867137106996288,True
leave_one_epsilon_out,3,2.0,1002,2.0,250,none,0.12099999999999994,0.12225214114199726,0.13653721515086759,0.20158620689655177,0.2285001265358877,0.17635526461516213,raw_frequencies,poststratified,0.015537215150867645,0.0867137106996288,True
leave_one_epsilon_out,3,2.0,1002,2.0,250,strong,0.21600000000000003,0.23603425827195723,0.39805016752214145,0.20242307692307696,0.31690358059204016,0.2990652079890661,raw_frequencies,raw_frequencies,0.0,0.0867137106996288,False
leave_one_epsilon_out,3,2.0,1002,2.0,500,moderate,0.15599999999999997,0.14786108257701736,0.03481872188992338,0.18550666666666674,0.1154332760156177,0.17635526461516213,poststratified,rr_debiased,0.11304236068709397,0.0867137106996288,True
leave_one_epsilon_out,3,2.0,1002,2.0,500,none,0.08400000000000005,0.08348526881286228,0.0816974183330299,0.20158620689655177,0.1154332760156177,0.17635526461516213,poststratified,rr_debiased,0.0017878504798323758,0.0867137106996288,True
leave_one_epsilon_out,3,2.0,1002,2.0,500,strong,0.164,0.206927714785778,0.04452677761988505,0.18550666666666674,0.24984892029531733,0.17635526461516213,poststratified,poststratified,0.0,0.0867137106996288,True
leave_one_epsilon_out,3,2.0,1002,2.0,1000,moderate,0.12400000000000003,0.1040590098083482,0.05150370660464512,0.19172222222222224,0.1154332760156177,0.0896747644210735,poststratified,poststratified,0.0,0.0867137106996288,True
leave_one_epsilon_out,3,2.0,1002,2.0,1000,none,0.05900000000000008,0.08138917422982611,0.07592969374280256,0.19172222222222224,0.1154332760156177,0.0896747644210735,raw_frequencies,poststratified,0.016929693742802482,0.0867137106996288,True
leave_one_epsilon_out,3,2.0,1002,2.0,1000,strong,0.22400000000000003,0.24779068169794924,0.06628766647215897,0.18273076923076925,0.24984892029531733,0.14653975563591798,poststratified,poststratified,0.0,0.0867137106996288,True
leave_one_epsilon_out,3,2.0,1002,2.0,2000,moderate,0.15100000000000002,0.14051331793577243,0.04390117301356869,0.18273076923076925,0.1154332760156177,0.0896747644210735,poststratified,poststratified,0.0,0.0867137106996288,True
leave_one_epsilon_out,3,2.0,1002,2.0,2000,none,0.07400000000000004,0.03205091632414736,0.040600745041772135,0.19172222222222224,0.1154332760156177,0.0896747644210735,rr_debiased,poststratified,0.008549828717624774,0.0867137106996288,True
leave_one_epsilon_out,3,2.0,1002,2.0,2000,strong,0.171,0.22897100870951295,0.06668913224527795,0.18273076923076925,0.24984892029531733,0.14653975563591798,poststratified,poststratified,0.0,0.0867137106996288,True
leave_one_epsilon_out,0,0.25,1003,0.25,250,moderate,0.31300000000000006,0.8400000000000001,0.9119418101311781,0.23331904761904765,0.46085905497323176,0.3498167652585278,raw_frequencies,raw_frequencies,0.0,0.052403633476866975,False
leave_one_epsilon_out,0,0.25,1003,0.25,250,none,0.2730000000000001,0.38916545319451634,0.3064217806110229,0.2328526315789474,0.2687476371453217,0.3498167652585278,raw_frequencies,raw_frequencies,0.0,0.052403633476866975,True
leave_one_epsilon_out,0,0.25,1003,0.25,250,strong,0.25700000000000006,0.9729640294394947,1.2149999999999999,0.23331904761904765,0.46085905497323176,0.520072405158256,raw_frequencies,raw_frequencies,0.0,0.052403633476866975,False
leave_one_epsilon_out,0,0.25,1003,0.25,500,moderate,0.2890000000000001,0.6116638930160377,0.7597792811677365,0.23331904761904765,0.3241274230202852,0.2840593519129284,raw_frequencies,raw_frequencies,0.0,0.052403633476866975,True
leave_one_epsilon_out,0,0.25,1003,0.25,500,none,0.2730000000000001,0.4266649331350234,0.5200262783119843,0.23331904761904765,0.3241274230202852,0.2840593519129284,raw_frequencies,raw_frequencies,0.0,0.052403633476866975,True
leave_one_epsilon_out,0,0.25,1003,0.25,500,strong,0.26100000000000007,0.16583142644852536,0.9432745479139328,0.23331904761904765,0.344025258498005,0.34718447576262945,rr_debiased,raw_frequencies,0.0951685735514747,0.052403633476866975,False
leave_one_epsilon_out,0,0.25,1003,0.25,1000,moderate,0.24700000000000005,0.5445796062403006,0.3196563551696182,0.23331904761904765,0.2108581181668117,0.2894213255063377,raw_frequencies,rr_debiased,0.2975796062403005,0.052403633476866975,True
leave_one_epsilon_out,0,0.25,1003,0.25,1000,none,0.2390000000000001,0.3172882429416717,0.3584695987968961,0.2328526315789474,0.2108581181668117,0.18475296788865145,raw_frequencies,poststratified,0.119469598796896,0.052403633476866975,True
leave_one_epsilon_out,0,0.25,1003,0.25,1000,strong,0.24300000000000005,0.2710385029714181,0.7213956184453333,0.23331904761904765,0.344025258498005,0.2894213255063377,raw_frequencies,raw_frequencies,0.0,0.052403633476866975,False
leave_one_epsilon_out,0,0.25,1003,0.25,2000,moderate,0.23700000000000004,0.382705516344413,0.14358499106703013,0.23331904761904765,0.2108581181668117,0.14717581321931875,poststratified,poststratified,0.0,0.052403633476866975,False
leave_one_epsilon_out,0,0.25,1003,0.25,2000,none,0.26000000000000006,0.14270655646339864,0.15256672679616937,0.2328526315789474,0.15741167615954943,0.14717581321931875,rr_debiased,poststratified,0.009860170332770729,0.052403633476866975,True
leave_one_epsilon_out,0,0.25,1003,0.25,2000,strong,0.23000000000000004,0.4918633278402417,0.464517446566706,0.23331904761904765,0.24314589985265872,0.19947404743048866,raw_frequencies,poststratified,0.23451744656670598,0.052403633476866975,True
leave_one_epsilon_out,1,0.5,1003,0.5,250,moderate,0.24100000000000005,0.32331952660294383,0.3837331582023242,0.2648031496062993,0.6203302237235552,0.6934628603651423,raw_frequencies,raw_frequencies,0.0,0.0533172463118067,False
leave_one_epsilon_out,1,0.5,1003,0.5,250,none,0.25700000000000006,0.2233236686220606,0.2445173698449406,0.2724461538461539,0.6203302237235552,0.47566860285329626,rr_debiased,raw_frequencies,0.03367633137793946,0.0533172463118067,False
leave_one_epsilon_out,1,0.5,1003,0.5,250,strong,0.23300000000000004,0.3166266271485375,0.16554607155488194,0.24875000000000008,0.6203302237235552,0.6934628603651423,poststratified,raw_frequencies,0.0674539284451181,0.0533172463118067,False
leave_one_epsilon_out,1,0.5,1003,0.5,500,moderate,0.1770000000000001,0.35327396439265857,0.23953491513811082,0.2648031496062993,0.48988760083764193,0.6934628603651423,raw_frequencies,raw_frequencies,0.0,0.0533172463118067,False
leave_one_epsilon_out,1,0.5,1003,0.5,500,none,0.25300000000000006,0.1558298816507358,0.17064566889524022,0.2724461538461539,0.48988760083764193,0.47566860285329626,rr_debiased,raw_frequencies,0.09717011834926426,0.0533172463118067,False
leave_one_epsilon_out,1,0.5,1003,0.5,500,strong,0.2890000000000001,0.54829881650736,0.4216047538863997,0.2946190476190476,0.48988760083764193,0.6934628603651423,raw_frequencies,raw_frequencies,0.0,0.0533172463118067,False
leave_one_epsilon_out,1,0.5,1003,0.5,1000,moderate,0.199,0.33912455613897896,0.25785330878590856,0.2648031496062993,0.36812981362702724,0.3625652465304861,raw_frequencies,raw_frequencies,0.0,0.0533172463118067,False
leave_one_epsilon_out,1,0.5,1003,0.5,1000,none,0.23500000000000004,0.2941286981580958,0.2455109365005368,0.2648031496062993,0.36812981362702724,0.3625652465304861,raw_frequencies,raw_frequencies,0.0,0.0533172463118067,False
leave_one_epsilon_out,1,0.5,1003,0.5,1000,strong,0.22400000000000003,0.564103846043395,0.35740779754089175,0.2648031496062993,0.43222944543303077,0.4659427023757644,raw_frequencies,raw_frequencies,0.0,0.0533172463118067,False
leave_one_epsilon_out,1,0.5,1003,0.5,2000,moderate,0.201,0.282879733662875,0.16801849742390929,0.2648031496062993,0.2563347289067596,0.23676882275191513,poststratified,poststratified,0.0,0.0533172463118067,True
leave_one_epsilon_out,1,0.5,1003,0.5,2000,none,0.26700000000000007,0.31331538458382713,0.3112229794726718,0.2648031496062993,0.2563347289067596,0.23676882275191513,raw_frequencies,poststratified,0.04422297947267173,0.0533172463118067,True
leave_one_epsilon_out,1,0.5,1003,0.5,2000,strong,0.24700000000000005,0.13208713018419024,0.20668833618297922,0.2648031496062993,0.43222944543303077,0.4659427023757644,rr_debiased,raw_frequencies,0.11491286981580981,0.0533172463118067,False
leave_one_epsilon_out,2,1.0,1003,1.0,250,moderate,0.193,0.15868837269009067,0.15148706042388094,0.23331904761904745,0.46849503454977365,0.4398924958733276,poststratified,raw_frequencies,0.04151293957611907,0.06403578290935355,False
leave_one_epsilon_out,2,1.0,1003,1.0,250,none,0.20900000000000002,0.18065581365495453,0.17974492540238587,0.2551562499999999,0.32430870810624346,0.315457035762629,poststratified,raw_frequencies,0.029255074597614145,0.06403578290935355,True
leave_one_epsilon_out,2,1.0,1003,1.0,250,strong,0.20800000000000002,0.31369300564232194,0.16741224237655367,0.23331904761904745,0.46849503454977365,0.4398924958733276,poststratified,raw_frequencies,0.04058775762344635,0.06403578290935355,False
leave_one_epsilon_out,2,1.0,1003,1.0,500,moderate,0.25700000000000006,0.257541857031978,0.25887275600581766,0.23331904761904745,0.21714440740316213,0.315457035762629,raw_frequencies,rr_debiased,0.0005418570319779548,0.06403578290935355,True
leave_one_epsilon_out,2,1.0,1003,1.0,500,none,0.1810000000000001,0.012216266680616122,0.018942951317555023,0.2551562499999999,0.21714440740316213,0.315457035762629,rr_debiased,rr_debiased,0.0,0.06403578290935355,True
leave_one_epsilon_out,2,1.0,1003,1.0,500,strong,0.23300000000000004,0.3344279004090015,0.38947568086275225,0.23331904761904745,0.3272652644670899,0.4398924958733276,raw_frequencies,raw_frequencies,0.0,0.06403578290935355,False
leave_one_epsilon_out,2,1.0,1003,1.0,1000,moderate,0.1650000000000001,0.0830348755112518,0.10107366248915295,0.23331904761904745,0.21714440740316213,0.2468786939839766,rr_debiased,rr_debiased,0.0,0.06403578290935355,True
leave_one_epsilon_out,2,1.0,1003,1.0,1000,none,0.20700000000000007,0.09278604979549943,0.09436591171686709,0.2328526315789474,0.21714440740316213,0.16525538763569586,rr_debiased,poststratified,0.0015798619213676646,0.06403578290935355,True
leave_one_epsilon_out,2,1.0,1003,1.0,1000,strong,0.17000000000000004,0.28074184419502624,0.0489106679941832,0.23331904761904745,0.3272652644670899,0.2468786939839766,poststratified,raw_frequencies,0.12108933200581684,0.06403578290935355,True
leave_one_epsilon_out,2,1.0,1003,1.0,2000,moderate,0.1660000000000001,0.0830348755112518,0.06873759118169953,0.23331904761904745,0.21714440740316213,0.16525538763569586,poststratified,poststratified,0.0,0.06403578290935355,True
leave_one_epsilon_out,2,1.0,1003,1.0,2000,none,0.1700000000000001,0.04242149800730405,0.04361557737075222,0.2328526315789474,0.21714440740316213,0.16525538763569586,rr_debiased,poststratified,0.001194079363448175,0.06403578290935355,True
leave_one_epsilon_out,2,1.0,1003,1.0,2000,strong,0.20700000000000007,0.265779647393802,0.0717904794542927,0.23331904761904745,0.3272652644670899,0.2468786939839766,poststratified,raw_frequencies,0.13520952054570737,0.06403578290935355,True
leave_one_epsilon_out,3,2.0,1003,2.0,250,moderate,0.06400000000000003,0.0893634805258583,0.1002843910548353,0.20158620689655177,0.2285001265358877,0.17635526461516213,raw_frequencies,poststratified,0.036284391054835274,0.0867137106996288,True
leave_one_epsilon_out,3,2.0,1003,2.0,250,none,0.04900000000000007,0.06494484392175662,0.06711898186963519,0.18550666666666674,0.2285001265358877,0.17635526461516213,raw_frequencies,poststratified,0.01811898186963512,0.0867137106996288,True
leave_one_epsilon_out,3,2.0,1003,2.0,250,strong,0.21600000000000003,0.3362483724716897,0.23382633062906705,0.20242307692307696,0.31690358059204016,0.2990652079890661,raw_frequencies,raw_frequencies,0.0,0.0867137106996288,False
leave_one_epsilon_out,3,2.0,1003,2.0,500,moderate,0.14,0.12434823572503345,0.09986795843937116,0.18550666666666674,0.1154332760156177,0.17635526461516213,poststratified,rr_debiased,0.024480277285662294,0.0867137106996288,True
leave_one_epsilon_out,3,2.0,1003,2.0,500,none,0.037000000000000005,0.08257947906074464,0.08405379133161217,0.20158620689655177,0.1154332760156177,0.17635526461516213,raw_frequencies,rr_debiased,0.04557947906074464,0.0867137106996288,True
leave_one_epsilon_out,3,2.0,1003,2.0,500,strong,0.12000000000000005,0.09495717716005359,0.15597547416821242,0.22204761904761905,0.24984892029531733,0.17635526461516213,rr_debiased,poststratified,0.061018297008158834,0.0867137106996288,True
leave_one_epsilon_out,3,2.0,1003,2.0,1000,moderate,0.162,0.19223218550328802,0.07636592867271805,0.18273076923076925,0.1154332760156177,0.0896747644210735,poststratified,poststratified,0.0,0.0867137106996288,True
leave_one_epsilon_out,3,2.0,1003,2.0,1000,none,0.11500000000000005,0.04877449472954756,0.04791944458469982,0.19172222222222224,0.1154332760156177,0.0896747644210735,poststratified,poststratified,0.0,0.0867137106996288,True
leave_one_epsilon_out,3,2.0,1003,2.0,1000,strong,0.19400000000000003,0.20986682064227602,0.09725073194318498,0.18273076923076925,0.24984892029531733,0.14653975563591798,poststratified,poststratified,0.0,0.0867137106996288,True
leave_one_epsilon_out,3,2.0,1003,2.0,2000,moderate,0.12700000000000003,0.12022409201908715,0.01748351530131964,0.19172222222222224,0.1154332760156177,0.0896747644210735,poststratified,poststratified,0.0,0.0867137106996288,True
leave_one_epsilon_out,3,2.0,1003,2.0,2000,none,0.0840000000000001,0.05934588030609114,0.06313455153296355,0.1811153846153847,0.1154332760156177,0.0896747644210735,rr_debiased,poststratified,0.003788671226872403,0.0867137106996288,True
leave_one_epsilon_out,3,2.0,1003,2.0,2000,strong,0.18400000000000002,0.253953408489746,0.050799643994698496,0.18273076923076925,0.24984892029531733,0.0896747644210735,poststratified,poststratified,0.0,0.0867137106996288,False
leave_one_epsilon_out,0,0.25,1004,0.25,250,moderate,0.2330000000000001,0.37499999999999983,0.4587096910420474,0.23331904761904765,0.3241274230202852,0.3498167652585278,raw_frequencies,raw_frequencies,0.0,0.052403633476866975,False
leave_one_epsilon_out,0,0.25,1004,0.25,250,none,0.29700000000000004,0.35333298662700485,0.6129050719033344,0.25515625,0.3241274230202852,0.3498167652585278,raw_frequencies,raw_frequencies,0.0,0.052403633476866975,False
leave_one_epsilon_out,0,0.25,1004,0.25,250,strong,0.23300000000000004,0.5278528131383285,0.8479197642608918,0.23331904761904765,0.46085905497323176,0.520072405158256,raw_frequencies,raw_frequencies,0.0,0.052403633476866975,False
leave_one_epsilon_out,0,0.25,1004,0.25,500,moderate,0.2770000000000001,0.24166597325400913,0.6911093646734543,0.23331904761904765,0.3241274230202852,0.2840593519129284,rr_debiased,raw_frequencies,0.035334026745990954,0.052403633476866975,True
leave_one_epsilon_out,0,0.25,1004,0.25,500,none,0.29700000000000004,0.38041519316477007,0.3940683415439364,0.2328526315789474,0.3241274230202852,0.2840593519129284,raw_frequencies,raw_frequencies,0.0,0.052403633476866975,True
leave_one_epsilon_out,0,0.25,1004,0.25,500,strong,0.197,0.7674266451175084,0.8400000000000001,0.23331904761904765,0.344025258498005,0.34718447576262945,raw_frequencies,raw_frequencies,0.0,0.052403633476866975,False
leave_one_epsilon_out,0,0.25,1004,0.25,1000,moderate,0.21900000000000008,0.37500000000000006,0.37499999999999994,0.23331904761904765,0.2108581181668117,0.18475296788865145,raw_frequencies,poststratified,0.15599999999999986,0.052403633476866975,True
leave_one_epsilon_out,0,0.25,1004,0.25,1000,none,0.24700000000000005,0.2902060364039058,0.2736044635956269,0.2328526315789474,0.15741167615954943,0.18475296788865145,raw_frequencies,rr_debiased,0.043206036403905745,0.052403633476866975,True
leave_one_epsilon_out,0,0.25,1004,0.25,1000,strong,0.2690000000000001,0.34291571322426273,0.5394137334343041,0.23331904761904765,0.344025258498005,0.2894213255063377,raw_frequencies,raw_frequencies,0.0,0.052403633476866975,False
leave_one_epsilon_out,0,0.25,1004,0.25,2000,moderate,0.2720000000000001,0.5741644130755306,0.39776847685914085,0.23331904761904765,0.2108581181668117,0.14717581321931875,raw_frequencies,poststratified,0.12576847685914078,0.052403633476866975,False
leave_one_epsilon_out,0,0.25,1004,0.25,2000,none,0.276,0.15791675334324887,0.16078028883482925,0.2328526315789474,0.15741167615954943,0.14717581321931875,rr_debiased,poststratified,0.002863535491580388,0.052403633476866975,True
leave_one_epsilon_out,0,0.25,1004,0.25,2000,strong,0.24500000000000005,0.3133309063890326,0.3266238362688807,0.23331904761904765,0.24314589985265872,0.19947404743048866,raw_frequencies,poststratified,0.08162383626888065,0.052403633476866975,True
leave_one_epsilon_out,1,0.5,1004,0.5,250,moderate,0.28900000000000003,0.7182781064117755,0.7850000000000001,0.2724461538461539,0.6203302237235552,0.626995486577237,raw_frequencies,raw_frequencies,0.0,0.0533172463118067,False
leave_one_epsilon_out,1,0.5,1004,0.5,250,none,0.20900000000000007,0.1732905324691263,0.1791670923524838,0.2724461538461539,0.6203302237235552,0.626995486577237,rr_debiased,raw_frequencies,0.035709467530873784,0.0533172463118067,False
leave_one_epsilon_out,1,0.5,1004,0.5,250,strong,0.1770000000000001,0.40661834311030387,0.6912527615751466,0.2648031496062993,0.6203302237235552,0.6934628603651423,raw_frequencies,raw_frequencies,0.0,0.0533172463118067,False
leave_one_epsilon_out,1,0.5,1004,0.5,500,moderate,0.24500000000000005,0.2783236686220607,0.30479363770786616,0.2648031496062993,0.48988760083764193,0.626995486577237,raw_frequencies,raw_frequencies,0.0,0.0533172463118067,False
leave_one_epsilon_out,1,0.5,1004,0.5,500,none,0.25300000000000006,0.16583402366985267,0.15639082071296923,0.2648031496062993,0.48988760083764193,0.47566860285329626,poststratified,raw_frequencies,0.09660917928703083,0.0533172463118067,False
leave_one_epsilon_out,1,0.5,1004,0.5,500,strong,0.24100000000000005,0.3458174555933855,0.4254374032504107,0.24875000000000008,0.7422391027984748,0.8379281914021801,raw_frequencies,raw_frequencies,0.0,0.0533172463118067,False
leave_one_epsilon_out,1,0.5,1004,0.5,1000,moderate,0.2270000000000001,0.12539423072978398,0.04718417865316277,0.2724461538461539,0.36812981362702724,0.3625652465304861,poststratified,raw_frequencies,0.17981582134683732,0.0533172463118067,False
leave_one_epsilon_out,1,0.5,1004,0.5,1000,none,0.25100000000000006,0.11083402366985262,0.12408144737584997,0.2648031496062993,0.36812981362702724,0.3625652465304861,rr_debiased,raw_frequencies,0.14016597633014743,0.0533172463118067,False
leave_one_epsilon_out,1,0.5,1004,0.5,1000,strong,0.256,0.8003321004430319,0.43406225086003997,0.2648031496062993,0.43222944543303077,0.4659427023757644,raw_frequencies,raw_frequencies,0.0,0.0533172463118067,False
leave_one_epsilon_out,1,0.5,1004,0.5,2000,moderate,0.22100000000000003,0.2828797336628751,0.17161405373733352,0.2648031496062993,0.2563347289067596,0.4659427023757644,poststratified,rr_debiased,0.1112656799255416,0.0533172463118067,True
leave_one_epsilon_out,1,0.5,1004,0.5,2000,none,0.23100000000000004,0.08164319522500446,0.08241115250239206,0.2648031496062993,0.2563347289067596,0.23676882275191513,rr_debiased,poststratified,0.0007679572773875987,0.0533172463118067,True
leave_one_epsilon_out,1,0.5,1004,0.5,2000,strong,0.24000000000000005,0.3795643490790479,0.182104410362333,0.2648031496062993,0.43222944543303077,0.4659427023757644,poststratified,raw_frequencies,0.057895589637667055,0.0533172463118067,False
leave_one_epsilon_out,2,1.0,1004,1.0,250,moderate,0.24000000000000005,0.3795953285369135,0.3802509574115205,0.23331904761904745,0.46849503454977365,0.4398924958733276,raw_frequencies,raw_frequencies,0.0,0.06403578290935355,False
leave_one_epsilon_out,2,1.0,1004,1.0,250,none,0.23300000000000004,0.27942790040900145,0.25521977116641253,0.2328526315789474,0.32430870810624346,0.315457035762629,raw_frequencies,raw_frequencies,0.0,0.06403578290935355,False
leave_one_epsilon_out,2,1.0,1004,1.0,250,strong,0.13700000000000007,0.20385580081800297,0.4591110431381379,0.23331904761904745,0.46849503454977365,0.4398924958733276,raw_frequencies,raw_frequencies,0.0,0.06403578290935355,False
leave_one_epsilon_out,2,1.0,1004,1.0,500,moderate,0.18500000000000005,0.17090463937070705,0.09601475886312644,0.23331904761904745,0.21714440740316213,0.4398924958733276,poststratified,rr_debiased,0.07488988050758061,0.06403578290935355,True
leave_one_epsilon_out,2,1.0,1004,1.0,500,none,0.189,0.09270465220765872,0.09895636956761009,0.2328526315789474,0.21714440740316213,0.315457035762629,rr_debiased,rr_debiased,0.0,0.06403578290935355,True
leave_one_epsilon_out,2,1.0,1004,1.0,500,strong,0.21600000000000003,0.2904930184792738,0.07926296877590874,0.23331904761904745,0.3272652644670899,0.4398924958733276,poststratified,raw_frequencies,0.13673703122409128,0.06403578290935355,False
leave_one_epsilon_out,2,1.0,1004,1.0,1000,moderate,0.13000000000000006,0.2148395213004349,0.16160707480319636,0.2551562499999999,0.21714440740316213,0.16525538763569586,raw_frequencies,poststratified,0.0316070748031963,0.06403578290935355,True
leave_one_epsilon_out,2,1.0,1004,1.0,1000,none,0.1770000000000001,0.07205115502881992,0.07395441945514541,0.2551562499999999,0.21714440740316213,0.16525538763569586,rr_debiased,poststratified,0.0019032644263254905,0.06403578290935355,True
leave_one_epsilon_out,2,1.0,1004,1.0,1000,strong,0.196,0.2862337044362422,0.26354633558569146,0.23331904761904745,0.3272652644670899,0.2468786939839766,raw_frequencies,raw_frequencies,0.0,0.06403578290935355,True
leave_one_epsilon_out,2,1.0,1004,1.0,2000,moderate,0.15300000000000008,0.12147789719976354,0.08507250881774797,0.23331904761904745,0.21714440740316213,0.16525538763569586,poststratified,poststratified,0.0,0.06403578290935355,True
leave_one_epsilon_out,2,1.0,1004,1.0,2000,none,0.21200000000000002,0.08446686184583477,0.08323547861691499,0.2328526315789474,0.21714440740316213,0.16525538763569586,poststratified,poststratified,0.0,0.06403578290935355,True
leave_one_epsilon_out,2,1.0,1004,1.0,2000,strong,0.20000000000000007,0.2532825429889465,0.09858724613369116,0.23331904761904745,0.3272652644670899,0.2468786939839766,poststratified,raw_frequencies,0.10141275386630891,0.06403578290935355,True
leave_one_epsilon_out,3,2.0,1004,2.0,250,moderate,0.16900000000000004,0.16549571771600546,0.059113434268568577,0.18550666666666674,0.2285001265358877,0.17635526461516213,poststratified,poststratified,0.0,0.0867137106996288,True
leave_one_epsilon_out,3,2.0,1004,2.0,250,none,0.19300000000000006,0.146670777746099,0.11600837124141242,0.18550666666666674,0.2285001265358877,0.17635526461516213,poststratified,poststratified,0.0,0.0867137106996288,True
leave_one_epsilon_out,3,2.0,1004,2.0,250,strong,0.14400000000000004,0.1599020210818101,0.21967738026133032,0.20242307692307696,0.31690358059204016,0.2990652079890661,raw_frequencies,raw_frequencies,0.0,0.0867137106996288,False
leave_one_epsilon_out,3,2.0,1004,2.0,500,moderate,0.096,0.13638917422982616,0.06914271115094978,0.18550666666666674,0.1154332760156177,0.17635526461516213,poststratified,rr_debiased,0.06724646307887638,0.0867137106996288,True
leave_one_epsilon_out,3,2.0,1004,2.0,500,none,0.03200000000000003,0.09433590248673657,0.0949426276448462,0.18550666666666674,0.1154332760156177,0.17635526461516213,raw_frequencies,rr_debiased,0.06233590248673654,0.0867137106996288,True
leave_one_epsilon_out,3,2.0,1004,2.0,500,strong,0.11200000000000002,0.15990202108181012,0.1204735663473139,0.20242307692307696,0.24984892029531733,0.2990652079890661,raw_frequencies,raw_frequencies,0.0,0.0867137106996288,True
leave_one_epsilon_out,3,2.0,1004,2.0,1000,moderate,0.13,0.10965270644254349,0.07909035867354547,0.17209090909090916,0.1154332760156177,0.0896747644210735,poststratified,poststratified,0.0,0.0867137106996288,True
leave_one_epsilon_out,3,2.0,1004,2.0,1000,none,0.20100000000000007,0.15842720117209103,0.16775772517358267,0.19172222222222224,0.1154332760156177,0.0896747644210735,rr_debiased,poststratified,0.009330524001491647,0.0867137106996288,True
leave_one_epsilon_out,3,2.0,1004,2.0,1000,strong,0.11600000000000002,0.1687193386513041,0.11585729738847439,0.18273076923076925,0.24984892029531733,0.14653975563591798,poststratified,poststratified,0.0,0.0867137106996288,True
leave_one_epsilon_out,3,2.0,1004,2.0,2000,moderate,0.12700000000000003,0.1599020210818101,0.04751389485521473,0.17209090909090916,0.1154332760156177,0.0896747644210735,poststratified,poststratified,0.0,0.0867137106996288,True
leave_one_epsilon_out,3,2.0,1004,2.0,2000,none,0.09500000000000003,0.0038448956086156727,0.0046311612938554625,0.1811153846153847,0.1154332760156177,0.0896747644210735,rr_debiased,poststratified,0.0007862656852397898,0.0867137106996288,True
leave_one_epsilon_out,3,2.0,1004,2.0,2000,strong,0.171,0.18341486793379397,0.1031355955731407,0.18273076923076925,0.24984892029531733,0.14653975563591798,poststratified,poststratified,0.0,0.0867137106996288,True
leave_one_epsilon_out,0,0.25,1005,0.25,250,moderate,0.26500000000000007,0.6283288261510612,0.7131568683333643,0.25515625,0.3241274230202852,0.3498167652585278,raw_frequencies,raw_frequencies,0.0,0.052403633476866975,False
leave_one_epsilon_out,0,0.25,1005,0.25,250,none,0.24100000000000005,0.3133309063890326,0.2822485097883519,0.2328526315789474,0.2687476371453217,0.3498167652585278,raw_frequencies,raw_frequencies,0.0,0.052403633476866975,True
leave_one_epsilon_out,0,0.25,1005,0.25,250,strong,0.2250000000000001,0.3749999999999999,0.8068238111663084,0.23331904761904765,0.46085905497323176,0.520072405158256,raw_frequencies,raw_frequencies,0.0,0.052403633476866975,False
leave_one_epsilon_out,0,0.25,1005,0.25,500,moderate,0.24500000000000005,0.24791363298629152,0.3595608140402851,0.23331904761904765,0.3241274230202852,0.2840593519129284,raw_frequencies,raw_frequencies,0.0,0.052403633476866975,True
leave_one_epsilon_out,0,0.25,1005,0.25,500,none,0.22100000000000003,0.4395960026527576,0.4442883088680101,0.2328526315789474,0.2687476371453217,0.2840593519129284,raw_frequencies,raw_frequencies,0.0,0.052403633476866975,True
leave_one_epsilon_out,0,0.25,1005,0.25,500,strong,0.325,0.6770811664187791,0.599831151188821,0.23331904761904765,0.344025258498005,0.34718447576262945,raw_frequencies,raw_frequencies,0.0,0.052403633476866975,False
leave_one_epsilon_out,0,0.25,1005,0.25,1000,moderate,0.28300000000000003,0.20416649331350245,0.2876724956279899,0.23331904761904765,0.2108581181668117,0.18475296788865145,rr_debiased,poststratified,0.08350600231448746,0.052403633476866975,True
leave_one_epsilon_out,0,0.25,1005,0.25,1000,none,0.23300000000000004,0.6748160164229109,0.6389146998250679,0.2328526315789474,0.15741167615954943,0.18475296788865145,raw_frequencies,rr_debiased,0.44181601642291085,0.052403633476866975,True
leave_one_epsilon_out,0,0.25,1005,0.25,1000,strong,0.25700000000000006,0.1514568164931451,0.5650707972409256,0.23331904761904765,0.344025258498005,0.2894213255063377,rr_debiased,raw_frequencies,0.10554318350685496,0.052403633476866975,False
leave_one_epsilon_out,0,0.25,1005,0.25,2000,moderate,0.26000000000000006,0.2670811664187791,0.2979248542805404,0.23331904761904765,0.2108581181668117,0.14717581321931875,raw_frequencies,poststratified,0.03792485428054032,0.052403633476866975,False
leave_one_epsilon_out,0,0.25,1005,0.25,2000,none,0.25200000000000006,0.3855176913072299,0.3637363536546927,0.2328526315789474,0.15741167615954943,0.14717581321931875,raw_frequencies,poststratified,0.11173635365469264,0.052403633476866975,True
leave_one_epsilon_out,0,0.25,1005,0.25,2000,strong,0.269,0.09135431835068542,0.31821532043128886,0.23331904761904765,0.24314589985265872,0.19947404743048866,rr_debiased,poststratified,0.22686100208060345,0.052403633476866975,True
leave_one_epsilon_out,1,0.5,1005,0.5,250,moderate,0.1610000000000001,0.3749999999999999,0.37499999999999994,0.2724461538461539,0.6203302237235552,0.626995486577237,raw_frequencies,raw_frequencies,0.0,0.0533172463118067,False
leave_one_epsilon_out,1,0.5,1005,0.5,250,none,0.24900000000000005,0.13333195266029416,0.1698068692588353,0.2724461538461539,0.6203302237235552,0.47566860285329626,rr_debiased,raw_frequencies,0.1156680473397059,0.0533172463118067,False
leave_one_epsilon_out,1,0.5,1005,0.5,250,strong,0.321,0.8399999999999999,1.0640384223959514,0.2648031496062993,0.6203302237235552,0.6934628603651423,raw_frequencies,raw_frequencies,0.0,0.0533172463118067,False
leave_one_epsilon_out,1,0.5,1005,0.5,500,moderate,0.18900000000000006,0.2857801774213344,0.4470455911592852,0.2724461538461539,0.48988760083764193,0.626995486577237,raw_frequencies,raw_frequencies,0.0,0.0533172463118067,False
leave_one_epsilon_out,1,0.5,1005,0.5,500,none,0.1770000000000001,0.3532739643926587,0.3429903076611289,0.2648031496062993,0.48988760083764193,0.47566860285329626,raw_frequencies,raw_frequencies,0.0,0.0533172463118067,False
leave_one_epsilon_out,1,0.5,1005,0.5,500,strong,0.2730000000000001,0.3458174555933855,0.4362137022578851,0.2946190476190476,0.7422391027984748,0.6934628603651423,raw_frequencies,raw_frequencies,0.0,0.0533172463118067,False
leave_one_epsilon_out,1,0.5,1005,0.5,1000,moderate,0.24900000000000005,0.30082159761250227,0.17834265322734877,0.2724461538461539,0.36812981362702724,0.3625652465304861,poststratified,raw_frequencies,0.07065734677265129,0.0533172463118067,False
leave_one_epsilon_out,1,0.5,1005,0.5,1000,none,0.30500000000000005,0.3666597633014721,0.34039760480144293,0.2724461538461539,0.36812981362702724,0.3625652465304861,raw_frequencies,raw_frequencies,0.0,0.0533172463118067,False
leave_one_epsilon_out,1,0.5,1005,0.5,1000,strong,0.24900000000000005,0.23332781064117744,0.24807719311213638,0.24875000000000008,0.43222944543303077,0.37772884976643945,rr_debiased,raw_frequencies,0.015672189358822614,0.0533172463118067,False
leave_one_epsilon_out,1,0.5,1005,0.5,2000,moderate,0.2390000000000001,0.018529068025186307,0.14263350672099423,0.2724461538461539,0.3744065393364515,0.4659427023757644,rr_debiased,raw_frequencies,0.2204709319748138,0.0533172463118067,False
leave_one_epsilon_out,1,0.5,1005,0.5,2000,none,0.2300000000000001,0.05517640526930773,0.05339388049607552,0.2648031496062993,0.2563347289067596,0.23676882275191513,poststratified,poststratified,0.0,0.0533172463118067,True
leave_one_epsilon_out,1,0.5,1005,0.5,2000,strong,0.24200000000000005,0.23332781064117752,0.13300319256733148,0.2648031496062993,0.43222944543303077,0.4659427023757644,poststratified,raw_frequencies,0.10899680743266857,0.0533172463118067,False
leave_one_epsilon_out,2,1.0,1005,1.0,250,moderate,0.25600000000000006,0.4235302104666412,0.3430688805272376,0.2551562499999999,0.32430870810624346,0.315457035762629,raw_frequencies,raw_frequencies,0.0,0.06403578290935355,True
leave_one_epsilon_out,2,1.0,1005,1.0,250,none,0.201,0.24655813654954611,0.19318341704303552,0.2551562499999999,0.32430870810624346,0.315457035762629,poststratified,raw_frequencies,0.007816582956964496,0.06403578290935355,True
leave_one_epsilon_out,2,1.0,1005,1.0,250,strong,0.22400000000000006,0.577302297220688,0.2694091473042478,0.23331904761904745,0.46849503454977365,0.4398924958733276,raw_frequencies,raw_frequencies,0.0,0.06403578290935355,False
leave_one_epsilon_out,2,1.0,1005,1.0,500,moderate,0.22000000000000003,0.3014767389617057,0.2880666869386619,0.20847826086956525,0.21714440740316213,0.315457035762629,raw_frequencies,raw_frequencies,0.0,0.06403578290935355,True
leave_one_epsilon_out,2,1.0,1005,1.0,500,none,0.15300000000000008,0.08910231005763963,0.07646445741998639,0.2328526315789474,0.21714440740316213,0.315457035762629,poststratified,rr_debiased,0.01263785263765324,0.06403578290935355,True
leave_one_epsilon_out,2,1.0,1005,1.0,500,strong,0.201,0.1916395341373865,0.20728523976532276,0.23331904761904745,0.3272652644670899,0.4398924958733276,rr_debiased,raw_frequencies,0.00936046586261352,0.06403578290935355,False
leave_one_epsilon_out,2,1.0,1005,1.0,1000,moderate,0.193,0.15868837269009067,0.06838785030600586,0.20847826086956525,0.21714440740316213,0.16525538763569586,poststratified,poststratified,0.0,0.06403578290935355,True
leave_one_epsilon_out,2,1.0,1005,1.0,1000,none,0.15300000000000008,0.08910231005763969,0.08268898752481468,0.2328526315789474,0.21714440740316213,0.16525538763569586,poststratified,poststratified,0.0,0.06403578290935355,True
leave_one_epsilon_out,2,1.0,1005,1.0,1000,strong,0.18100000000000005,0.1928720803355709,0.2749992804597031,0.23331904761904745,0.21714440740316213,0.2468786939839766,raw_frequencies,rr_debiased,0.011872080335570856,0.06403578290935355,True
leave_one_epsilon_out,2,1.0,1005,1.0,2000,moderate,0.21000000000000002,0.2026232546198184,0.11462504657191422,0.23331904761904745,0.21714440740316213,0.16525538763569586,poststratified,poststratified,0.0,0.06403578290935355,True
leave_one_epsilon_out,2,1.0,1005,1.0,2000,none,0.2,0.1201639534137385,0.12166712644642932,0.2328526315789474,0.21714440740316213,0.16525538763569586,rr_debiased,poststratified,0.0015031730326908188,0.06403578290935355,True
leave_one_epsilon_out,2,1.0,1005,1.0,2000,strong,0.21000000000000002,0.260287787152586,0.16058379893156383,0.23331904761904745,0.3272652644670899,0.2468786939839766,poststratified,raw_frequencies,0.049416201068436194,0.06403578290935355,True
leave_one_epsilon_out,3,2.0,1005,2.0,250,moderate,0.12100000000000005,0.0949571771600535,0.08550003004661591,0.18550666666666674,0.2285001265358877,0.17635526461516213,poststratified,poststratified,0.0,0.0867137106996288,True
leave_one_epsilon_out,3,2.0,1005,2.0,250,none,0.10500000000000004,0.01735012006018724,0.024025465767702897,0.18550666666666674,0.2285001265358877,0.17635526461516213,rr_debiased,poststratified,0.006675345707515656,0.0867137106996288,True
leave_one_epsilon_out,3,2.0,1005,2.0,250,strong,0.263,0.4420561833056175,0.2195333156091804,0.20242307692307696,0.31690358059204016,0.2990652079890661,poststratified,raw_frequencies,0.043466684390819604,0.0867137106996288,False
leave_one_epsilon_out,3,2.0,1005,2.0,500,moderate,0.07300000000000004,0.03645957510889439,0.1429384766068432,0.18550666666666674,0.1154332760156177,0.17635526461516213,rr_debiased,rr_debiased,0.0,0.0867137106996288,True
leave_one_epsilon_out,3,2.0,1005,2.0,500,none,0.09200000000000005,0.07172884538687035,0.05974415618651277,0.20158620689655177,0.1154332760156177,0.17635526461516213,poststratified,rr_debiased,0.011984689200357584,0.0867137106996288,True
leave_one_epsilon_out,3,2.0,1005,2.0,500,strong,0.22000000000000003,0.2419124699849532,0.028470280738929404,0.18550666666666674,0.24984892029531733,0.17635526461516213,poststratified,poststratified,0.0,0.0867137106996288,True
leave_one_epsilon_out,3,2.0,1005,2.0,1000,moderate,0.13800000000000004,0.1834148679337941,0.056530341135483,0.17209090909090916,0.1154332760156177,0.0896747644210735,poststratified,poststratified,0.0,0.0867137106996288,True
leave_one_epsilon_out,3,2.0,1005,2.0,1000,none,0.06700000000000003,0.03849289121327448,0.041452814545374306,0.19172222222222224,0.1154332760156177,0.0896747644210735,rr_debiased,poststratified,0.002959923332099823,0.0867137106996288,True
leave_one_epsilon_out,3,2.0,1005,2.0,1000,strong,0.21000000000000002,0.2272169407024633,0.06572375419582024,0.18273076923076925,0.24984892029531733,0.0896747644210735,poststratified,poststratified,0.0,0.0867137106996288,False
leave_one_epsilon_out,3,2.0,1005,2.0,2000,moderate,0.094,0.09818079809535218,0.03232890604736316,0.19172222222222224,0.1154332760156177,0.0896747644210735,poststratified,poststratified,0.0,0.0867137106996288,True
leave_one_epsilon_out,3,2.0,1005,2.0,2000,none,0.07800000000000004,0.05115510439138435,0.05824161652399126,0.19172222222222224,0.1154332760156177,0.0896747644210735,rr_debiased,poststratified,0.007086512132606915,0.0867137106996288,True
leave_one_epsilon_out,3,2.0,1005,2.0,2000,strong,0.18600000000000003,0.214275479427023,0.054514618224289796,0.18273076923076925,0.24984892029531733,0.0896747644210735,poststratified,poststratified,0.0,0.0867137106996288,False
leave_one_epsilon_out,0,0.25,1006,0.25,250,moderate,0.32900000000000007,0.84,0.20643352534550014,0.23331904761904765,0.3241274230202852,0.3498167652585278,poststratified,raw_frequencies,0.12256647465449994,0.052403633476866975,False
leave_one_epsilon_out,0,0.25,1006,0.25,250,none,0.329,0.7591633729565449,0.8331847474147452,0.25515625,0.2687476371453217,0.3498167652585278,raw_frequencies,raw_frequencies,0.0,0.052403633476866975,True
leave_one_epsilon_out,0,0.25,1006,0.25,250,strong,0.26400000000000007,1.1373037253450202,0.8400000000000001,0.23331904761904765,0.46085905497323176,0.520072405158256,raw_frequencies,raw_frequencies,0.0,0.052403633476866975,False
leave_one_epsilon_out,0,0.25,1006,0.25,500,moderate,0.3090000000000001,0.6666638930160378,0.6455205175401033,0.25515625,0.3241274230202852,0.2840593519129284,raw_frequencies,raw_frequencies,0.0,0.052403633476866975,True
leave_one_epsilon_out,0,0.25,1006,0.25,500,none,0.273,0.10291675334324873,0.08169339251633939,0.2328526315789474,0.3241274230202852,0.2840593519129284,poststratified,raw_frequencies,0.19130660748366063,0.052403633476866975,True
leave_one_epsilon_out,0,0.25,1006,0.25,500,strong,0.25700000000000006,0.17458168647827185,0.6744156063540223,0.23331904761904765,0.344025258498005,0.34718447576262945,rr_debiased,raw_frequencies,0.08241831352172821,0.052403633476866975,False
leave_one_epsilon_out,0,0.25,1006,0.25,1000,moderate,0.25900000000000006,0.47520499628492013,0.3370614848607859,0.23331904761904765,0.2108581181668117,0.18475296788865145,raw_frequencies,poststratified,0.07806148486078585,0.052403633476866975,True
leave_one_epsilon_out,0,0.25,1006,0.25,1000,none,0.275,0.09895941679061032,0.11911613641081245,0.2328526315789474,0.15741167615954943,0.18475296788865145,rr_debiased,rr_debiased,0.0,0.052403633476866975,True
leave_one_epsilon_out,0,0.25,1006,0.25,1000,strong,0.32300000000000006,0.7504131129267986,0.7850000000000001,0.23331904761904765,0.344025258498005,0.2894213255063377,raw_frequencies,raw_frequencies,0.0,0.052403633476866975,False
leave_one_epsilon_out,0,0.25,1006,0.25,2000,moderate,0.2690000000000001,0.18385379829119217,0.2849914922291964,0.23331904761904765,0.2108581181668117,0.14717581321931875,rr_debiased,poststratified,0.10113769393800423,0.052403633476866975,False
leave_one_epsilon_out,0,0.25,1006,0.25,2000,none,0.276,0.14635431835068538,0.1342602764636945,0.2328526315789474,0.15741167615954943,0.14717581321931875,poststratified,poststratified,0.0,0.052403633476866975,True
leave_one_epsilon_out,0,0.25,1006,0.25,2000,strong,0.2760000000000001,0.3082284082465725,0.37499999999999983,0.23331904761904765,0.24314589985265872,0.19947404743048866,raw_frequencies,poststratified,0.09899999999999975,0.052403633476866975,True
leave_one_epsilon_out,1,0.5,1006,0.5,250,moderate,0.20100000000000007,0.21828639045000947,0.21332783050858228,0.2648031496062993,0.6203302237235552,0.626995486577237,raw_frequencies,raw_frequencies,0.0,0.0533172463118067,False
leave_one_epsilon_out,1,0.5,1006,0.5,250,none,0.19300000000000006,0.2716307691676545,0.20549223852412646,0.2724461538461539,0.6203302237235552,0.47566860285329626,raw_frequencies,raw_frequencies,0.0,0.0533172463118067,False
leave_one_epsilon_out,1,0.5,1006,0.5,250,strong,0.11300000000000004,0.37499999999999994,0.37500000000000006,0.2946190476190476,0.7422391027984748,0.6934628603651423,raw_frequencies,raw_frequencies,0.0,0.0533172463118067,False
leave_one_epsilon_out,1,0.5,1006,0.5,500,moderate,0.14900000000000008,0.37499999999999994,0.375,0.2648031496062993,0.48988760083764193,0.626995486577237,raw_frequencies,raw_frequencies,0.0,0.0533172463118067,False
leave_one_epsilon_out,1,0.5,1006,0.5,500,none,0.26500000000000007,0.3683153845838272,0.345158205519034,0.2648031496062993,0.48988760083764193,0.47566860285329626,raw_frequencies,raw_frequencies,0.0,0.0533172463118067,False
leave_one_epsilon_out,1,0.5,1006,0.5,500,strong,0.23700000000000004,0.33912455613897896,0.4767869825178764,0.24875000000000008,0.7422391027984748,0.8379281914021801,raw_frequencies,raw_frequencies,0.0,0.0533172463118067,False
leave_one_epsilon_out,1,0.5,1006,0.5,1000,moderate,0.1690000000000001,0.37499999999999994,0.3122581180818903,0.2648031496062993,0.36812981362702724,0.3625652465304861,raw_frequencies,raw_frequencies,0.0,0.0533172463118067,False
leave_one_epsilon_out,1,0.5,1006,0.5,1000,none,0.24900000000000005,0.05168875743528972,0.04067369347341476,0.2648031496062993,0.36812981362702724,0.3625652465304861,poststratified,raw_frequencies,0.2083263065265853,0.0533172463118067,False
leave_one_epsilon_out,1,0.5,1006,0.5,1000,strong,0.22500000000000003,0.14913698219632934,0.3637878770781848,0.24875000000000008,0.43222944543303077,0.37772884976643945,rr_debiased,raw_frequencies,0.07586301780367069,0.0533172463118067,False
leave_one_epsilon_out,1,0.5,1006,0.5,2000,moderate,0.24700000000000005,0.37393986683143754,0.26129307473264507,0.2724461538461539,0.2563347289067596,0.23676882275191513,raw_frequencies,poststratified,0.014293074732645017,0.0533172463118067,True
leave_one_epsilon_out,1,0.5,1006,0.5,2000,none,0.22200000000000003,0.3009980028818101,0.27498828675786346,0.2648031496062993,0.2563347289067596,0.23676882275191513,raw_frequencies,poststratified,0.052988286757863434,0.0533172463118067,True
leave_one_epsilon_out,1,0.5,1006,0.5,2000,strong,0.202,0.37287144962464136,0.19956997592954248,0.2648031496062993,0.43222944543303077,0.4659427023757644,poststratified,raw_frequencies,0.0024300240704575315,0.0533172463118067,False
leave_one_epsilon_out,2,1.0,1006,1.0,250,moderate,0.12100000000000005,0.17697207391709502,0.14206476681146663,0.2551562499999999,0.32430870810624346,0.315457035762629,raw_frequencies,raw_frequencies,0.0,0.06403578290935355,True
leave_one_epsilon_out,2,1.0,1006,1.0,250,none,0.22500000000000003,0.2574604594441376,0.23066496037019807,0.2551562499999999,0.32430870810624346,0.315457035762629,raw_frequencies,raw_frequencies,0.0,0.06403578290935355,True
leave_one_epsilon_out,2,1.0,1006,1.0,250,strong,0.06400000000000003,0.3746790426008695,0.37499999999999994,0.23331904761904745,0.46849503454977365,0.4398924958733276,raw_frequencies,raw_frequencies,0.0,0.06403578290935355,False
leave_one_epsilon_out,2,1.0,1006,1.0,500,moderate,0.12100000000000005,0.17697207391709502,0.12612515791754902,0.23331904761904745,0.21714440740316213,0.315457035762629,raw_frequencies,rr_debiased,0.05597207391709497,0.06403578290935355,True
leave_one_epsilon_out,2,1.0,1006,1.0,500,none,0.15300000000000008,0.10500231647611563,0.13789376149693905,0.2551562499999999,0.21714440740316213,0.315457035762629,rr_debiased,rr_debiased,0.0,0.06403578290935355,True
leave_one_epsilon_out,2,1.0,1006,1.0,500,strong,0.23600000000000004,0.3454116208914334,0.15958082999273693,0.23331904761904745,0.3272652644670899,0.4398924958733276,poststratified,raw_frequencies,0.07641917000726312,0.06403578290935355,False
leave_one_epsilon_out,2,1.0,1006,1.0,1000,moderate,0.21700000000000003,0.12024535100157893,0.059897607855110696,0.23331904761904745,0.21714440740316213,0.2468786939839766,poststratified,rr_debiased,0.060347743146468236,0.06403578290935355,True
leave_one_epsilon_out,2,1.0,1006,1.0,1000,none,0.20500000000000007,0.05368605621397515,0.05548580579259227,0.2328526315789474,0.21714440740316213,0.16525538763569586,rr_debiased,poststratified,0.0017997495786171158,0.06403578290935355,True
leave_one_epsilon_out,2,1.0,1006,1.0,1000,strong,0.15100000000000008,0.15992091888827528,0.11376300805174808,0.23331904761904745,0.3272652644670899,0.2468786939839766,poststratified,raw_frequencies,0.037236991948252,0.06403578290935355,True
leave_one_epsilon_out,2,1.0,1006,1.0,2000,moderate,0.20600000000000007,0.10651570039853922,0.13512166273325443,0.23331904761904745,0.21714440740316213,0.16525538763569586,rr_debiased,poststratified,0.028605962334715213,0.06403578290935355,True
leave_one_epsilon_out,2,1.0,1006,1.0,2000,none,0.20800000000000007,0.061923846575799024,0.061112442596971905,0.2328526315789474,0.21714440740316213,0.16525538763569586,poststratified,poststratified,0.0,0.06403578290935355,True
leave_one_epsilon_out,2,1.0,1006,1.0,2000,strong,0.15700000000000003,0.2450447526271226,0.053418212150335403,0.23331904761904745,0.3272652644670899,0.2468786939839766,poststratified,raw_frequencies,0.10358178784966462,0.06403578290935355,True
leave_one_epsilon_out,3,2.0,1006,2.0,250,moderate,0.12800000000000006,0.23044056163776197,0.12963385708332265,0.18550666666666674,0.2285001265358877,0.17635526461516213,raw_frequencies,poststratified,0.0016338570833225874,0.0867137106996288,True
leave_one_epsilon_out,3,2.0,1006,2.0,250,none,0.08900000000000005,0.010850633673874288,0.0145403761915604,0.18550666666666674,0.2285001265358877,0.17635526461516213,rr_debiased,poststratified,0.003689742517686112,0.0867137106996288,True
leave_one_epsilon_out,3,2.0,1006,2.0,250,strong,0.25600000000000006,0.29481637540191724,0.23887753928854694,0.20242307692307696,0.31690358059204016,0.2990652079890661,poststratified,raw_frequencies,0.017122460711453125,0.0867137106996288,False
leave_one_epsilon_out,3,2.0,1006,2.0,500,moderate,0.08400000000000005,0.08936348052585827,0.07130627079567892,0.20158620689655177,0.1154332760156177,0.17635526461516213,poststratified,rr_debiased,0.018057209730179352,0.0867137106996288,True
leave_one_epsilon_out,3,2.0,1006,2.0,500,none,0.14100000000000007,0.07025402547715132,0.07282592385708295,0.20158620689655177,0.1154332760156177,0.17635526461516213,rr_debiased,rr_debiased,0.0,0.0867137106996288,True
leave_one_epsilon_out,3,2.0,1006,2.0,500,strong,0.23200000000000004,0.2595471051239412,0.12721685697148188,0.22204761904761905,0.24984892029531733,0.2990652079890661,poststratified,raw_frequencies,0.10478314302851816,0.0867137106996288,True
leave_one_epsilon_out,3,2.0,1006,2.0,1000,moderate,0.14400000000000002,0.13022644743802944,0.02655257102051775,0.19172222222222224,0.1154332760156177,0.0896747644210735,poststratified,poststratified,0.0,0.0867137106996288,True
leave_one_epsilon_out,3,2.0,1006,2.0,1000,none,0.06500000000000003,0.041431997069772686,0.047715383576248105,0.19172222222222224,0.1154332760156177,0.0896747644210735,rr_debiased,poststratified,0.006283386506475419,0.0867137106996288,True
leave_one_epsilon_out,3,2.0,1006,2.0,1000,strong,0.2,0.30391820805021175,0.05123930531908302,0.18273076923076925,0.24984892029531733,0.14653975563591798,poststratified,poststratified,0.0,0.0867137106996288,True
leave_one_epsilon_out,3,2.0,1006,2.0,2000,moderate,0.10000000000000006,0.08201571588461326,0.055972925674803414,0.17209090909090916,0.1154332760156177,0.0896747644210735,poststratified,poststratified,0.0,0.0867137106996288,True
leave_one_epsilon_out,3,2.0,1006,2.0,2000,none,0.10900000000000004,0.04793148345608558,0.05065895122112063,0.19172222222222224,0.1154332760156177,0.0896747644210735,rr_debiased,poststratified,0.0027274677650350465,0.0867137106996288,True
leave_one_epsilon_out,3,2.0,1006,2.0,2000,strong,0.168,0.208397267714027,0.06933261800293064,0.18273076923076925,0.24984892029531733,0.0896747644210735,poststratified,poststratified,0.0,0.0867137106996288,False
leave_one_epsilon_out,0,0.25,1007,0.25,250,moderate,0.15300000000000008,0.40398930190516646,0.4764785899714638,0.25515625,0.46085905497323176,0.520072405158256,raw_frequencies,raw_frequencies,0.0,0.052403633476866975,False
leave_one_epsilon_out,0,0.25,1007,0.25,250,none,0.20900000000000007,0.3749999999999999,0.375,0.25515625,0.2687476371453217,0.3498167652585278,raw_frequencies,raw_frequencies,0.0,0.052403633476866975,True
leave_one_epsilon_out,0,0.25,1007,0.25,250,strong,0.32100000000000006,0.7849999999999999,0.6348576576992682,0.23331904761904765,0.46085905497323176,0.520072405158256,raw_frequencies,raw_frequencies,0.0,0.052403633476866975,False
leave_one_epsilon_out,0,0.25,1007,0.25,500,moderate,0.341,0.8620801262997935,1.0075791393125182,0.23331904761904765,0.3241274230202852,0.2840593519129284,raw_frequencies,raw_frequencies,0.0,0.052403633476866975,True
leave_one_epsilon_out,0,0.25,1007,0.25,500,none,0.25300000000000006,0.3133309063890326,0.25108120653478605,0.2328526315789474,0.2687476371453217,0.2840593519129284,poststratified,raw_frequencies,0.0019187934652140082,0.052403633476866975,True
leave_one_epsilon_out,0,0.25,1007,0.25,500,strong,0.20900000000000002,0.725706192606981,0.4370596035577334,0.23331904761904765,0.344025258498005,0.34718447576262945,raw_frequencies,raw_frequencies,0.0,0.052403633476866975,False
leave_one_epsilon_out,0,0.25,1007,0.25,1000,moderate,0.2270000000000001,0.37499999999999994,0.37499999999999983,0.23331904761904765,0.2108581181668117,0.18475296788865145,raw_frequencies,poststratified,0.14799999999999974,0.052403633476866975,True
leave_one_epsilon_out,0,0.25,1007,0.25,1000,none,0.28300000000000003,0.19145889673111727,0.1921854833527346,0.2328526315789474,0.15741167615954943,0.18475296788865145,rr_debiased,rr_debiased,0.0,0.052403633476866975,True
leave_one_epsilon_out,0,0.25,1007,0.25,1000,strong,0.29100000000000004,0.28395837667162455,0.5894956429657339,0.23331904761904765,0.344025258498005,0.2894213255063377,rr_debiased,raw_frequencies,0.00704162332837549,0.052403633476866975,False
leave_one_epsilon_out,0,0.25,1007,0.25,2000,moderate,0.23700000000000004,0.613954216195681,0.4456798220601671,0.23331904761904765,0.2108581181668117,0.14717581321931875,raw_frequencies,poststratified,0.20867982206016705,0.052403633476866975,False
leave_one_epsilon_out,0,0.25,1007,0.25,2000,none,0.276,0.1607289283060657,0.17304679490068334,0.2328526315789474,0.15741167615954943,0.14717581321931875,rr_debiased,poststratified,0.012317866594617644,0.052403633476866975,True
leave_one_epsilon_out,0,0.25,1007,0.25,2000,strong,0.256,0.12072684806809422,0.23995780615209122,0.23331904761904765,0.24314589985265872,0.19947404743048866,rr_debiased,poststratified,0.119230958083997,0.052403633476866975,True
leave_one_epsilon_out,1,0.5,1007,0.5,250,moderate,0.13600000000000007,0.4351510655944263,0.37500000000000006,0.2724461538461539,0.6203302237235552,0.626995486577237,raw_frequencies,raw_frequencies,0.0,0.0533172463118067,False
leave_one_epsilon_out,1,0.5,1007,0.5,250,none,0.21700000000000003,0.22663491118677104,0.25239489515138963,0.2648031496062993,0.6203302237235552,0.47566860285329626,raw_frequencies,raw_frequencies,0.0,0.0533172463118067,False
leave_one_epsilon_out,1,0.5,1007,0.5,250,strong,0.32100000000000006,0.4583071005455934,0.5613667841433121,0.2648031496062993,0.6203302237235552,0.8379281914021801,raw_frequencies,raw_frequencies,0.0,0.0533172463118067,False
leave_one_epsilon_out,1,0.5,1007,0.5,500,moderate,0.313,0.41165562128235483,0.46839025176119786,0.2724461538461539,0.48988760083764193,0.626995486577237,raw_frequencies,raw_frequencies,0.0,0.0533172463118067,False
leave_one_epsilon_out,1,0.5,1007,0.5,500,none,0.26500000000000007,0.35831124256471036,0.3507870175039218,0.2648031496062993,0.48988760083764193,0.47566860285329626,raw_frequencies,raw_frequencies,0.0,0.0533172463118067,False
leave_one_epsilon_out,1,0.5,1007,0.5,500,strong,0.21300000000000002,0.47411213008162856,0.35161761486280607,0.2648031496062993,0.7422391027984748,0.8379281914021801,raw_frequencies,raw_frequencies,0.0,0.0533172463118067,False
leave_one_epsilon_out,1,0.5,1007,0.5,1000,moderate,0.2350000000000001,0.08039837274890074,0.09187455897817629,0.2648031496062993,0.3744065393364515,0.4659427023757644,rr_debiased,raw_frequencies,0.15460162725109935,0.0533172463118067,False
leave_one_epsilon_out,1,0.5,1007,0.5,1000,none,0.24700000000000005,0.200825739631619,0.20096308892076603,0.2648031496062993,0.36812981362702724,0.3625652465304861,rr_debiased,raw_frequencies,0.04617426036838104,0.0533172463118067,False
leave_one_epsilon_out,1,0.5,1007,0.5,1000,strong,0.22900000000000004,0.3841204141198622,0.3644698452799496,0.24875000000000008,0.43222944543303077,0.37772884976643945,raw_frequencies,raw_frequencies,0.0,0.0533172463118067,False
leave_one_epsilon_out,1,0.5,1007,0.5,2000,moderate,0.23700000000000004,0.12539423072978376,0.022567802237195622,0.2724461538461539,0.2563347289067596,0.23676882275191513,poststratified,poststratified,0.0,0.0533172463118067,True
leave_one_epsilon_out,1,0.5,1007,0.5,2000,none,0.2230000000000001,0.11976974848217353,0.11013105414849378,0.2648031496062993,0.2563347289067596,0.23676882275191513,poststratified,poststratified,0.0,0.0533172463118067,True
leave_one_epsilon_out,1,0.5,1007,0.5,2000,strong,0.21800000000000008,0.12539423072978406,0.34549743882277617,0.2648031496062993,0.43222944543303077,0.4659427023757644,rr_debiased,raw_frequencies,0.09260576927021602,0.0533172463118067,False
leave_one_epsilon_out,2,1.0,1007,1.0,250,moderate,0.1610000000000001,0.10492091888827526,0.11292403631235143,0.23331904761904745,0.32430870810624346,0.315457035762629,rr_debiased,raw_frequencies,0.05607908111172483,0.06403578290935355,False
leave_one_epsilon_out,2,1.0,1007,1.0,250,none,0.26400000000000007,0.4222976642684569,0.44587469069101454,0.2328526315789474,0.32430870810624346,0.315457035762629,raw_frequencies,raw_frequencies,0.0,0.06403578290935355,False
leave_one_epsilon_out,2,1.0,1007,1.0,250,strong,0.19200000000000006,0.2477906827477305,0.26204211822984547,0.23331904761904745,0.46849503454977365,0.4398924958733276,raw_frequencies,raw_frequencies,0.0,0.06403578290935355,False
leave_one_epsilon_out,2,1.0,1007,1.0,500,moderate,0.16399999999999998,0.34664416708961776,0.24111127625228393,0.23331904761904745,0.21714440740316213,0.315457035762629,raw_frequencies,rr_debiased,0.18264416708961778,0.06403578290935355,True
leave_one_epsilon_out,2,1.0,1007,1.0,500,none,0.1850000000000001,0.02803487551125175,0.04849693886263773,0.2328526315789474,0.21714440740316213,0.315457035762629,rr_debiased,rr_debiased,0.0,0.06403578290935355,True
leave_one_epsilon_out,2,1.0,1007,1.0,500,strong,0.236,0.3454116208914334,0.07775301181161862,0.23331904761904745,0.3272652644670899,0.4398924958733276,poststratified,raw_frequencies,0.15824698818838137,0.06403578290935355,False
leave_one_epsilon_out,2,1.0,1007,1.0,1000,moderate,0.15400000000000003,0.22582324178286667,0.08742868286208688,0.23331904761904745,0.21714440740316213,0.2468786939839766,poststratified,rr_debiased,0.1383945589207798,0.06403578290935355,True
leave_one_epsilon_out,2,1.0,1007,1.0,1000,none,0.1650000000000001,0.13795347792341142,0.14700323518097352,0.2328526315789474,0.21714440740316213,0.16525538763569586,rr_debiased,poststratified,0.009049757257562102,0.06403578290935355,True
leave_one_epsilon_out,2,1.0,1007,1.0,1000,strong,0.16399999999999998,0.33566044660718586,0.2838147810883666,0.23331904761904745,0.3272652644670899,0.2468786939839766,raw_frequencies,raw_frequencies,0.0,0.06403578290935355,True
leave_one_epsilon_out,2,1.0,1007,1.0,2000,moderate,0.17700000000000005,0.17365056949131505,0.11801126762179853,0.23331904761904745,0.21714440740316213,0.16525538763569586,poststratified,poststratified,0.0,0.06403578290935355,True
leave_one_epsilon_out,2,1.0,1007,1.0,2000,none,0.18800000000000006,0.06258081846881153,0.06018136538322999,0.2328526315789474,0.21714440740316213,0.16525538763569586,poststratified,poststratified,0.0,0.06403578290935355,True
leave_one_epsilon_out,2,1.0,1007,1.0,2000,strong,0.189,0.1916395341373865,0.10134588332405942,0.23331904761904745,0.3272652644670899,0.2468786939839766,poststratified,raw_frequencies,0.08765411667594059,0.06403578290935355,True
leave_one_epsilon_out,3,2.0,1007,2.0,250,moderate,0.15200000000000005,0.17165844450780213,0.047740346137820217,0.18550666666666674,0.2285001265358877,0.17635526461516213,poststratified,poststratified,0.0,0.0867137106996288,True
leave_one_epsilon_out,3,2.0,1007,2.0,250,none,0.06500000000000003,0.041431997069772686,0.03937802733994206,0.20158620689655177,0.2285001265358877,0.17635526461516213,poststratified,poststratified,0.0,0.0867137106996288,True
leave_one_epsilon_out,3,2.0,1007,2.0,250,strong,0.24000000000000005,0.2713035285499332,0.41073759811559485,0.22204761904761905,0.31690358059204016,0.2990652079890661,raw_frequencies,raw_frequencies,0.0,0.0867137106996288,True
leave_one_epsilon_out,3,2.0,1007,2.0,500,moderate,0.14800000000000005,0.14226738594282223,0.027828759641804313,0.18550666666666674,0.1154332760156177,0.17635526461516213,poststratified,rr_debiased,0.11443862630101792,0.0867137106996288,True
leave_one_epsilon_out,3,2.0,1007,2.0,500,none,0.11200000000000002,0.15990202108181012,0.15826121657813874,0.20158620689655177,0.1154332760156177,0.17635526461516213,raw_frequencies,rr_debiased,0.0479020210818101,0.0867137106996288,True
leave_one_epsilon_out,3,2.0,1007,2.0,500,strong,0.21600000000000005,0.24219698506375403,0.1380503867861115,0.20242307692307696,0.24984892029531733,0.2990652079890661,poststratified,raw_frequencies,0.07794961321388855,0.0867137106996288,True
leave_one_epsilon_out,3,2.0,1007,2.0,1000,moderate,0.12400000000000003,0.16871933865130412,0.05871375929490577,0.18273076923076925,0.1154332760156177,0.0896747644210735,poststratified,poststratified,0.0,0.0867137106996288,True
leave_one_epsilon_out,3,2.0,1007,2.0,1000,none,0.07100000000000004,0.05409421024788236,0.0529067282846796,0.19172222222222224,0.1154332760156177,0.0896747644210735,poststratified,poststratified,0.0,0.0867137106996288,True
leave_one_epsilon_out,3,2.0,1007,2.0,1000,strong,0.13800000000000004,0.15990202108181012,0.1058390155133418,0.18273076923076925,0.24984892029531733,0.14653975563591798,poststratified,poststratified,0.0,0.0867137106996288,True
leave_one_epsilon_out,3,2.0,1007,2.0,2000,moderate,0.12700000000000003,0.13491962130157711,0.01976333431921959,0.17209090909090916,0.1154332760156177,0.0896747644210735,poststratified,poststratified,0.0,0.0867137106996288,True
leave_one_epsilon_out,3,2.0,1007,2.0,2000,none,0.07200000000000004,0.05703331610438028,0.045408990240181135,0.1811153846153847,0.1154332760156177,0.0896747644210735,poststratified,poststratified,0.0,0.0867137106996288,True
leave_one_epsilon_out,3,2.0,1007,2.0,2000,strong,0.17600000000000002,0.21868413821176996,0.08685465893631183,0.18273076923076925,0.24984892029531733,0.0896747644210735,poststratified,poststratified,0.0,0.0867137106996288,False
leave_one_epsilon_out,0,0.25,1008,0.25,250,moderate,0.23300000000000004,1.2149999999999999,1.0217022017252435,0.23331904761904765,0.3241274230202852,0.3498167652585278,raw_frequencies,raw_frequencies,0.0,0.052403633476866975,False
leave_one_epsilon_out,0,0.25,1008,0.25,250,none,0.313,0.5383319465080183,0.44077716408384565,0.25515625,0.2687476371453217,0.3498167652585278,raw_frequencies,raw_frequencies,0.0,0.052403633476866975,True
leave_one_epsilon_out,0,0.25,1008,0.25,250,strong,0.19300000000000006,0.37500000000000006,0.47476638665156956,0.23331904761904765,0.46085905497323176,0.520072405158256,raw_frequencies,raw_frequencies,0.0,0.052403633476866975,False
leave_one_epsilon_out,0,0.25,1008,0.25,500,moderate,0.24100000000000005,0.3508303863295398,0.37500000000000006,0.23331904761904765,0.3241274230202852,0.2840593519129284,raw_frequencies,raw_frequencies,0.0,0.052403633476866975,True
leave_one_epsilon_out,0,0.25,1008,0.25,500,none,0.36500000000000005,1.139578566121315,1.1591886954285386,0.20847826086956522,0.3241274230202852,0.2840593519129284,raw_frequencies,raw_frequencies,0.0,0.052403633476866975,False
leave_one_epsilon_out,0,0.25,1008,0.25,500,strong,0.23300000000000004,1.04266882956124,0.21627788132121573,0.23331904761904765,0.344025258498005,0.34718447576262945,poststratified,raw_frequencies,0.016722118678784315,0.052403633476866975,False
leave_one_epsilon_out,0,0.25,1008,0.25,1000,moderate,0.26300000000000007,0.17458168647827185,0.2341099064648354,0.20847826086956522,0.2108581181668117,0.18475296788865145,rr_debiased,poststratified,0.059528219986563546,0.052403633476866975,True
leave_one_epsilon_out,0,0.25,1008,0.25,1000,none,0.23700000000000004,0.34041311292679843,0.34503560687123785,0.2328526315789474,0.15741167615954943,0.18475296788865145,raw_frequencies,rr_debiased,0.10341311292679839,0.052403633476866975,True
leave_one_epsilon_out,0,0.25,1008,0.25,1000,strong,0.24300000000000005,0.3595806463592862,0.32485919125016627,0.23331904761904765,0.344025258498005,0.2894213255063377,raw_frequencies,raw_frequencies,0.0,0.052403633476866975,False
leave_one_epsilon_out,0,0.25,1008,0.25,2000,moderate,0.25800000000000006,0.5098923012626103,0.46218388291459933,0.23331904761904765,0.2108581181668117,0.14717581321931875,raw_frequencies,poststratified,0.20418388291459927,0.052403633476866975,False
leave_one_epsilon_out,0,0.25,1008,0.25,2000,none,0.2690000000000001,0.2504162332837556,0.2290939903471999,0.2328526315789474,0.15741167615954943,0.14717581321931875,poststratified,poststratified,0.0,0.052403633476866975,True
leave_one_epsilon_out,0,0.25,1008,0.25,2000,strong,0.2730000000000001,0.5741644130755307,0.42670713219767054,0.23331904761904765,0.24314589985265872,0.19947404743048866,raw_frequencies,poststratified,0.15370713219767046,0.052403633476866975,True
leave_one_epsilon_out,1,0.5,1008,0.5,250,moderate,0.21700000000000008,0.12829467448824297,0.2118531863469648,0.2724461538461539,0.6203302237235552,0.626995486577237,rr_debiased,raw_frequencies,0.08870532551175711,0.0533172463118067,False
leave_one_epsilon_out,1,0.5,1008,0.5,250,none,0.26500000000000007,0.4133112425647104,0.45388676659161986,0.2648031496062993,0.6203302237235552,0.626995486577237,raw_frequencies,raw_frequencies,0.0,0.0533172463118067,False
leave_one_epsilon_out,1,0.5,1008,0.5,250,strong,0.31300000000000006,0.4116556212823551,0.5007804364168946,0.2648031496062993,0.6203302237235552,0.6934628603651423,raw_frequencies,raw_frequencies,0.0,0.0533172463118067,False
leave_one_epsilon_out,1,0.5,1008,0.5,500,moderate,0.25300000000000006,0.16583402366985267,0.1978669065435913,0.2724461538461539,0.48988760083764193,0.626995486577237,rr_debiased,raw_frequencies,0.08716597633014739,0.0533172463118067,False
leave_one_epsilon_out,1,0.5,1008,0.5,500,none,0.30100000000000005,0.3441618343110305,0.34804460806799736,0.2724461538461539,0.48988760083764193,0.47566860285329626,raw_frequencies,raw_frequencies,0.0,0.0533172463118067,False
leave_one_epsilon_out,1,0.5,1008,0.5,500,strong,0.2290000000000001,0.09164733724412155,0.21309033721680176,0.2648031496062993,0.48988760083764193,0.6934628603651423,rr_debiased,raw_frequencies,0.13735266275587854,0.0533172463118067,False
leave_one_epsilon_out,1,0.5,1008,0.5,1000,moderate,0.23500000000000004,0.15914112421544618,0.09355783666948422,0.2648031496062993,0.3744065393364515,0.4659427023757644,poststratified,raw_frequencies,0.14144216333051582,0.0533172463118067,False
leave_one_epsilon_out,1,0.5,1008,0.5,1000,none,0.2430000000000001,0.030846449727203296,0.03638165768898266,0.2648031496062993,0.36812981362702724,0.3625652465304861,rr_debiased,raw_frequencies,0.2121535502727968,0.0533172463118067,False
leave_one_epsilon_out,1,0.5,1008,0.5,1000,strong,0.22700000000000004,0.30537766265331656,0.2372402311850651,0.2648031496062993,0.43222944543303077,0.4659427023757644,raw_frequencies,raw_frequencies,0.0,0.0533172463118067,False
leave_one_epsilon_out,1,0.5,1008,0.5,2000,moderate,0.2290000000000001,0.060800887516918145,0.2747716001942033,0.2648031496062993,0.3744065393364515,0.4659427023757644,rr_debiased,raw_frequencies,0.16819911248308195,0.0533172463118067,False
leave_one_epsilon_out,1,0.5,1008,0.5,2000,none,0.2260000000000001,0.12539423072978392,0.11513259442012994,0.2648031496062993,0.2563347289067596,0.23676882275191513,poststratified,poststratified,0.0,0.0533172463118067,True
leave_one_epsilon_out,1,0.5,1008,0.5,2000,strong,0.19300000000000006,0.26328224843089276,0.11727015248022707,0.2648031496062993,0.43222944543303077,0.37772884976643945,poststratified,raw_frequencies,0.07572984751977299,0.0533172463118067,False
leave_one_epsilon_out,2,1.0,1008,1.0,250,moderate,0.15300000000000008,0.11598603695854753,0.01656951753234412,0.23331904761904745,0.32430870810624346,0.315457035762629,poststratified,raw_frequencies,0.13643048246765596,0.06403578290935355,False
leave_one_epsilon_out,2,1.0,1008,1.0,250,none,0.15300000000000002,0.19279068274773045,0.2136067785330392,0.2551562499999999,0.32430870810624346,0.315457035762629,raw_frequencies,raw_frequencies,0.0,0.06403578290935355,True
leave_one_epsilon_out,2,1.0,1008,1.0,250,strong,0.15300000000000008,0.13795347792341145,0.23742240667737208,0.23331904761904745,0.46849503454977365,0.4398924958733276,rr_debiased,raw_frequencies,0.015046522076588631,0.06403578290935355,False
leave_one_epsilon_out,2,1.0,1008,1.0,500,moderate,0.19300000000000006,0.09278604979549934,0.08709376569006069,0.23331904761904745,0.21714440740316213,0.315457035762629,poststratified,rr_debiased,0.00569228410543865,0.06403578290935355,True
leave_one_epsilon_out,2,1.0,1008,1.0,500,none,0.24900000000000005,0.20254185703197797,0.2054846386068962,0.2551562499999999,0.21714440740316213,0.315457035762629,rr_debiased,rr_debiased,0.0,0.06403578290935355,True
leave_one_epsilon_out,2,1.0,1008,1.0,500,strong,0.24500000000000005,0.31246045944413764,0.41098205402746235,0.23331904761904745,0.3272652644670899,0.4398924958733276,raw_frequencies,raw_frequencies,0.0,0.06403578290935355,False
leave_one_epsilon_out,2,1.0,1008,1.0,1000,moderate,0.191,0.21909883534346625,0.15720056857930453,0.20847826086956525,0.21714440740316213,0.16525538763569586,poststratified,poststratified,0.0,0.06403578290935355,True
leave_one_epsilon_out,2,1.0,1008,1.0,1000,none,0.19100000000000006,0.03237558714212371,0.04462177919385485,0.2328526315789474,0.21714440740316213,0.16525538763569586,rr_debiased,poststratified,0.012246192051731136,0.06403578290935355,True
leave_one_epsilon_out,2,1.0,1008,1.0,1000,strong,0.18400000000000005,0.26975812371259433,0.06144835697937978,0.23331904761904745,0.21714440740316213,0.2468786939839766,poststratified,rr_debiased,0.20830976673321455,0.06403578290935355,True
leave_one_epsilon_out,2,1.0,1008,1.0,2000,moderate,0.19200000000000006,0.0433593076245557,0.11003585379507644,0.23331904761904745,0.21714440740316213,0.16525538763569586,rr_debiased,poststratified,0.06667654617052074,0.06403578290935355,True
leave_one_epsilon_out,2,1.0,1008,1.0,2000,none,0.15600000000000008,0.0967645261142917,0.0972415740170555,0.2328526315789474,0.21714440740316213,0.16525538763569586,rr_debiased,poststratified,0.0004770479027637886,0.06403578290935355,True
leave_one_epsilon_out,2,1.0,1008,1.0,2000,strong,0.17900000000000005,0.23406103214469062,0.13805488816491054,0.23331904761904745,0.3272652644670899,0.2468786939839766,poststratified,raw_frequencies,0.040945111835089504,0.06403578290935355,True
leave_one_epsilon_out,3,2.0,1008,2.0,250,moderate,0.184,0.18900856456798923,0.054313013850772696,0.18550666666666674,0.31690358059204016,0.17635526461516213,poststratified,poststratified,0.0,0.0867137106996288,True
leave_one_epsilon_out,3,2.0,1008,2.0,250,none,0.08800000000000002,0.14814559765581808,0.11377862865852773,0.20158620689655177,0.2285001265358877,0.17635526461516213,raw_frequencies,poststratified,0.025778628658527702,0.0867137106996288,True
leave_one_epsilon_out,3,2.0,1008,2.0,250,strong,0.12800000000000003,0.1128763273778422,0.215193881033322,0.22204761904761905,0.31690358059204016,0.2990652079890661,rr_debiased,raw_frequencies,0.01512367262215783,0.0867137106996288,True
leave_one_epsilon_out,3,2.0,1008,2.0,500,moderate,0.088,0.11287632737784217,0.07034807521897604,0.18550666666666674,0.1154332760156177,0.17635526461516213,poststratified,rr_debiased,0.04252825215886613,0.0867137106996288,True
leave_one_epsilon_out,3,2.0,1008,2.0,500,none,0.09300000000000005,0.04233778682189035,0.03479124219381771,0.20158620689655177,0.1154332760156177,0.17635526461516213,poststratified,rr_debiased,0.007546544628072638,0.0867137106996288,True
leave_one_epsilon_out,3,2.0,1008,2.0,500,strong,0.20400000000000004,0.27746625534173,0.03767752340922986,0.22204761904761905,0.24984892029531733,0.2990652079890661,poststratified,raw_frequencies,0.16632247659077018,0.0867137106996288,True
leave_one_epsilon_out,3,2.0,1008,2.0,1000,moderate,0.13000000000000003,0.11581543323434024,0.019351549414642122,0.18273076923076925,0.1154332760156177,0.0896747644210735,poststratified,poststratified,0.0,0.0867137106996288,True
leave_one_epsilon_out,3,2.0,1008,2.0,1000,none,0.061000000000000026,0.04731020878276873,0.044996606420544705,0.1811153846153847,0.1154332760156177,0.0896747644210735,poststratified,poststratified,0.0,0.0867137106996288,True
leave_one_epsilon_out,3,2.0,1008,2.0,1000,strong,0.19400000000000003,0.21868413821177,0.07970553581631679,0.18273076923076925,0.24984892029531733,0.14653975563591798,poststratified,poststratified,0.0,0.0867137106996288,True
leave_one_epsilon_out,3,2.0,1008,2.0,2000,moderate,0.13800000000000004,0.12316319787558525,0.0239705898688867,0.17209090909090916,0.1154332760156177,0.0896747644210735,poststratified,poststratified,0.0,0.0867137106996288,True
leave_one_epsilon_out,3,2.0,1008,2.0,2000,none,0.09500000000000003,0.008253554393362672,0.009016046525828186,0.1811153846153847,0.1154332760156177,0.0896747644210735,rr_debiased,poststratified,0.0007624921324655143,0.0867137106996288,True
leave_one_epsilon_out,3,2.0,1008,2.0,2000,strong,0.15100000000000005,0.15549336229706315,0.06959040251673579,0.18273076923076925,0.24984892029531733,0.0896747644210735,poststratified,poststratified,0.0,0.0867137106996288,False
leave_one_epsilon_out,0,0.25,1009,0.25,250,moderate,0.24900000000000005,0.6833288261510612,0.33295639756298295,0.23331904761904765,0.3241274230202852,0.3498167652585278,raw_frequencies,raw_frequencies,0.0,0.052403633476866975,False
leave_one_epsilon_out,0,0.25,1009,0.25,250,none,0.313,0.5383319465080183,0.4798588413292062,0.2328526315789474,0.2687476371453217,0.3498167652585278,raw_frequencies,raw_frequencies,0.0,0.052403633476866975,True
leave_one_epsilon_out,0,0.25,1009,0.25,250,strong,0.281,0.16833402674599052,0.8466363393492309,0.23331904761904765,0.46085905497323176,0.520072405158256,rr_debiased,raw_frequencies,0.11266597325400951,0.052403633476866975,False
leave_one_epsilon_out,0,0.25,1009,0.25,500,moderate,0.20900000000000007,0.37499999999999994,0.5649594151085929,0.23331904761904765,0.344025258498005,0.34718447576262945,raw_frequencies,raw_frequencies,0.0,0.052403633476866975,False
leave_one_epsilon_out,0,0.25,1009,0.25,500,none,0.24900000000000005,0.22083142644852544,0.20543209269822388,0.2328526315789474,0.2687476371453217,0.2840593519129284,poststratified,raw_frequencies,0.043567907301776176,0.052403633476866975,True
leave_one_epsilon_out,0,0.25,1009,0.25,500,strong,0.2850000000000001,0.34291571322426273,0.5599309612363419,0.23331904761904765,0.344025258498005,0.34718447576262945,raw_frequencies,raw_frequencies,0.0,0.052403633476866975,False
leave_one_epsilon_out,0,0.25,1009,0.25,1000,moderate,0.2430000000000001,0.27103850297141807,0.20713869984586936,0.20847826086956522,0.2108581181668117,0.18475296788865145,poststratified,poststratified,0.0,0.052403633476866975,True
leave_one_epsilon_out,0,0.25,1009,0.25,1000,none,0.23700000000000004,0.6745785661213148,0.720135434524401,0.2328526315789474,0.15741167615954943,0.18475296788865145,raw_frequencies,rr_debiased,0.4375785661213148,0.052403633476866975,True
leave_one_epsilon_out,0,0.25,1009,0.25,1000,strong,0.30500000000000005,0.44583246656751185,0.9308953433355709,0.23331904761904765,0.344025258498005,0.2894213255063377,raw_frequencies,raw_frequencies,0.0,0.052403633476866975,False
leave_one_epsilon_out,0,0.25,1009,0.25,2000,moderate,0.28300000000000003,0.25041623328375595,0.2139312718436303,0.23331904761904765,0.2108581181668117,0.14717581321931875,poststratified,poststratified,0.0,0.052403633476866975,False
leave_one_epsilon_out,0,0.25,1009,0.25,2000,none,0.267,0.0451045783804318,0.03769316857336208,0.2328526315789474,0.15741167615954943,0.14717581321931875,poststratified,poststratified,0.0,0.052403633476866975,True
leave_one_epsilon_out,0,0.25,1009,0.25,2000,strong,0.23700000000000004,0.34041311292679843,0.5391639592215798,0.23331904761904765,0.24314589985265872,0.19947404743048866,raw_frequencies,poststratified,0.30216395922157974,0.052403633476866975,True
leave_one_epsilon_out,1,0.5,1009,0.5,250,moderate,0.24100000000000005,0.4583071005455934,0.6249874718028882,0.2724461538461539,0.6203302237235552,0.626995486577237,raw_frequencies,raw_frequencies,0.0,0.0533172463118067,False
leave_one_epsilon_out,1,0.5,1009,0.5,250,none,0.24900000000000005,0.23332781064117744,0.2581112753854377,0.2648031496062993,0.6203302237235552,0.626995486577237,rr_debiased,raw_frequencies,0.015672189358822614,0.0533172463118067,False
leave_one_epsilon_out,1,0.5,1009,0.5,250,strong,0.176,0.6234492592317864,0.5620266987313485,0.2648031496062993,0.6203302237235552,0.6934628603651423,raw_frequencies,raw_frequencies,0.0,0.0533172463118067,False
leave_one_epsilon_out,1,0.5,1009,0.5,500,moderate,0.25300000000000006,0.21082988165073585,0.23315832248736942,0.2648031496062993,0.48988760083764193,0.6934628603651423,rr_debiased,raw_frequencies,0.04217011834926421,0.0533172463118067,False
leave_one_epsilon_out,1,0.5,1009,0.5,500,none,0.22500000000000003,0.1266390532058877,0.16796010406408127,0.2724461538461539,0.48988760083764193,0.47566860285329626,rr_debiased,raw_frequencies,0.09836094679411234,0.0533172463118067,False
leave_one_epsilon_out,1,0.5,1009,0.5,500,strong,0.341,0.5691411242154462,0.7649401769801227,0.2648031496062993,0.48988760083764193,0.6934628603651423,raw_frequencies,raw_frequencies,0.0,0.0533172463118067,False
leave_one_epsilon_out,1,0.5,1009,0.5,1000,moderate,0.25300000000000006,0.18833195266029423,0.17491013821873147,0.2648031496062993,0.36812981362702724,0.3625652465304861,poststratified,raw_frequencies,0.07808986178126859,0.0533172463118067,False
leave_one_epsilon_out,1,0.5,1009,0.5,1000,none,0.2370000000000001,0.05790044375845915,0.08277490284791197,0.2648031496062993,0.36812981362702724,0.3625652465304861,rr_debiased,raw_frequencies,0.17909955624154095,0.0533172463118067,False
leave_one_epsilon_out,1,0.5,1009,0.5,1000,strong,0.19200000000000006,0.5753528105386155,0.3268981142026004,0.2946190476190476,0.43222944543303077,0.37772884976643945,raw_frequencies,raw_frequencies,0.0,0.0533172463118067,False
leave_one_epsilon_out,1,0.5,1009,0.5,2000,moderate,0.25000000000000006,0.17708298816507345,0.06623064016494276,0.2724461538461539,0.2563347289067596,0.23676882275191513,poststratified,poststratified,0.0,0.0533172463118067,True
leave_one_epsilon_out,1,0.5,1009,0.5,2000,none,0.25600000000000006,0.0910601331685626,0.08846986922681954,0.2648031496062993,0.2563347289067596,0.23676882275191513,poststratified,poststratified,0.0,0.0533172463118067,True
leave_one_epsilon_out,1,0.5,1009,0.5,2000,strong,0.21100000000000002,0.2603818046724334,0.34336026165356015,0.2648031496062993,0.43222944543303077,0.4659427023757644,raw_frequencies,raw_frequencies,0.0,0.0533172463118067,False
leave_one_epsilon_out,2,1.0,1009,1.0,250,moderate,0.2730000000000001,0.33442790040900156,0.32177610160259223,0.23331904761904745,0.32430870810624346,0.315457035762629,raw_frequencies,raw_frequencies,0.0,0.06403578290935355,False
leave_one_epsilon_out,2,1.0,1009,1.0,250,none,0.201,0.10368837269009062,0.13669677679155806,0.2551562499999999,0.32430870810624346,0.315457035762629,rr_debiased,raw_frequencies,0.09731162730990939,0.06403578290935355,True
leave_one_epsilon_out,2,1.0,1009,1.0,250,strong,0.23200000000000004,0.3344279004090015,0.13758776965753924,0.23331904761904745,0.46849503454977365,0.4398924958733276,poststratified,raw_frequencies,0.0944122303424608,0.06403578290935355,False
leave_one_epsilon_out,2,1.0,1009,1.0,500,moderate,0.1650000000000001,0.09393719840584333,0.15136175458255213,0.23331904761904745,0.21714440740316213,0.315457035762629,rr_debiased,rr_debiased,0.0,0.06403578290935355,True
leave_one_epsilon_out,2,1.0,1009,1.0,500,none,0.23300000000000004,0.2245906955846822,0.24054928466118874,0.20847826086956525,0.21714440740316213,0.315457035762629,rr_debiased,raw_frequencies,0.008409304415317842,0.06403578290935355,True
leave_one_epsilon_out,2,1.0,1009,1.0,500,strong,0.17600000000000005,0.21483952130043477,0.1928466319104417,0.23331904761904745,0.21714440740316213,0.4398924958733276,raw_frequencies,rr_debiased,0.03883952130043472,0.06403578290935355,True
leave_one_epsilon_out,2,1.0,1009,1.0,1000,moderate,0.203,0.14770465220765877,0.041919987712032813,0.23331904761904745,0.21714440740316213,0.2468786939839766,poststratified,rr_debiased,0.10578466449562596,0.06403578290935355,True
leave_one_epsilon_out,2,1.0,1009,1.0,1000,none,0.19300000000000006,0.04885116786577162,0.04315285897446078,0.2328526315789474,0.21714440740316213,0.16525538763569586,poststratified,poststratified,0.0,0.06403578290935355,True
leave_one_epsilon_out,2,1.0,1009,1.0,1000,strong,0.1670000000000001,0.14344533816462743,0.1492381536468931,0.23331904761904745,0.3272652644670899,0.2468786939839766,rr_debiased,raw_frequencies,0.023554661835372664,0.06403578290935355,True
leave_one_epsilon_out,2,1.0,1009,1.0,2000,moderate,0.1680000000000001,0.1297156875615875,0.08043325743403745,0.23331904761904745,0.21714440740316213,0.16525538763569586,poststratified,poststratified,0.0,0.06403578290935355,True
leave_one_epsilon_out,2,1.0,1009,1.0,2000,none,0.1600000000000001,0.18463428997374715,0.19192923751608026,0.2328526315789474,0.21714440740316213,0.16525538763569586,raw_frequencies,poststratified,0.03192923751608018,0.06403578290935355,True
leave_one_epsilon_out,2,1.0,1009,1.0,2000,strong,0.20400000000000001,0.2917255646774581,0.18829276686187618,0.23331904761904745,0.3272652644670899,0.2468786939839766,poststratified,raw_frequencies,0.015707233138123833,0.06403578290935355,True
leave_one_epsilon_out,3,2.0,1009,2.0,250,moderate,0.10500000000000004,0.03617506003009366,0.11434833652118681,0.18550666666666674,0.2285001265358877,0.17635526461516213,rr_debiased,poststratified,0.07817327649109315,0.0867137106996288,True
leave_one_epsilon_out,3,2.0,1009,2.0,250,none,0.12100000000000005,0.05968790688207756,0.06674182024166506,0.18550666666666674,0.2285001265358877,0.17635526461516213,rr_debiased,poststratified,0.007053913359587494,0.0867137106996288,True
leave_one_epsilon_out,3,2.0,1009,2.0,250,strong,0.168,0.25395340848974596,0.10755244120313653,0.22204761904761905,0.31690358059204016,0.17635526461516213,poststratified,poststratified,0.0,0.0867137106996288,True
leave_one_epsilon_out,3,2.0,1009,2.0,500,moderate,0.12000000000000002,0.14814559765581817,0.04452389705974924,0.20158620689655177,0.1154332760156177,0.17635526461516213,poststratified,rr_debiased,0.10362170059606893,0.0867137106996288,True
leave_one_epsilon_out,3,2.0,1009,2.0,500,none,0.08400000000000005,0.08348526881286228,0.08635974639910027,0.20158620689655177,0.1154332760156177,0.17635526461516213,rr_debiased,rr_debiased,0.0,0.0867137106996288,True
leave_one_epsilon_out,3,2.0,1009,2.0,500,strong,0.13600000000000004,0.18929307964679012,0.2500553594600819,0.22204761904761905,0.24984892029531733,0.2990652079890661,raw_frequencies,raw_frequencies,0.0,0.0867137106996288,True
leave_one_epsilon_out,3,2.0,1009,2.0,1000,moderate,0.172,0.17137392942900134,0.10308377725672288,0.17209090909090916,0.1154332760156177,0.0896747644210735,poststratified,poststratified,0.0,0.0867137106996288,True
leave_one_epsilon_out,3,2.0,1009,2.0,1000,none,0.10300000000000004,0.014411014203689204,0.015468583075708642,0.1811153846153847,0.1154332760156177,0.0896747644210735,rr_debiased,poststratified,0.0010575688720194376,0.0867137106996288,True
leave_one_epsilon_out,3,2.0,1009,2.0,1000,strong,0.19600000000000004,0.27746625534173,0.09439547380468921,0.18273076923076925,0.24984892029531733,0.14653975563591798,poststratified,poststratified,0.0,0.0867137106996288,True
leave_one_epsilon_out,3,2.0,1009,2.0,2000,moderate,0.10900000000000001,0.1393282800863242,0.04849673046794051,0.17209090909090916,0.1154332760156177,0.0896747644210735,poststratified,poststratified,0.0,0.0867137106996288,True
leave_one_epsilon_out,3,2.0,1009,2.0,2000,none,0.09500000000000003,0.01350522445157154,0.013894315105567462,0.19172222222222224,0.1154332760156177,0.0896747644210735,rr_debiased,poststratified,0.0003890906539959216,0.0867137106996288,True
leave_one_epsilon_out,3,2.0,1009,2.0,2000,strong,0.20600000000000004,0.22750145578126407,0.01837758969632014,0.18273076923076925,0.24984892029531733,0.14653975563591798,poststratified,poststratified,0.0,0.0867137106996288,True
leave_one_epsilon_out,0,0.25,1010,0.25,250,moderate,0.26500000000000007,0.07333194650801822,0.27855613397108125,0.23331904761904765,0.3241274230202852,0.3498167652585278,rr_debiased,raw_frequencies,0.19166805349198185,0.052403633476866975,False
leave_one_epsilon_out,0,0.25,1010,0.25,250,none,0.4010000000000001,0.9827488373302087,1.164665072300572,0.25515625,0.2687476371453217,0.3498167652585278,raw_frequencies,raw_frequencies,0.0,0.052403633476866975,True
leave_one_epsilon_out,0,0.25,1010,0.25,250,strong,0.4010000000000001,0.939982169841944,1.625,0.23331904761904765,0.46085905497323176,0.520072405158256,raw_frequencies,raw_frequencies,0.0,0.052403633476866975,False
leave_one_epsilon_out,0,0.25,1010,0.25,500,moderate,0.22500000000000003,0.6985626336744846,0.6827157926344758,0.23331904761904765,0.3241274230202852,0.2840593519129284,raw_frequencies,raw_frequencies,0.0,0.052403633476866975,True
leave_one_epsilon_out,0,0.25,1010,0.25,500,none,0.3370000000000001,0.7849999999999999,0.7849999999999999,0.2328526315789474,0.2687476371453217,0.2840593519129284,raw_frequencies,raw_frequencies,0.0,0.052403633476866975,True
leave_one_epsilon_out,0,0.25,1010,0.25,500,strong,0.35700000000000004,1.0470790861808077,0.45659760446658304,0.23331904761904765,0.344025258498005,0.34718447576262945,raw_frequencies,raw_frequencies,0.0,0.052403633476866975,False
leave_one_epsilon_out,0,0.25,1010,0.25,1000,moderate,0.25300000000000006,0.40583038632953977,0.1918679464922321,0.23331904761904765,0.2108581181668117,0.18475296788865145,poststratified,poststratified,0.0,0.052403633476866975,True
leave_one_epsilon_out,0,0.25,1010,0.25,1000,none,0.30500000000000005,0.4458324665675119,0.4575899389800899,0.2328526315789474,0.15741167615954943,0.18475296788865145,raw_frequencies,rr_debiased,0.14083246656751186,0.052403633476866975,True
leave_one_epsilon_out,0,0.25,1010,0.25,1000,strong,0.2770000000000001,0.27354110326888237,0.19806630648948592,0.23331904761904765,0.344025258498005,0.2894213255063377,poststratified,raw_frequencies,0.07893369351051416,0.052403633476866975,False
leave_one_epsilon_out,0,0.25,1010,0.25,2000,moderate,0.26300000000000007,0.24395629643365233,0.35079931811576637,0.23331904761904765,0.2108581181668117,0.14717581321931875,rr_debiased,poststratified,0.10684302168211404,0.052403633476866975,False
leave_one_epsilon_out,0,0.25,1010,0.25,2000,none,0.331,0.7464557763741594,0.7444373265837874,0.2328526315789474,0.15741167615954943,0.14717581321931875,raw_frequencies,poststratified,0.41343732658378735,0.052403633476866975,True
leave_one_epsilon_out,0,0.25,1010,0.25,2000,strong,0.26200000000000007,0.5445796062403006,0.457335580933182,0.23331904761904765,0.24314589985265872,0.19947404743048866,raw_frequencies,poststratified,0.19533558093318193,0.052403633476866975,True
leave_one_epsilon_out,1,0.5,1010,0.5,250,moderate,0.265,0.14168047339705608,0.18975795614313118,0.2648031496062993,0.6203302237235552,0.626995486577237,rr_debiased,raw_frequencies,0.12331952660294393,0.0533172463118067,False
leave_one_epsilon_out,1,0.5,1010,0.5,250,none,0.24100000000000005,0.09834023669852784,0.11221913835389757,0.2648031496062993,0.6203302237235552,0.47566860285329626,rr_debiased,raw_frequencies,0.1426597633014722,0.0533172463118067,False
leave_one_epsilon_out,1,0.5,1010,0.5,250,strong,0.2970000000000001,0.4133112425647103,0.32443134746715857,0.2648031496062993,0.6203302237235552,0.8379281914021801,raw_frequencies,raw_frequencies,0.0,0.0533172463118067,False
leave_one_epsilon_out,1,0.5,1010,0.5,500,moderate,0.25300000000000006,0.21082988165073585,0.07303937960345211,0.2648031496062993,0.48988760083764193,0.626995486577237,poststratified,raw_frequencies,0.17996062039654795,0.0533172463118067,False
leave_one_epsilon_out,1,0.5,1010,0.5,500,none,0.16900000000000004,0.40463095940860355,0.40863133187803224,0.2648031496062993,0.48988760083764193,0.47566860285329626,raw_frequencies,raw_frequencies,0.0,0.0533172463118067,False
leave_one_epsilon_out,1,0.5,1010,0.5,500,strong,0.23700000000000004,0.14913698219632934,0.4641352243926719,0.2648031496062993,0.48988760083764193,0.6934628603651423,rr_debiased,raw_frequencies,0.0878630178036707,0.0533172463118067,False
leave_one_epsilon_out,1,0.5,1010,0.5,1000,moderate,0.20900000000000002,0.3166266271485375,0.18888315497444094,0.2648031496062993,0.3744065393364515,0.4659427023757644,poststratified,raw_frequencies,0.020116845025559077,0.0533172463118067,False
leave_one_epsilon_out,1,0.5,1010,0.5,1000,none,0.1870000000000001,0.2970291419165546,0.2954774778514254,0.2648031496062993,0.36812981362702724,0.3625652465304861,raw_frequencies,raw_frequencies,0.0,0.0533172463118067,False
leave_one_epsilon_out,1,0.5,1010,0.5,1000,strong,0.26500000000000007,0.19958091715551513,0.28983198934986265,0.2648031496062993,0.43222944543303077,0.4659427023757644,rr_debiased,raw_frequencies,0.06541908284448494,0.0533172463118067,False
leave_one_epsilon_out,1,0.5,1010,0.5,2000,moderate,0.24900000000000005,0.1208381656889694,0.07577979733198498,0.2648031496062993,0.2563347289067596,0.23676882275191513,poststratified,poststratified,0.0,0.0533172463118067,True
leave_one_epsilon_out,1,0.5,1010,0.5,2000,none,0.2290000000000001,0.060800887516918145,0.07206364420117556,0.2648031496062993,0.2563347289067596,0.23676882275191513,rr_debiased,poststratified,0.011262756684257413,0.0533172463118067,True
leave_one_epsilon_out,1,0.5,1010,0.5,2000,strong,0.24100000000000005,0.21645436389834624,0.2756717414965631,0.2648031496062993,0.43222944543303077,0.37772884976643945,rr_debiased,raw_frequencies,0.024545636101653806,0.0533172463118067,False
leave_one_epsilon_out,2,1.0,1010,1.0,250,moderate,0.256,0.40033022330359297,0.24679397175440845,0.20847826086956525,0.32430870810624346,0.315457035762629,poststratified,raw_frequencies,0.009206028245591552,0.06403578290935355,False
leave_one_epsilon_out,2,1.0,1010,1.0,250,none,0.20100000000000007,0.04885116786577162,0.05614237902000402,0.2328526315789474,0.32430870810624346,0.315457035762629,rr_debiased,raw_frequencies,0.15214883213422845,0.06403578290935355,False
leave_one_epsilon_out,2,1.0,1010,1.0,250,strong,0.24900000000000005,0.3344279004090015,0.5000200744213723,0.23331904761904745,0.46849503454977365,0.4398924958733276,raw_frequencies,raw_frequencies,0.0,0.06403578290935355,False
leave_one_epsilon_out,2,1.0,1010,1.0,500,moderate,0.20500000000000002,0.257541857031978,0.12627519294777717,0.23331904761904745,0.21714440740316213,0.4398924958733276,poststratified,rr_debiased,0.13126666408420085,0.06403578290935355,True
leave_one_epsilon_out,2,1.0,1010,1.0,500,none,0.21300000000000002,0.21360697510225032,0.21121205176467958,0.2551562499999999,0.21714440740316213,0.315457035762629,poststratified,rr_debiased,0.0023949233375707424,0.06403578290935355,True
leave_one_epsilon_out,2,1.0,1010,1.0,500,strong,0.23200000000000004,0.3344279004090015,0.1441543884711273,0.23331904761904745,0.21714440740316213,0.4398924958733276,poststratified,rr_debiased,0.1902735119378742,0.06403578290935355,True
leave_one_epsilon_out,2,1.0,1010,1.0,1000,moderate,0.17500000000000004,0.14893719840584319,0.04900480239473254,0.23331904761904745,0.21714440740316213,0.2468786939839766,poststratified,rr_debiased,0.09993239601111065,0.06403578290935355,True
leave_one_epsilon_out,2,1.0,1010,1.0,1000,none,0.19900000000000007,0.03721047549032716,0.03265726340095243,0.2328526315789474,0.21714440740316213,0.16525538763569586,poststratified,poststratified,0.0,0.06403578290935355,True
leave_one_epsilon_out,2,1.0,1010,1.0,1000,strong,0.23200000000000004,0.3344279004090015,0.16728588290869675,0.23331904761904745,0.3272652644670899,0.2468786939839766,poststratified,raw_frequencies,0.06471411709130329,0.06403578290935355,True
leave_one_epsilon_out,2,1.0,1010,1.0,2000,moderate,0.1690000000000001,0.08028894539064382,0.08131454784305336,0.23331904761904745,0.21714440740316213,0.16525538763569586,rr_debiased,poststratified,0.0010256024524095408,0.06403578290935355,True
leave_one_epsilon_out,2,1.0,1010,1.0,2000,none,0.21700000000000008,0.08663721766127092,0.08645574301149414,0.2328526315789474,0.21714440740316213,0.16525538763569586,poststratified,poststratified,0.0,0.06403578290935355,True
leave_one_epsilon_out,2,1.0,1010,1.0,2000,strong,0.15400000000000003,0.23955289238590655,0.1250840056253157,0.23331904761904745,0.3272652644670899,0.2468786939839766,poststratified,raw_frequencies,0.02891599437468434,0.06403578290935355,True
leave_one_epsilon_out,3,2.0,1010,2.0,250,moderate,0.184,0.31273552561970586,0.1545550179507717,0.18550666666666674,0.2285001265358877,0.17635526461516213,poststratified,poststratified,0.0,0.0867137106996288,True
leave_one_epsilon_out,3,2.0,1010,2.0,250,none,0.12100000000000005,0.04086296691217137,0.03936228424316224,0.18550666666666674,0.2285001265358877,0.17635526461516213,poststratified,poststratified,0.0,0.0867137106996288,True
leave_one_epsilon_out,3,2.0,1010,2.0,250,strong,0.14400000000000004,0.21868413821177005,0.19578827543631067,0.22204761904761905,0.31690358059204016,0.2990652079890661,raw_frequencies,raw_frequencies,0.0,0.0867137106996288,True
leave_one_epsilon_out,3,2.0,1010,2.0,500,moderate,0.14,0.12434823572503345,0.045099124222544,0.18550666666666674,0.1154332760156177,0.17635526461516213,poststratified,rr_debiased,0.07924911150248945,0.0867137106996288,True
leave_one_epsilon_out,3,2.0,1010,2.0,500,none,0.06800000000000003,0.06585063367387431,0.073632125238274,0.20158620689655177,0.1154332760156177,0.17635526461516213,rr_debiased,rr_debiased,0.0,0.0867137106996288,True
leave_one_epsilon_out,3,2.0,1010,2.0,500,strong,0.14800000000000005,0.14814559765581817,0.13320710264968938,0.18550666666666674,0.24984892029531733,0.17635526461516213,poststratified,poststratified,0.0,0.0867137106996288,True
leave_one_epsilon_out,3,2.0,1010,2.0,1000,moderate,0.07399999999999998,0.1128763273778422,0.09336948323840755,0.18273076923076925,0.1154332760156177,0.0896747644210735,raw_frequencies,poststratified,0.019369483238407564,0.0867137106996288,True
leave_one_epsilon_out,3,2.0,1010,2.0,1000,none,0.091,0.14604950307278203,0.12275293598230494,0.19172222222222224,0.1154332760156177,0.0896747644210735,raw_frequencies,poststratified,0.03175293598230494,0.0867137106996288,True
leave_one_epsilon_out,3,2.0,1010,2.0,1000,strong,0.15000000000000005,0.1804757620772961,0.010569130169418878,0.18273076923076925,0.24984892029531733,0.14653975563591798,poststratified,poststratified,0.0,0.0867137106996288,True
leave_one_epsilon_out,3,2.0,1010,2.0,2000,moderate,0.09800000000000006,0.08054616295636435,0.0692460742086965,0.18273076923076925,0.1154332760156177,0.0896747644210735,poststratified,poststratified,0.0,0.0867137106996288,True
leave_one_epsilon_out,3,2.0,1010,2.0,2000,none,0.08900000000000005,0.013789739530372325,0.008656228597366061,0.19172222222222224,0.1154332760156177,0.0896747644210735,poststratified,poststratified,0.0,0.0867137106996288,True
leave_one_epsilon_out,3,2.0,1010,2.0,2000,strong,0.214,0.30097910219371377,0.01261542457744741,0.18273076923076925,0.24984892029531733,0.14653975563591798,poststratified,poststratified,0.0,0.0867137106996288,True
leave_one_epsilon_out,0,0.25,1011,0.25,250,moderate,0.20900000000000002,0.6852986074207681,1.1582581630673154,0.23331904761904765,0.3241274230202852,0.3498167652585278,raw_frequencies,raw_frequencies,0.0,0.052403633476866975,False
leave_one_epsilon_out,0,0.25,1011,0.25,250,none,0.2810000000000001,0.704163372956545,0.6790876929291622,0.2328526315789474,0.2687476371453217,0.3498167652585278,raw_frequencies,raw_frequencies,0.0,0.052403633476866975,True
leave_one_epsilon_out,0,0.25,1011,0.25,250,strong,0.20800000000000007,0.9803531540783139,0.4487891150800331,0.23331904761904765,0.46085905497323176,0.520072405158256,raw_frequencies,raw_frequencies,0.0,0.052403633476866975,False
leave_one_epsilon_out,0,0.25,1011,0.25,500,moderate,0.30900000000000005,0.4920822065377654,0.33347431427703744,0.25515625,0.3241274230202852,0.2840593519129284,raw_frequencies,raw_frequencies,0.0,0.052403633476866975,True
leave_one_epsilon_out,0,0.25,1011,0.25,500,none,0.26100000000000007,0.1195816864782718,0.10935428638676017,0.2328526315789474,0.3241274230202852,0.2840593519129284,poststratified,raw_frequencies,0.1516457136132399,0.052403633476866975,True
leave_one_epsilon_out,0,0.25,1011,0.25,500,strong,0.24900000000000005,0.3133309063890326,0.7195255900074635,0.23331904761904765,0.344025258498005,0.34718447576262945,raw_frequencies,raw_frequencies,0.0,0.052403633476866975,False
leave_one_epsilon_out,0,0.25,1011,0.25,1000,moderate,0.317,0.6204141530457842,0.5717702285310814,0.23331904761904765,0.344025258498005,0.2894213255063377,raw_frequencies,raw_frequencies,0.0,0.052403633476866975,False
leave_one_epsilon_out,0,0.25,1011,0.25,1000,none,0.2290000000000001,0.3749999999999999,0.37499999999999983,0.25515625,0.15741167615954943,0.18475296788865145,raw_frequencies,rr_debiased,0.1459999999999998,0.052403633476866975,True
leave_one_epsilon_out,0,0.25,1011,0.25,1000,strong,0.23300000000000004,0.5598620123171829,0.4463603441383504,0.23331904761904765,0.344025258498005,0.2894213255063377,raw_frequencies,raw_frequencies,0.0,0.052403633476866975,False
leave_one_epsilon_out,0,0.25,1011,0.25,2000,moderate,0.24000000000000005,0.3057258079491083,0.3423099284940009,0.23331904761904765,0.2108581181668117,0.14717581321931875,raw_frequencies,poststratified,0.10230992849400083,0.052403633476866975,False
leave_one_epsilon_out,0,0.25,1011,0.25,2000,none,0.2700000000000001,0.3197908432391359,0.32060853372731657,0.2328526315789474,0.15741167615954943,0.14717581321931875,raw_frequencies,poststratified,0.050608533727316496,0.052403633476866975,True
leave_one_epsilon_out,0,0.25,1011,0.25,2000,strong,0.25200000000000006,0.1669765880383475,0.2750641539400762,0.23331904761904765,0.24314589985265872,0.19947404743048866,rr_debiased,poststratified,0.10808756590172872,0.052403633476866975,True
leave_one_epsilon_out,1,0.5,1011,0.5,250,moderate,0.2970000000000001,0.45830710054559354,0.5168631831145718,0.2648031496062993,0.6203302237235552,0.626995486577237,raw_frequencies,raw_frequencies,0.0,0.0533172463118067,False
leave_one_epsilon_out,1,0.5,1011,0.5,250,none,0.20900000000000002,0.39661420109118706,0.29683991200018195,0.2648031496062993,0.6203302237235552,0.47566860285329626,raw_frequencies,raw_frequencies,0.0,0.0533172463118067,False
leave_one_epsilon_out,1,0.5,1011,0.5,250,strong,0.201,0.5416059170529534,0.3355256510033304,0.2648031496062993,0.6203302237235552,0.6934628603651423,raw_frequencies,raw_frequencies,0.0,0.0533172463118067,False
leave_one_epsilon_out,1,0.5,1011,0.5,500,moderate,0.2850000000000001,0.45830710054559354,0.46257739743160864,0.2724461538461539,0.48988760083764193,0.626995486577237,raw_frequencies,raw_frequencies,0.0,0.0533172463118067,False
leave_one_epsilon_out,1,0.5,1011,0.5,500,none,0.313,0.4116556212823549,0.37611444567924707,0.2648031496062993,0.48988760083764193,0.47566860285329626,raw_frequencies,raw_frequencies,0.0,0.0533172463118067,False
leave_one_epsilon_out,1,0.5,1011,0.5,500,strong,0.24500000000000005,0.16583402366985261,0.28207257227980653,0.2946190476190476,0.7422391027984748,0.8379281914021801,rr_debiased,raw_frequencies,0.07916597633014744,0.0533172463118067,False
leave_one_epsilon_out,1,0.5,1011,0.5,1000,moderate,0.23500000000000004,0.11414526623456289,0.16468408002218582,0.2724461538461539,0.3744065393364515,0.4659427023757644,rr_debiased,raw_frequencies,0.12085473376543715,0.0533172463118067,False
leave_one_epsilon_out,1,0.5,1011,0.5,1000,none,0.2270000000000001,0.11414526623456314,0.11645670251183554,0.2724461538461539,0.36812981362702724,0.3625652465304861,rr_debiased,raw_frequencies,0.11285473376543695,0.0533172463118067,False
leave_one_epsilon_out,1,0.5,1011,0.5,1000,strong,0.22900000000000004,0.3841204141198622,0.15714146883943364,0.2946190476190476,0.43222944543303077,0.37772884976643945,poststratified,raw_frequencies,0.0718585311605664,0.0533172463118067,False
leave_one_epsilon_out,1,0.5,1011,0.5,2000,moderate,0.2370000000000001,0.052275961510848734,0.12003066565193293,0.2724461538461539,0.2563347289067596,0.23676882275191513,rr_debiased,poststratified,0.0677547041410842,0.0533172463118067,True
leave_one_epsilon_out,1,0.5,1011,0.5,2000,none,0.22700000000000004,0.14351249994871887,0.1336351284712818,0.2648031496062993,0.2563347289067596,0.23676882275191513,poststratified,poststratified,0.0,0.0533172463118067,True
leave_one_epsilon_out,1,0.5,1011,0.5,2000,strong,0.21100000000000002,0.4178673076055246,0.10016513738614913,0.2946190476190476,0.43222944543303077,0.37772884976643945,poststratified,raw_frequencies,0.11083486261385089,0.0533172463118067,False
leave_one_epsilon_out,2,1.0,1011,1.0,250,moderate,0.1770000000000001,0.023199987163048108,0.025045562879727312,0.23331904761904745,0.32430870810624346,0.315457035762629,rr_debiased,raw_frequencies,0.153800012836952,0.06403578290935355,False
leave_one_epsilon_out,2,1.0,1011,1.0,250,none,0.20899999999999996,0.36729766426845684,0.3893464225530456,0.2328526315789474,0.32430870810624346,0.315457035762629,raw_frequencies,raw_frequencies,0.0,0.06403578290935355,False
leave_one_epsilon_out,2,1.0,1011,1.0,250,strong,0.22500000000000003,0.24655813654954611,0.6088513397954116,0.23331904761904745,0.46849503454977365,0.4398924958733276,raw_frequencies,raw_frequencies,0.0,0.06403578290935355,False
leave_one_epsilon_out,2,1.0,1011,1.0,500,moderate,0.189,0.1806558136549546,0.05888204013644868,0.23331904761904745,0.21714440740316213,0.315457035762629,poststratified,rr_debiased,0.1217737735185059,0.06403578290935355,True
leave_one_epsilon_out,2,1.0,1011,1.0,500,none,0.24500000000000005,0.16967209317252258,0.16403995502794583,0.2328526315789474,0.21714440740316213,0.315457035762629,poststratified,rr_debiased,0.005632138144576748,0.06403578290935355,True
leave_one_epsilon_out,2,1.0,1011,1.0,500,strong,0.172,0.35762788757204966,0.205527633901484,0.23331904761904745,0.3272652644670899,0.4398924958733276,raw_frequencies,raw_frequencies,0.0,0.06403578290935355,False
leave_one_epsilon_out,2,1.0,1011,1.0,1000,moderate,0.203,0.19713139437860244,0.13512288793949814,0.20847826086956525,0.21714440740316213,0.16525538763569586,poststratified,poststratified,0.0,0.06403578290935355,True
leave_one_epsilon_out,2,1.0,1011,1.0,1000,none,0.1790000000000001,0.039099993581524106,0.03643727965984864,0.2328526315789474,0.21714440740316213,0.16525538763569586,poststratified,poststratified,0.0,0.06403578290935355,True
leave_one_epsilon_out,2,1.0,1011,1.0,1000,strong,0.1730000000000001,0.1324616176821955,0.23867367328485734,0.23331904761904745,0.3272652644670899,0.2468786939839766,rr_debiased,raw_frequencies,0.0405383823178046,0.06403578290935355,True
leave_one_epsilon_out,2,1.0,1011,1.0,2000,moderate,0.1740000000000001,0.11598603695854753,0.029524383887541472,0.23331904761904745,0.21714440740316213,0.16525538763569586,poststratified,poststratified,0.0,0.06403578290935355,True
leave_one_epsilon_out,2,1.0,1011,1.0,2000,none,0.20300000000000007,0.04819419597275909,0.048509774860087174,0.2328526315789474,0.21714440740316213,0.16525538763569586,rr_debiased,poststratified,0.0003155788873280829,0.06403578290935355,True
leave_one_epsilon_out,2,1.0,1011,1.0,2000,strong,0.16499999999999998,0.305455215280498,0.11241628777245721,0.23331904761904745,0.3272652644670899,0.2468786939839766,poststratified,raw_frequencies,0.05258371222754277,0.06403578290935355,True
leave_one_epsilon_out,3,2.0,1011,2.0,250,moderate,0.168,0.21868413821176996,0.027924088650561008,0.18550666666666674,0.2285001265358877,0.17635526461516213,poststratified,poststratified,0.0,0.0867137106996288,True
leave_one_epsilon_out,3,2.0,1011,2.0,250,none,0.06500000000000003,0.041431997069772686,0.027681281788399986,0.20158620689655177,0.2285001265358877,0.17635526461516213,poststratified,poststratified,0.0,0.0867137106996288,True
leave_one_epsilon_out,3,2.0,1011,2.0,250,strong,0.11200000000000007,0.0893634805258583,0.13692495778733083,0.20242307692307696,0.31690358059204016,0.2990652079890661,rr_debiased,raw_frequencies,0.022636519474141775,0.0867137106996288,False
leave_one_epsilon_out,3,2.0,1011,2.0,500,moderate,0.21600000000000003,0.23603425827195723,0.13988755847465018,0.20158620689655177,0.1154332760156177,0.17635526461516213,poststratified,rr_debiased,0.09614669979730706,0.0867137106996288,True
leave_one_epsilon_out,3,2.0,1011,2.0,500,none,0.06499999999999997,0.09314559765581812,0.09341316352871398,0.20158620689655177,0.1154332760156177,0.17635526461516213,raw_frequencies,rr_debiased,0.028145597655818144,0.0867137106996288,True
leave_one_epsilon_out,3,2.0,1011,2.0,500,strong,0.184,0.31273552561970586,0.15064823454855203,0.20242307692307696,0.24984892029531733,0.2990652079890661,poststratified,raw_frequencies,0.03335176545144797,0.0867137106996288,True
leave_one_epsilon_out,3,2.0,1011,2.0,1000,moderate,0.11400000000000002,0.15402380936881416,0.07647495835913037,0.17209090909090916,0.1154332760156177,0.0896747644210735,poststratified,poststratified,0.0,0.0867137106996288,True
leave_one_epsilon_out,3,2.0,1011,2.0,1000,none,0.09900000000000003,0.03617506003009366,0.026395586048494013,0.1811153846153847,0.1154332760156177,0.0896747644210735,poststratified,poststratified,0.0,0.0867137106996288,True
leave_one_epsilon_out,3,2.0,1011,2.0,1000,strong,0.162,0.20104950307278202,0.04965753317452806,0.18273076923076925,0.24984892029531733,0.0896747644210735,poststratified,poststratified,0.0,0.0867137106996288,False
leave_one_epsilon_out,3,2.0,1011,2.0,2000,moderate,0.059000000000000025,0.08054616295636435,0.07441912102149459,0.19172222222222224,0.1154332760156177,0.0896747644210735,raw_frequencies,poststratified,0.015419121021494564,0.0867137106996288,True
leave_one_epsilon_out,3,2.0,1011,2.0,2000,none,0.08000000000000004,0.06732018660212333,0.060874562988827124,0.1811153846153847,0.1154332760156177,0.0896747644210735,poststratified,poststratified,0.0,0.0867137106996288,True
leave_one_epsilon_out,3,2.0,1011,2.0,2000,strong,0.18400000000000002,0.253953408489746,0.024047690454129245,0.18273076923076925,0.24984892029531733,0.14653975563591798,poststratified,poststratified,0.0,0.0867137106996288,True
leave_one_epsilon_out,0,0.25,1012,0.25,250,moderate,0.1690000000000001,0.37499999999999994,0.39819362939143027,0.23331904761904765,0.3241274230202852,0.3498167652585278,raw_frequencies,raw_frequencies,0.0,0.052403633476866975,False
leave_one_epsilon_out,0,0.25,1012,0.25,250,none,0.3050000000000001,0.5741644130755306,0.49592915945567856,0.2328526315789474,0.3241274230202852,0.3498167652585278,raw_frequencies,raw_frequencies,0.0,0.052403633476866975,False
leave_one_epsilon_out,0,0.25,1012,0.25,250,strong,0.09700000000000003,0.375,0.624355413087896,0.23331904761904765,0.46085905497323176,0.520072405158256,raw_frequencies,raw_frequencies,0.0,0.052403633476866975,False
leave_one_epsilon_out,0,0.25,1012,0.25,500,moderate,0.23300000000000004,0.37499999999999994,0.49927174511380606,0.20847826086956522,0.3241274230202852,0.2840593519129284,raw_frequencies,raw_frequencies,0.0,0.052403633476866975,False
leave_one_epsilon_out,0,0.25,1012,0.25,500,none,0.36500000000000005,0.896867583753597,0.89890004954624,0.2328526315789474,0.2687476371453217,0.2840593519129284,raw_frequencies,raw_frequencies,0.0,0.052403633476866975,True
leave_one_epsilon_out,0,0.25,1012,0.25,500,strong,0.2970000000000001,0.8054131129267986,0.7002485230118648,0.23331904761904765,0.344025258498005,0.34718447576262945,raw_frequencies,raw_frequencies,0.0,0.052403633476866975,False
leave_one_epsilon_out,0,0.25,1012,0.25,1000,moderate,0.25100000000000006,0.4058303863295398,0.5313562549726117,0.23331904761904765,0.2108581181668117,0.2894213255063377,raw_frequencies,rr_debiased,0.15483038632953977,0.052403633476866975,True
leave_one_epsilon_out,0,0.25,1012,0.25,1000,none,0.28300000000000003,0.19145889673111732,0.1476387443422506,0.2328526315789474,0.15741167615954943,0.18475296788865145,poststratified,rr_debiased,0.04382015238886672,0.052403633476866975,True
leave_one_epsilon_out,0,0.25,1012,0.25,1000,strong,0.22100000000000009,0.37500000000000006,0.1696863730830284,0.23331904761904765,0.344025258498005,0.2894213255063377,poststratified,raw_frequencies,0.051313626916971694,0.052403633476866975,False
leave_one_epsilon_out,0,0.25,1012,0.25,2000,moderate,0.2700000000000001,0.16947918833581177,0.06866937246754073,0.23331904761904765,0.2108581181668117,0.14717581321931875,poststratified,poststratified,0.0,0.052403633476866975,False
leave_one_epsilon_out,0,0.25,1012,0.25,2000,none,0.278,0.13760405832093897,0.15171348179095256,0.2328526315789474,0.15741167615954943,0.14717581321931875,rr_debiased,poststratified,0.014109423470013593,0.052403633476866975,True
leave_one_epsilon_out,0,0.25,1012,0.25,2000,strong,0.25900000000000006,0.5677044762254273,0.6508778573507218,0.23331904761904765,0.24314589985265872,0.19947404743048866,raw_frequencies,poststratified,0.3918778573507217,0.052403633476866975,True
leave_one_epsilon_out,1,0.5,1012,0.5,250,moderate,0.22500000000000003,0.27163076916765416,0.33387665509312225,0.2724461538461539,0.6203302237235552,0.626995486577237,raw_frequencies,raw_frequencies,0.0,0.0533172463118067,False
leave_one_epsilon_out,1,0.5,1012,0.5,250,none,0.26500000000000007,0.22332366862206066,0.18875904985156405,0.2724461538461539,0.6203302237235552,0.47566860285329626,poststratified,raw_frequencies,0.07624095014843602,0.0533172463118067,False
leave_one_epsilon_out,1,0.5,1012,0.5,250,strong,0.25700000000000006,0.09668461541617307,0.7849034183058758,0.2648031496062993,0.6203302237235552,0.6934628603651423,rr_debiased,raw_frequencies,0.160315384583827,0.0533172463118067,False
leave_one_epsilon_out,1,0.5,1012,0.5,500,moderate,0.1610000000000001,0.37499999999999983,0.3749999999999999,0.2648031496062993,0.48988760083764193,0.626995486577237,raw_frequencies,raw_frequencies,0.0,0.0533172463118067,False
leave_one_epsilon_out,1,0.5,1012,0.5,500,none,0.21700000000000003,0.39661420109118695,0.3820170957718904,0.2724461538461539,0.48988760083764193,0.47566860285329626,raw_frequencies,raw_frequencies,0.0,0.0533172463118067,False
leave_one_epsilon_out,1,0.5,1012,0.5,500,strong,0.19700000000000006,0.2407843194404512,0.43631868695112663,0.2648031496062993,0.48988760083764193,0.8379281914021801,raw_frequencies,raw_frequencies,0.0,0.0533172463118067,False
leave_one_epsilon_out,1,0.5,1012,0.5,1000,moderate,0.22700000000000004,0.2041369821963294,0.04129914473546259,0.2724461538461539,0.36812981362702724,0.3625652465304861,poststratified,raw_frequencies,0.18570085526453745,0.0533172463118067,False
leave_one_epsilon_out,1,0.5,1012,0.5,1000,none,0.25900000000000006,0.10793357991139382,0.1356120801336536,0.2648031496062993,0.36812981362702724,0.3625652465304861,rr_debiased,raw_frequencies,0.15106642008860624,0.0533172463118067,False
leave_one_epsilon_out,1,0.5,1012,0.5,1000,strong,0.26300000000000007,0.24457677513639836,0.34863143352282727,0.2648031496062993,0.3744065393364515,0.4659427023757644,rr_debiased,raw_frequencies,0.018423224863601706,0.0533172463118067,False
leave_one_epsilon_out,1,0.5,1012,0.5,2000,moderate,0.21400000000000008,0.14516812123107425,0.1461890985746213,0.2648031496062993,0.3744065393364515,0.4659427023757644,rr_debiased,raw_frequencies,0.06883187876892582,0.0533172463118067,False
leave_one_epsilon_out,1,0.5,1012,0.5,2000,none,0.21300000000000002,0.23350421591048534,0.23706428980037483,0.2648031496062993,0.2563347289067596,0.23676882275191513,raw_frequencies,poststratified,0.02406428980037481,0.0533172463118067,True
leave_one_epsilon_out,1,0.5,1012,0.5,2000,strong,0.22100000000000003,0.3222511093961479,0.17557549392856858,0.2648031496062993,0.3744065393364515,0.4659427023757644,poststratified,raw_frequencies,0.04542450607143145,0.0533172463118067,False
leave_one_epsilon_out,2,1.0,1012,1.0,250,moderate,0.13700000000000007,0.15992091888827525,0.1465393269817743,0.2551562499999999,0.32430870810624346,0.315457035762629,raw_frequencies,raw_frequencies,0.0,0.06403578290935355,True
leave_one_epsilon_out,2,1.0,1012,1.0,250,none,0.15300000000000008,0.18188835985313917,0.2192765391597961,0.2551562499999999,0.32430870810624346,0.315457035762629,raw_frequencies,raw_frequencies,0.0,0.06403578290935355,True
leave_one_epsilon_out,2,1.0,1012,1.0,250,strong,0.20800000000000002,0.2685255775144099,0.5600557176959582,0.23331904761904745,0.46849503454977365,0.4398924958733276,raw_frequencies,raw_frequencies,0.0,0.06403578290935355,False
leave_one_epsilon_out,2,1.0,1012,1.0,500,moderate,0.17200000000000004,0.2477906827477305,0.14861280323896806,0.23331904761904745,0.21714440740316213,0.315457035762629,poststratified,rr_debiased,0.09917787950876245,0.06403578290935355,True
leave_one_epsilon_out,2,1.0,1012,1.0,500,none,0.15300000000000008,0.08910231005763963,0.10112723131810358,0.2328526315789474,0.21714440740316213,0.315457035762629,rr_debiased,rr_debiased,0.0,0.06403578290935355,True
leave_one_epsilon_out,2,1.0,1012,1.0,500,strong,0.296,0.510167428127912,0.5899333466472815,0.23331904761904745,0.21714440740316213,0.4398924958733276,raw_frequencies,rr_debiased,0.21416742812791206,0.06403578290935355,True
leave_one_epsilon_out,2,1.0,1012,1.0,1000,moderate,0.21900000000000003,0.1036883726900906,0.23067834922320285,0.23331904761904745,0.21714440740316213,0.16525538763569586,rr_debiased,poststratified,0.12698997653311225,0.06403578290935355,True
leave_one_epsilon_out,2,1.0,1012,1.0,1000,none,0.1730000000000001,0.05557557430517196,0.03242655420366436,0.2328526315789474,0.21714440740316213,0.16525538763569586,poststratified,poststratified,0.0,0.06403578290935355,True
leave_one_epsilon_out,2,1.0,1012,1.0,1000,strong,0.192,0.3301685863659698,0.04110092283931155,0.23331904761904745,0.3272652644670899,0.2468786939839766,poststratified,raw_frequencies,0.15089907716068846,0.06403578290935355,True
leave_one_epsilon_out,2,1.0,1012,1.0,2000,moderate,0.14200000000000007,0.13520754780280347,0.1003589974421879,0.23331904761904745,0.21714440740316213,0.16525538763569586,poststratified,poststratified,0.0,0.06403578290935355,True
leave_one_epsilon_out,2,1.0,1012,1.0,2000,none,0.18800000000000006,0.007580818468811479,0.005744145548823881,0.2328526315789474,0.21714440740316213,0.16525538763569586,poststratified,poststratified,0.0,0.06403578290935355,True
leave_one_epsilon_out,2,1.0,1012,1.0,2000,strong,0.17100000000000004,0.24504475262712258,0.1311201654572186,0.23331904761904745,0.3272652644670899,0.2468786939839766,poststratified,raw_frequencies,0.039879834542781434,0.06403578290935355,True
leave_one_epsilon_out,3,2.0,1012,2.0,250,moderate,0.16,0.17165844450780204,0.10868070633670229,0.18550666666666674,0.2285001265358877,0.17635526461516213,poststratified,poststratified,0.0,0.0867137106996288,True
leave_one_epsilon_out,3,2.0,1012,2.0,250,none,0.11200000000000002,0.13638917422982613,0.11756972223437231,0.20158620689655177,0.2285001265358877,0.17635526461516213,raw_frequencies,poststratified,0.0055697222343722985,0.0867137106996288,True
leave_one_epsilon_out,3,2.0,1012,2.0,250,strong,0.21600000000000003,0.3480047958976817,0.22518414845482299,0.22204761904761905,0.31690358059204016,0.2990652079890661,raw_frequencies,raw_frequencies,0.0,0.0867137106996288,True
leave_one_epsilon_out,3,2.0,1012,2.0,500,moderate,0.10400000000000001,0.1422673859428222,0.06126834079163093,0.18550666666666674,0.1154332760156177,0.17635526461516213,poststratified,rr_debiased,0.08099904515119127,0.0867137106996288,True
leave_one_epsilon_out,3,2.0,1012,2.0,500,none,0.10500000000000004,0.022322542021065567,0.013843496445377551,0.18550666666666674,0.1154332760156177,0.17635526461516213,poststratified,rr_debiased,0.008479045575688016,0.0867137106996288,True
leave_one_epsilon_out,3,2.0,1012,2.0,500,strong,0.20700000000000002,0.3597612193236737,0.13084059190564332,0.22204761904761905,0.24984892029531733,0.2990652079890661,poststratified,raw_frequencies,0.0761594080943567,0.0867137106996288,True
leave_one_epsilon_out,3,2.0,1012,2.0,1000,moderate,0.098,0.10111990395185025,0.05007295826690891,0.19172222222222224,0.1154332760156177,0.0896747644210735,poststratified,poststratified,0.0,0.0867137106996288,True
leave_one_epsilon_out,3,2.0,1012,2.0,1000,none,0.14900000000000002,0.1075566118595073,0.10766864396292669,0.1811153846153847,0.1154332760156177,0.0896747644210735,rr_debiased,poststratified,0.00011203210341939607,0.0867137106996288,True
leave_one_epsilon_out,3,2.0,1012,2.0,1000,strong,0.22200000000000006,0.27158804362873395,0.01468956282536521,0.18273076923076925,0.24984892029531733,0.14653975563591798,poststratified,poststratified,0.0,0.0867137106996288,True
leave_one_epsilon_out,3,2.0,1012,2.0,2000,moderate,0.15799999999999997,0.15080018843351534,0.05551089145746216,0.17209090909090916,0.1154332760156177,0.0896747644210735,poststratified,poststratified,0.0,0.0867137106996288,True
leave_one_epsilon_out,3,2.0,1012,2.0,2000,none,0.0780000000000001,0.04465035102360118,0.03931774507682195,0.19172222222222224,0.1154332760156177,0.0896747644210735,poststratified,poststratified,0.0,0.0867137106996288,True
leave_one_epsilon_out,3,2.0,1012,2.0,2000,strong,0.166,0.21427547942702302,0.06023561156638868,0.18273076923076925,0.24984892029531733,0.0896747644210735,poststratified,poststratified,0.0,0.0867137106996288,False
leave_one_epsilon_out,0,0.25,1013,0.25,250,moderate,0.329,0.7233309063890327,0.6732824586163847,0.23331904761904765,0.3241274230202852,0.3498167652585278,raw_frequencies,raw_frequencies,0.0,0.052403633476866975,False
leave_one_epsilon_out,0,0.25,1013,0.25,250,none,0.20900000000000002,0.523668266675916,0.5077416506480916,0.2328526315789474,0.2687476371453217,0.3498167652585278,raw_frequencies,raw_frequencies,0.0,0.052403633476866975,True
leave_one_epsilon_out,0,0.25,1013,0.25,250,strong,0.329,0.7591633729565449,0.8400000000000001,0.23331904761904765,0.46085905497323176,0.520072405158256,raw_frequencies,raw_frequencies,0.0,0.052403633476866975,False
leave_one_epsilon_out,0,0.25,1013,0.25,500,moderate,0.25700000000000006,0.35958064635928616,0.4509921968028424,0.23331904761904765,0.3241274230202852,0.2840593519129284,raw_frequencies,raw_frequencies,0.0,0.052403633476866975,True
leave_one_epsilon_out,0,0.25,1013,0.25,500,none,0.2730000000000001,0.2879157132242627,0.3034147862227145,0.2328526315789474,0.2687476371453217,0.2840593519129284,raw_frequencies,raw_frequencies,0.0,0.052403633476866975,True
leave_one_epsilon_out,0,0.25,1013,0.25,500,strong,0.21300000000000002,0.6067876558074967,0.9513718180888605,0.23331904761904765,0.344025258498005,0.34718447576262945,raw_frequencies,raw_frequencies,0.0,0.052403633476866975,False
leave_one_epsilon_out,0,0.25,1013,0.25,1000,moderate,0.23900000000000005,0.3508303863295398,0.1958117869805931,0.23331904761904765,0.344025258498005,0.2894213255063377,poststratified,raw_frequencies,0.04318821301940695,0.052403633476866975,False
leave_one_epsilon_out,0,0.25,1013,0.25,1000,none,0.275,0.09895941679061032,0.08704915604795829,0.2328526315789474,0.15741167615954943,0.18475296788865145,poststratified,rr_debiased,0.011910260742652029,0.052403633476866975,True
leave_one_epsilon_out,0,0.25,1013,0.25,1000,strong,0.275,0.09895941679061021,0.6188798921317697,0.23331904761904765,0.344025258498005,0.2894213255063377,rr_debiased,raw_frequencies,0.1760405832093898,0.052403633476866975,False
leave_one_epsilon_out,0,0.25,1013,0.25,2000,moderate,0.27,0.12322944836555869,0.10184044498508624,0.20847826086956522,0.2108581181668117,0.14717581321931875,poststratified,poststratified,0.0,0.052403633476866975,False
leave_one_epsilon_out,0,0.25,1013,0.25,2000,none,0.26100000000000007,0.22364360141134235,0.2395139733819303,0.2328526315789474,0.15741167615954943,0.14717581321931875,rr_debiased,poststratified,0.015870371970587965,0.052403633476866975,True
leave_one_epsilon_out,0,0.25,1013,0.25,2000,strong,0.26600000000000007,0.39426795133697645,0.31929269597470245,0.23331904761904765,0.24314589985265872,0.19947404743048866,raw_frequencies,poststratified,0.053292695974702375,0.052403633476866975,True
leave_one_epsilon_out,1,0.5,1013,0.5,250,moderate,0.19200000000000006,0.5866017750338364,0.6786012344641212,0.2724461538461539,0.6203302237235552,0.626995486577237,raw_frequencies,raw_frequencies,0.0,0.0533172463118067,False
leave_one_epsilon_out,1,0.5,1013,0.5,250,none,0.1770000000000001,0.35327396439265857,0.3750000000000001,0.2648031496062993,0.6203302237235552,0.47566860285329626,raw_frequencies,raw_frequencies,0.0,0.0533172463118067,False
leave_one_epsilon_out,1,0.5,1013,0.5,250,strong,0.24000000000000005,0.6315976330147199,0.4768602356573239,0.2648031496062993,0.6203302237235552,0.8379281914021801,raw_frequencies,raw_frequencies,0.0,0.0533172463118067,False
leave_one_epsilon_out,1,0.5,1013,0.5,500,moderate,0.24900000000000005,0.21082988165073588,0.06879351794857017,0.2724461538461539,0.48988760083764193,0.626995486577237,poststratified,raw_frequencies,0.1802064820514299,0.0533172463118067,False
leave_one_epsilon_out,1,0.5,1013,0.5,500,none,0.21700000000000003,0.14913698219632926,0.12935871978906957,0.2648031496062993,0.48988760083764193,0.626995486577237,poststratified,raw_frequencies,0.08764128021093046,0.0533172463118067,False
leave_one_epsilon_out,1,0.5,1013,0.5,500,strong,0.26500000000000007,0.31331538458382713,0.7849999999999999,0.2648031496062993,0.48988760083764193,0.8379281914021801,raw_frequencies,raw_frequencies,0.0,0.0533172463118067,False
leave_one_epsilon_out,1,0.5,1013,0.5,1000,moderate,0.25700000000000006,0.25582573963161903,0.06975411949519317,0.2648031496062993,0.3744065393364515,0.4659427023757644,poststratified,raw_frequencies,0.1872458805048069,0.0533172463118067,False
leave_one_epsilon_out,1,0.5,1013,0.5,1000,none,0.18900000000000006,0.28578017742133444,0.3021974818202693,0.2648031496062993,0.36812981362702724,0.3625652465304861,raw_frequencies,raw_frequencies,0.0,0.0533172463118067,False
leave_one_epsilon_out,1,0.5,1013,0.5,1000,strong,0.23900000000000005,0.18163905320588775,0.10875840506876938,0.2648031496062993,0.3744065393364515,0.4659427023757644,poststratified,raw_frequencies,0.13024159493123066,0.0533172463118067,False
leave_one_epsilon_out,1,0.5,1013,0.5,2000,moderate,0.21900000000000008,0.14226767747261523,0.12502173570621042,0.2724461538461539,0.2563347289067596,0.23676882275191513,poststratified,poststratified,0.0,0.0533172463118067,True
leave_one_epsilon_out,1,0.5,1013,0.5,2000,none,0.25800000000000006,0.10230909766378338,0.10885507655754262,0.2648031496062993,0.2563347289067596,0.23676882275191513,rr_debiased,poststratified,0.006545978893759241,0.0533172463118067,True
leave_one_epsilon_out,1,0.5,1013,0.5,2000,strong,0.23200000000000004,0.11976974848217328,0.19237863394491306,0.2648031496062993,0.43222944543303077,0.4659427023757644,rr_debiased,raw_frequencies,0.11223025151782676,0.0533172463118067,False
leave_one_epsilon_out,2,1.0,1013,1.0,250,moderate,0.35300000000000004,0.4600837140639561,0.47386015910822843,0.2551562499999999,0.32430870810624346,0.315457035762629,raw_frequencies,raw_frequencies,0.0,0.06403578290935355,True
leave_one_epsilon_out,2,1.0,1013,1.0,250,none,0.21700000000000003,0.25746045944413765,0.2672671323771577,0.2551562499999999,0.32430870810624346,0.315457035762629,raw_frequencies,raw_frequencies,0.0,0.06403578290935355,True
leave_one_epsilon_out,2,1.0,1013,1.0,250,strong,0.18400000000000002,0.5113999743260965,0.4712051287641616,0.23331904761904745,0.46849503454977365,0.4398924958733276,raw_frequencies,raw_frequencies,0.0,0.06403578290935355,False
leave_one_epsilon_out,2,1.0,1013,1.0,500,moderate,0.201,0.21360697510225032,0.18984102972925715,0.20847826086956525,0.21714440740316213,0.315457035762629,poststratified,raw_frequencies,0.011158970270742863,0.06403578290935355,True
leave_one_epsilon_out,2,1.0,1013,1.0,500,none,0.21300000000000008,0.07565349717883901,0.09054006465271949,0.2328526315789474,0.21714440740316213,0.315457035762629,rr_debiased,rr_debiased,0.0,0.06403578290935355,True
leave_one_epsilon_out,2,1.0,1013,1.0,500,strong,0.193,0.12573721124279486,0.14205353175270438,0.23331904761904745,0.3272652644670899,0.4398924958733276,rr_debiased,raw_frequencies,0.06726278875720515,0.06403578290935355,False
leave_one_epsilon_out,2,1.0,1013,1.0,1000,moderate,0.13500000000000006,0.1385290522285833,0.10360870044859172,0.23331904761904745,0.21714440740316213,0.16525538763569586,poststratified,poststratified,0.0,0.06403578290935355,True
leave_one_epsilon_out,2,1.0,1013,1.0,1000,none,0.19500000000000006,0.026226755007895258,0.02634788336814095,0.2328526315789474,0.21714440740316213,0.16525538763569586,rr_debiased,poststratified,0.00012112836024569251,0.06403578290935355,True
leave_one_epsilon_out,2,1.0,1013,1.0,1000,strong,0.197,0.19713139437860244,0.16570983208941703,0.23331904761904745,0.3272652644670899,0.2468786939839766,poststratified,raw_frequencies,0.03129016791058298,0.06403578290935355,True
leave_one_epsilon_out,2,1.0,1013,1.0,2000,moderate,0.16100000000000003,0.24779068274773056,0.12102167950440473,0.23331904761904745,0.21714440740316213,0.16525538763569586,poststratified,poststratified,0.0,0.06403578290935355,True
leave_one_epsilon_out,2,1.0,1013,1.0,2000,none,0.1720000000000001,0.04451045623489963,0.0490154414400798,0.2328526315789474,0.21714440740316213,0.16525538763569586,rr_debiased,poststratified,0.0045049852051801675,0.06403578290935355,True
leave_one_epsilon_out,2,1.0,1013,1.0,2000,strong,0.15700000000000003,0.20385580081800278,0.07511043187606192,0.23331904761904745,0.3272652644670899,0.2468786939839766,poststratified,raw_frequencies,0.0818895681239381,0.06403578290935355,True
leave_one_epsilon_out,3,2.0,1013,2.0,250,moderate,0.15200000000000002,0.14198287086402148,0.06378761235325625,0.20158620689655177,0.2285001265358877,0.17635526461516213,poststratified,poststratified,0.0,0.0867137106996288,True
leave_one_epsilon_out,3,2.0,1013,2.0,250,none,0.07300000000000004,0.02967557364378054,0.046641662170002096,0.20158620689655177,0.2285001265358877,0.17635526461516213,rr_debiased,poststratified,0.016966088526221557,0.0867137106996288,True
leave_one_epsilon_out,3,2.0,1013,2.0,250,strong,0.18400000000000002,0.27746625534173,0.08026527372193004,0.20242307692307696,0.31690358059204016,0.2990652079890661,poststratified,raw_frequencies,0.10373472627806998,0.0867137106996288,False
leave_one_epsilon_out,3,2.0,1013,2.0,500,moderate,0.14500000000000007,0.07613223719014717,0.16425383988833092,0.18550666666666674,0.1154332760156177,0.17635526461516213,rr_debiased,rr_debiased,0.0,0.0867137106996288,True
leave_one_epsilon_out,3,2.0,1013,2.0,500,none,0.1650000000000001,0.11847002401203746,0.10654400345550044,0.20158620689655177,0.1154332760156177,0.17635526461516213,poststratified,rr_debiased,0.01192602055653702,0.0867137106996288,True
leave_one_epsilon_out,3,2.0,1013,2.0,500,strong,0.17200000000000001,0.23044056163776194,0.12391713651249,0.22204761904761905,0.24984892029531733,0.2990652079890661,poststratified,raw_frequencies,0.04808286348751001,0.0867137106996288,True
leave_one_epsilon_out,3,2.0,1013,2.0,1000,moderate,0.10700000000000004,0.05968790688207759,0.07628819299188491,0.19172222222222224,0.1154332760156177,0.0896747644210735,rr_debiased,poststratified,0.016600286109807322,0.0867137106996288,True
leave_one_epsilon_out,3,2.0,1013,2.0,1000,none,0.13500000000000006,0.061436707907657206,0.06073364786039623,0.1811153846153847,0.1154332760156177,0.0896747644210735,poststratified,poststratified,0.0,0.0867137106996288,True
leave_one_epsilon_out,3,2.0,1013,2.0,1000,strong,0.19800000000000004,0.26570983191573794,0.0865538324873435,0.18273076923076925,0.24984892029531733,0.14653975563591798,poststratified,poststratified,0.0,0.0867137106996288,True
leave_one_epsilon_out,3,2.0,1013,2.0,2000,moderate,0.10300000000000006,0.09524169223885431,0.03865952990003846,0.18273076923076925,0.1154332760156177,0.0896747644210735,poststratified,poststratified,0.0,0.0867137106996288,True
leave_one_epsilon_out,3,2.0,1013,2.0,2000,none,0.09400000000000003,0.02232254202106551,0.02454337268532858,0.19172222222222224,0.1154332760156177,0.0896747644210735,rr_debiased,poststratified,0.002220830664263068,0.0867137106996288,True
leave_one_epsilon_out,3,2.0,1013,2.0,2000,strong,0.21900000000000006,0.24954474970499893,0.06670667429519131,0.18273076923076925,0.24984892029531733,0.0896747644210735,poststratified,poststratified,0.0,0.0867137106996288,False
leave_one_epsilon_out,0,0.25,1014,0.25,250,moderate,0.22500000000000003,0.4677216759746718,0.4069480986754321,0.23331904761904765,0.3241274230202852,0.3498167652585278,raw_frequencies,raw_frequencies,0.0,0.052403633476866975,False
leave_one_epsilon_out,0,0.25,1014,0.25,250,none,0.2810000000000001,0.5191644130755305,0.5791120507627268,0.25515625,0.2687476371453217,0.3498167652585278,raw_frequencies,raw_frequencies,0.0,0.052403633476866975,True
leave_one_epsilon_out,0,0.25,1014,0.25,250,strong,0.24100000000000005,0.7208283060915683,1.16,0.23331904761904765,0.46085905497323176,0.520072405158256,raw_frequencies,raw_frequencies,0.0,0.052403633476866975,False
leave_one_epsilon_out,0,0.25,1014,0.25,500,moderate,0.281,0.16833402674599046,0.21393674034667606,0.23331904761904765,0.3241274230202852,0.2840593519129284,rr_debiased,raw_frequencies,0.11266597325400957,0.052403633476866975,True
leave_one_epsilon_out,0,0.25,1014,0.25,500,none,0.26100000000000007,0.16583142644852536,0.14522331464944305,0.2328526315789474,0.2687476371453217,0.2840593519129284,poststratified,raw_frequencies,0.11577668535055702,0.052403633476866975,True
leave_one_epsilon_out,0,0.25,1014,0.25,500,strong,0.25700000000000006,0.22083142644852538,0.6166841952504507,0.23331904761904765,0.344025258498005,0.34718447576262945,rr_debiased,raw_frequencies,0.03616857355147468,0.052403633476866975,False
leave_one_epsilon_out,0,0.25,1014,0.25,1000,moderate,0.29700000000000004,0.35333298662700485,0.22457011101149624,0.23331904761904765,0.2108581181668117,0.18475296788865145,poststratified,poststratified,0.0,0.052403633476866975,True
leave_one_epsilon_out,0,0.25,1014,0.25,1000,none,0.3010000000000001,0.6116638930160379,0.6573231446659258,0.2328526315789474,0.15741167615954943,0.18475296788865145,raw_frequencies,rr_debiased,0.31066389301603775,0.052403633476866975,True
leave_one_epsilon_out,0,0.25,1014,0.25,1000,strong,0.317,0.5845816864782719,0.32699498398653837,0.23331904761904765,0.344025258498005,0.2894213255063377,raw_frequencies,raw_frequencies,0.0,0.052403633476866975,False
leave_one_epsilon_out,0,0.25,1014,0.25,2000,moderate,0.2790000000000001,0.3891654531945164,0.2698833952948678,0.20847826086956522,0.2108581181668117,0.14717581321931875,poststratified,poststratified,0.0,0.052403633476866975,False
leave_one_epsilon_out,0,0.25,1014,0.25,2000,none,0.2440000000000001,0.25947606797885464,0.2482455381306452,0.2328526315789474,0.15741167615954943,0.14717581321931875,raw_frequencies,poststratified,0.004245538130645099,0.052403633476866975,True
leave_one_epsilon_out,0,0.25,1014,0.25,2000,strong,0.24900000000000005,0.23239386144108892,0.06164100221834054,0.23331904761904765,0.24314589985265872,0.19947404743048866,poststratified,poststratified,0.0,0.052403633476866975,True
leave_one_epsilon_out,1,0.5,1014,0.5,250,moderate,0.13700000000000007,0.3749999999999999,0.375,0.2648031496062993,0.6203302237235552,0.6934628603651423,raw_frequencies,raw_frequencies,0.0,0.0533172463118067,False
leave_one_epsilon_out,1,0.5,1014,0.5,250,none,0.24100000000000005,0.22332366862206063,0.24346391834494852,0.2648031496062993,0.6203302237235552,0.47566860285329626,rr_debiased,raw_frequencies,0.01767633137793942,0.0533172463118067,False
leave_one_epsilon_out,1,0.5,1014,0.5,250,strong,0.25700000000000006,0.4133112425647103,0.2492836020140801,0.24875000000000008,0.7422391027984748,0.8379281914021801,poststratified,raw_frequencies,0.0077163979859199705,0.0533172463118067,False
leave_one_epsilon_out,1,0.5,1014,0.5,500,moderate,0.24100000000000005,0.30082159761250227,0.3983155920068069,0.2724461538461539,0.48988760083764193,0.626995486577237,raw_frequencies,raw_frequencies,0.0,0.0533172463118067,False
leave_one_epsilon_out,1,0.5,1014,0.5,500,none,0.20900000000000007,0.20413698219632967,0.19292030770454732,0.2648031496062993,0.48988760083764193,0.47566860285329626,poststratified,raw_frequencies,0.016079692295452752,0.0533172463118067,False
leave_one_epsilon_out,1,0.5,1014,0.5,500,strong,0.2330000000000001,0.0691494082536799,0.6094056699976454,0.2946190476190476,0.7422391027984748,0.8379281914021801,rr_debiased,raw_frequencies,0.1638505917463202,0.0533172463118067,False
leave_one_epsilon_out,1,0.5,1014,0.5,1000,moderate,0.20900000000000007,0.18163905320588802,0.24195029698822934,0.2648031496062993,0.3744065393364515,0.4659427023757644,rr_debiased,raw_frequencies,0.02736094679411205,0.0533172463118067,False
leave_one_epsilon_out,1,0.5,1014,0.5,1000,none,0.2230000000000001,0.0945477810025806,0.11176860159880148,0.2648031496062993,0.36812981362702724,0.3625652465304861,rr_debiased,raw_frequencies,0.1284522189974195,0.0533172463118067,False
leave_one_epsilon_out,1,0.5,1014,0.5,1000,strong,0.22900000000000004,0.29412869815809584,0.08179513061665047,0.2648031496062993,0.43222944543303077,0.4659427023757644,poststratified,raw_frequencies,0.14720486938334956,0.0533172463118067,False
leave_one_epsilon_out,1,0.5,1014,0.5,2000,moderate,0.25000000000000006,0.2108298816507359,0.10679786269389008,0.2648031496062993,0.2563347289067596,0.23676882275191513,poststratified,poststratified,0.0,0.0533172463118067,True
leave_one_epsilon_out,1,0.5,1014,0.5,2000,none,0.24800000000000005,0.10520954142224223,0.0973383452480148,0.2648031496062993,0.2563347289067596,0.23676882275191513,poststratified,poststratified,0.0,0.0533172463118067,True
leave_one_epsilon_out,1,0.5,1014,0.5,2000,strong,0.21800000000000003,0.2547573224248231,0.1325334352481119,0.2648031496062993,0.43222944543303077,0.4659427023757644,poststratified,raw_frequencies,0.08546656475188813,0.0533172463118067,False
leave_one_epsilon_out,2,1.0,1014,1.0,250,moderate,0.22500000000000003,0.13672093172522687,0.06701599616597473,0.2551562499999999,0.32430870810624346,0.315457035762629,poststratified,raw_frequencies,0.1579840038340253,0.06403578290935355,True
leave_one_epsilon_out,2,1.0,1014,1.0,250,none,0.23300000000000004,0.16959069558468215,0.1429952646707382,0.23331904761904745,0.32430870810624346,0.315457035762629,poststratified,raw_frequencies,0.09000473532926184,0.06403578290935355,False
leave_one_epsilon_out,2,1.0,1014,1.0,250,strong,0.14400000000000004,0.3795953285369137,0.33193834036234526,0.23331904761904745,0.46849503454977365,0.4398924958733276,raw_frequencies,raw_frequencies,0.0,0.06403578290935355,False
leave_one_epsilon_out,2,1.0,1014,1.0,500,moderate,0.193,0.13672093172522684,0.17956900606558968,0.23331904761904745,0.21714440740316213,0.315457035762629,rr_debiased,rr_debiased,0.0,0.06403578290935355,True
leave_one_epsilon_out,2,1.0,1014,1.0,500,none,0.1810000000000001,0.02803487551125175,0.03661424215769729,0.2551562499999999,0.21714440740316213,0.315457035762629,rr_debiased,rr_debiased,0.0,0.06403578290935355,True
leave_one_epsilon_out,2,1.0,1014,1.0,500,strong,0.26000000000000006,0.5333674152909605,0.2618110323919814,0.23331904761904745,0.3272652644670899,0.4398924958733276,raw_frequencies,raw_frequencies,0.0,0.06403578290935355,False
leave_one_epsilon_out,2,1.0,1014,1.0,1000,moderate,0.23500000000000004,0.15868837269009073,0.15796781086841166,0.20847826086956525,0.21714440740316213,0.16525538763569586,poststratified,poststratified,0.0,0.06403578290935355,True
leave_one_epsilon_out,2,1.0,1014,1.0,1000,none,0.203,0.06524535100157891,0.07471134990938069,0.2328526315789474,0.21714440740316213,0.16525538763569586,rr_debiased,poststratified,0.009465998907801781,0.06403578290935355,True
leave_one_epsilon_out,2,1.0,1014,1.0,1000,strong,0.17600000000000005,0.2807418441950263,0.17085416006850002,0.23331904761904745,0.3272652644670899,0.2468786939839766,poststratified,raw_frequencies,0.005145839931500029,0.06403578290935355,True
leave_one_epsilon_out,2,1.0,1014,1.0,2000,moderate,0.193,0.17241802329313055,0.04959700721856475,0.23331904761904745,0.21714440740316213,0.16525538763569586,poststratified,poststratified,0.0,0.06403578290935355,True
leave_one_epsilon_out,2,1.0,1014,1.0,2000,none,0.1800000000000001,0.07754301527003585,0.07136616245857544,0.2328526315789474,0.21714440740316213,0.16525538763569586,poststratified,poststratified,0.0,0.06403578290935355,True
leave_one_epsilon_out,2,1.0,1014,1.0,2000,strong,0.17900000000000005,0.18738022009435495,0.08574796192673362,0.23331904761904745,0.21714440740316213,0.2468786939839766,poststratified,rr_debiased,0.10163225816762134,0.06403578290935355,True
leave_one_epsilon_out,3,2.0,1014,2.0,250,moderate,0.1610000000000001,0.11847002401203754,0.09039830194314621,0.20158620689655177,0.2285001265358877,0.17635526461516213,poststratified,poststratified,0.0,0.0867137106996288,True
leave_one_epsilon_out,3,2.0,1014,2.0,250,none,0.04099999999999998,0.10490202108181002,0.09896392593527276,0.18550666666666674,0.2285001265358877,0.17635526461516213,raw_frequencies,poststratified,0.057963925935272775,0.0867137106996288,True
leave_one_epsilon_out,3,2.0,1014,2.0,250,strong,0.22400000000000003,0.24779068169794927,0.1531780241966802,0.18550666666666674,0.31690358059204016,0.2990652079890661,poststratified,raw_frequencies,0.07082197580331984,0.0867137106996288,False
leave_one_epsilon_out,3,2.0,1014,2.0,500,moderate,0.15600000000000003,0.14786108257701733,0.125663795604198,0.18550666666666674,0.1154332760156177,0.17635526461516213,poststratified,rr_debiased,0.022197286972819336,0.0867137106996288,True
leave_one_epsilon_out,3,2.0,1014,2.0,500,none,0.09700000000000003,0.03995717716005351,0.03388846597761308,0.18550666666666674,0.1154332760156177,0.17635526461516213,poststratified,rr_debiased,0.006068711182440428,0.0867137106996288,True
leave_one_epsilon_out,3,2.0,1014,2.0,500,strong,0.17600000000000002,0.23631877335075793,0.017704571762839072,0.22204761904761905,0.24984892029531733,0.2990652079890661,poststratified,raw_frequencies,0.15829542823716095,0.0867137106996288,True
leave_one_epsilon_out,3,2.0,1014,2.0,1000,moderate,0.08900000000000005,0.045276892678388414,0.07838938729594586,0.17209090909090916,0.1154332760156177,0.0896747644210735,rr_debiased,poststratified,0.03311249461755744,0.0867137106996288,True
leave_one_epsilon_out,3,2.0,1014,2.0,1000,none,0.08300000000000005,0.04821599853488631,0.05444945117034489,0.19172222222222224,0.1154332760156177,0.0896747644210735,rr_debiased,poststratified,0.006233452635458575,0.0867137106996288,True
leave_one_epsilon_out,3,2.0,1014,2.0,1000,strong,0.19400000000000003,0.20398860892928003,0.09653589246711686,0.18273076923076925,0.24984892029531733,0.14653975563591798,poststratified,poststratified,0.0,0.0867137106996288,True
leave_one_epsilon_out,3,2.0,1014,2.0,2000,moderate,0.14600000000000005,0.15990202108181012,0.04898502424366402,0.19172222222222224,0.1154332760156177,0.0896747644210735,poststratified,poststratified,0.0,0.0867137106996288,True
leave_one_epsilon_out,3,2.0,1014,2.0,2000,none,0.08300000000000005,0.021764045826404427,0.01600620080888504,0.1811153846153847,0.1154332760156177,0.0896747644210735,poststratified,poststratified,0.0,0.0867137106996288,True
leave_one_epsilon_out,3,2.0,1014,2.0,2000,strong,0.19100000000000003,0.20986682064227602,0.06689546955901673,0.18273076923076925,0.24984892029531733,0.0896747644210735,poststratified,poststratified,0.0,0.0867137106996288,False
leave_one_epsilon_out,0,0.25,1015,0.25,250,moderate,0.2970000000000001,0.5191644130755305,0.7314064898692221,0.25515625,0.3241274230202852,0.3498167652585278,raw_frequencies,raw_frequencies,0.0,0.052403633476866975,False
leave_one_epsilon_out,0,0.25,1015,0.25,250,none,0.20900000000000002,0.9803531540783139,0.9694495839609616,0.2328526315789474,0.2687476371453217,0.3498167652585278,raw_frequencies,raw_frequencies,0.0,0.052403633476866975,True
leave_one_epsilon_out,0,0.25,1015,0.25,250,strong,0.36900000000000005,0.9357058100041108,0.4772111962431056,0.23331904761904765,0.46085905497323176,0.520072405158256,raw_frequencies,raw_frequencies,0.0,0.052403633476866975,False
leave_one_epsilon_out,0,0.25,1015,0.25,500,moderate,0.28900000000000003,0.26083350668649774,0.15617606579117516,0.20847826086956522,0.3241274230202852,0.2840593519129284,poststratified,raw_frequencies,0.13282393420882488,0.052403633476866975,False
leave_one_epsilon_out,0,0.25,1015,0.25,500,none,0.30900000000000005,0.5191644130755309,0.5998981118108462,0.23331904761904765,0.3241274230202852,0.2840593519129284,raw_frequencies,raw_frequencies,0.0,0.052403633476866975,True
leave_one_epsilon_out,0,0.25,1015,0.25,500,strong,0.2890000000000001,0.5654141530457841,0.4973768711386876,0.23331904761904765,0.344025258498005,0.34718447576262945,raw_frequencies,raw_frequencies,0.0,0.052403633476866975,False
leave_one_epsilon_out,0,0.25,1015,0.25,1000,moderate,0.24500000000000005,0.327705516344413,0.21062847649172664,0.20847826086956522,0.2108581181668117,0.18475296788865145,poststratified,poststratified,0.0,0.052403633476866975,True
leave_one_epsilon_out,0,0.25,1015,0.25,1000,none,0.26700000000000007,0.6579136329862914,0.6503784618464945,0.2328526315789474,0.15741167615954943,0.18475296788865145,raw_frequencies,rr_debiased,0.3909136329862913,0.052403633476866975,True
leave_one_epsilon_out,0,0.25,1015,0.25,1000,strong,0.30300000000000005,0.42270759658238516,0.3532035721723322,0.23331904761904765,0.344025258498005,0.2894213255063377,raw_frequencies,raw_frequencies,0.0,0.052403633476866975,False
leave_one_epsilon_out,0,0.25,1015,0.25,2000,moderate,0.2860000000000001,0.34572788818707967,0.49409395727820116,0.20847826086956522,0.2108581181668117,0.14717581321931875,raw_frequencies,poststratified,0.20809395727820107,0.052403633476866975,False
leave_one_epsilon_out,0,0.25,1015,0.25,2000,none,0.26000000000000006,0.09645681649314503,0.0912735825623677,0.2328526315789474,0.15741167615954943,0.14717581321931875,poststratified,poststratified,0.0,0.052403633476866975,True
leave_one_epsilon_out,0,0.25,1015,0.25,2000,strong,0.2690000000000001,0.11447918833581175,0.6057366296471678,0.23331904761904765,0.24314589985265872,0.19947404743048866,rr_debiased,poststratified,0.49125744131135607,0.052403633476866975,True
leave_one_epsilon_out,1,0.5,1015,0.5,250,moderate,0.21700000000000008,0.18163905320588805,0.4474041169208152,0.2648031496062993,0.6203302237235552,0.626995486577237,rr_debiased,raw_frequencies,0.03536094679411203,0.0533172463118067,False
leave_one_epsilon_out,1,0.5,1015,0.5,250,none,0.21700000000000003,0.21663076916765417,0.18157094221818051,0.2648031496062993,0.6203302237235552,0.626995486577237,poststratified,raw_frequencies,0.03542905778181951,0.0533172463118067,False
leave_one_epsilon_out,1,0.5,1015,0.5,250,strong,0.25700000000000006,0.32331952660294383,0.1684293155900335,0.24875000000000008,0.7422391027984748,0.6934628603651423,poststratified,raw_frequencies,0.08857068440996657,0.0533172463118067,False
leave_one_epsilon_out,1,0.5,1015,0.5,500,moderate,0.24500000000000005,0.09834023669852782,0.1895272680064341,0.2648031496062993,0.48988760083764193,0.626995486577237,rr_debiased,raw_frequencies,0.14665976330147223,0.0533172463118067,False
leave_one_epsilon_out,1,0.5,1015,0.5,500,none,0.1770000000000001,0.35327396439265857,0.36389647323802476,0.2648031496062993,0.48988760083764193,0.47566860285329626,raw_frequencies,raw_frequencies,0.0,0.0533172463118067,False
leave_one_epsilon_out,1,0.5,1015,0.5,500,strong,0.2690000000000001,0.5707967454978016,0.12760122227772824,0.24875000000000008,0.7422391027984748,0.8379281914021801,poststratified,raw_frequencies,0.14139877772227183,0.0533172463118067,False
leave_one_epsilon_out,1,0.5,1015,0.5,1000,moderate,0.203,0.5191079880625119,0.30232810539970645,0.2648031496062993,0.36812981362702724,0.3625652465304861,raw_frequencies,raw_frequencies,0.0,0.0533172463118067,False
leave_one_epsilon_out,1,0.5,1015,0.5,1000,none,0.1630000000000001,0.3749999999999999,0.3749999999999999,0.2648031496062993,0.36812981362702724,0.3625652465304861,raw_frequencies,raw_frequencies,0.0,0.0533172463118067,False
leave_one_epsilon_out,1,0.5,1015,0.5,1000,strong,0.1790000000000001,0.3420249998974379,0.3749999999999999,0.2648031496062993,0.43222944543303077,0.4659427023757644,raw_frequencies,raw_frequencies,0.0,0.0533172463118067,False
leave_one_epsilon_out,1,0.5,1015,0.5,2000,moderate,0.26700000000000007,0.23895229288878783,0.2019412290408683,0.2648031496062993,0.2563347289067596,0.23676882275191513,poststratified,poststratified,0.0,0.0533172463118067,True
leave_one_epsilon_out,1,0.5,1015,0.5,2000,none,0.264,0.1360559911494456,0.14007534868460508,0.2648031496062993,0.2563347289067596,0.23676882275191513,rr_debiased,poststratified,0.0040193575351594735,0.0533172463118067,True
leave_one_epsilon_out,1,0.5,1015,0.5,2000,strong,0.22700000000000004,0.2547573224248231,0.2587189164599434,0.2648031496062993,0.43222944543303077,0.4659427023757644,raw_frequencies,raw_frequencies,0.0,0.0533172463118067,False
leave_one_epsilon_out,2,1.0,1015,1.0,250,moderate,0.16000000000000003,0.2258232417828667,0.10511927913908867,0.23331904761904745,0.32430870810624346,0.315457035762629,poststratified,raw_frequencies,0.054880720860911364,0.06403578290935355,False
leave_one_epsilon_out,2,1.0,1015,1.0,250,none,0.1690000000000001,0.04516742812791194,0.05804837475018271,0.2328526315789474,0.32430870810624346,0.315457035762629,rr_debiased,raw_frequencies,0.12383257187208815,0.06403578290935355,False
leave_one_epsilon_out,2,1.0,1015,1.0,250,strong,0.12900000000000006,0.18188835985313914,0.21784605883512836,0.23331904761904745,0.46849503454977365,0.4398924958733276,raw_frequencies,raw_frequencies,0.0,0.06403578290935355,False
leave_one_epsilon_out,2,1.0,1015,1.0,500,moderate,0.12900000000000006,0.15500463295223124,0.1237034175978099,0.23331904761904745,0.21714440740316213,0.315457035762629,poststratified,rr_debiased,0.03130121535442135,0.06403578290935355,True
leave_one_epsilon_out,2,1.0,1015,1.0,500,none,0.1610000000000001,0.06713486909277583,0.06888628268135638,0.2551562499999999,0.21714440740316213,0.315457035762629,rr_debiased,rr_debiased,0.0,0.06403578290935355,True
leave_one_epsilon_out,2,1.0,1015,1.0,500,strong,0.19700000000000006,0.04885116786577165,0.4026178634668653,0.23331904761904745,0.3272652644670899,0.4398924958733276,rr_debiased,raw_frequencies,0.14814883213422841,0.06403578290935355,False
leave_one_epsilon_out,2,1.0,1015,1.0,1000,moderate,0.1850000000000001,0.11049417671733161,0.07707366605049484,0.23331904761904745,0.21714440740316213,0.2468786939839766,poststratified,rr_debiased,0.03342051066683677,0.06403578290935355,True
leave_one_epsilon_out,2,1.0,1015,1.0,1000,none,0.22900000000000004,0.11958837910856668,0.116914470341863,0.2328526315789474,0.21714440740316213,0.16525538763569586,poststratified,poststratified,0.0,0.06403578290935355,True
leave_one_epsilon_out,2,1.0,1015,1.0,1000,strong,0.186,0.31369300564232194,0.04803164652254746,0.23331904761904745,0.3272652644670899,0.2468786939839766,poststratified,raw_frequencies,0.13796835347745254,0.06403578290935355,True
leave_one_epsilon_out,2,1.0,1015,1.0,2000,moderate,0.1800000000000001,0.052748246596723586,0.13786318648643092,0.20847826086956525,0.21714440740316213,0.16525538763569586,rr_debiased,poststratified,0.08511493988970734,0.06403578290935355,True
leave_one_epsilon_out,2,1.0,1015,1.0,2000,none,0.21700000000000003,0.13114767389617046,0.1265151102060569,0.2328526315789474,0.21714440740316213,0.16525538763569586,poststratified,poststratified,0.0,0.06403578290935355,True
leave_one_epsilon_out,2,1.0,1015,1.0,2000,strong,0.14700000000000008,0.19287208033557104,0.060717976409230406,0.23331904761904745,0.21714440740316213,0.2468786939839766,poststratified,rr_debiased,0.13215410392634064,0.06403578290935355,True
leave_one_epsilon_out,3,2.0,1015,2.0,250,moderate,0.184,0.1890085645679893,0.1232172365173852,0.18550666666666674,0.2285001265358877,0.17635526461516213,poststratified,poststratified,0.0,0.0867137106996288,True
leave_one_epsilon_out,3,2.0,1015,2.0,250,none,0.13500000000000004,0.25395340848974596,0.23723634787385717,0.20158620689655177,0.2285001265358877,0.17635526461516213,raw_frequencies,poststratified,0.10223634787385713,0.0867137106996288,True
leave_one_epsilon_out,3,2.0,1015,2.0,250,strong,0.07200000000000001,0.12463275080383412,0.2847422974021956,0.20242307692307696,0.31690358059204016,0.2990652079890661,raw_frequencies,raw_frequencies,0.0,0.0867137106996288,False
leave_one_epsilon_out,3,2.0,1015,2.0,500,moderate,0.088,0.12463275080383418,0.04019277153606926,0.18550666666666674,0.1154332760156177,0.17635526461516213,poststratified,rr_debiased,0.08443997926776492,0.0867137106996288,True
leave_one_epsilon_out,3,2.0,1015,2.0,500,none,0.05300000000000002,0.05906663220876049,0.05384139616163258,0.20158620689655177,0.1154332760156177,0.17635526461516213,raw_frequencies,rr_debiased,0.00606663220876047,0.0867137106996288,True
leave_one_epsilon_out,3,2.0,1015,2.0,500,strong,0.15200000000000005,0.17753665622079812,0.12235969022061202,0.22204761904761905,0.24984892029531733,0.17635526461516213,poststratified,poststratified,0.0,0.0867137106996288,True
leave_one_epsilon_out,3,2.0,1015,2.0,1000,moderate,0.13000000000000003,0.11581543323434024,0.020731477694855838,0.17209090909090916,0.1154332760156177,0.0896747644210735,poststratified,poststratified,0.0,0.0867137106996288,True
leave_one_epsilon_out,3,2.0,1015,2.0,1000,none,0.11500000000000005,0.0320456493426772,0.03815935889764702,0.1811153846153847,0.1154332760156177,0.0896747644210735,rr_debiased,poststratified,0.006113709554969815,0.0867137106996288,True
leave_one_epsilon_out,3,2.0,1015,2.0,1000,strong,0.24200000000000002,0.3333092666151917,0.06929247554346704,0.18273076923076925,0.24984892029531733,0.0896747644210735,poststratified,poststratified,0.0,0.0867137106996288,False
leave_one_epsilon_out,3,2.0,1015,2.0,2000,moderate,0.13500000000000004,0.14520649179932016,0.017252940742979145,0.17209090909090916,0.1154332760156177,0.0896747644210735,poststratified,poststratified,0.0,0.0867137106996288,True
leave_one_epsilon_out,3,2.0,1015,2.0,2000,none,0.07200000000000009,0.057876327377842124,0.06394143589604992,0.1811153846153847,0.1154332760156177,0.0896747644210735,rr_debiased,poststratified,0.006065108518207796,0.0867137106996288,True
leave_one_epsilon_out,3,2.0,1015,2.0,2000,strong,0.19900000000000004,0.26130117313099094,0.06636431542886365,0.18273076923076925,0.24984892029531733,0.14653975563591798,poststratified,poststratified,0.0,0.0867137106996288,True
leave_one_epsilon_out,0,0.25,1016,0.25,250,moderate,0.2250000000000001,0.3749999999999999,0.09834701513531094,0.23331904761904765,0.3241274230202852,0.3498167652585278,poststratified,raw_frequencies,0.12665298486468915,0.052403633476866975,False
leave_one_epsilon_out,0,0.25,1016,0.25,250,none,0.20900000000000002,0.523668266675916,0.5018305956389425,0.2328526315789474,0.2687476371453217,0.3498167652585278,raw_frequencies,raw_frequencies,0.0,0.052403633476866975,True
leave_one_epsilon_out,0,0.25,1016,0.25,250,strong,0.36100000000000004,1.0933288261510614,1.0544776367430104,0.23331904761904765,0.46085905497323176,0.520072405158256,raw_frequencies,raw_frequencies,0.0,0.052403633476866975,False
leave_one_epsilon_out,0,0.25,1016,0.25,500,moderate,0.21300000000000002,0.3868244323096031,0.37499999999999994,0.23331904761904765,0.3241274230202852,0.2840593519129284,raw_frequencies,raw_frequencies,0.0,0.052403633476866975,True
leave_one_epsilon_out,0,0.25,1016,0.25,500,none,0.18500000000000005,0.6474662693747797,0.6840410442663186,0.2328526315789474,0.2687476371453217,0.2840593519129284,raw_frequencies,raw_frequencies,0.0,0.052403633476866975,True
leave_one_epsilon_out,0,0.25,1016,0.25,500,strong,0.26500000000000007,0.12833194650801827,0.8400000000000001,0.23331904761904765,0.344025258498005,0.34718447576262945,rr_debiased,raw_frequencies,0.1366680534919818,0.052403633476866975,False
leave_one_epsilon_out,0,0.25,1016,0.25,1000,moderate,0.275,0.09895941679061032,0.3232849351519408,0.20847826086956522,0.2108581181668117,0.18475296788865145,rr_debiased,poststratified,0.22432551836133047,0.052403633476866975,True
leave_one_epsilon_out,0,0.25,1016,0.25,1000,none,0.28900000000000003,0.27354110326888276,0.28359145971464306,0.2328526315789474,0.15741167615954943,0.18475296788865145,rr_debiased,rr_debiased,0.0,0.052403633476866975,True
leave_one_epsilon_out,0,0.25,1016,0.25,1000,strong,0.3030000000000001,0.84,0.8400000000000001,0.23331904761904765,0.344025258498005,0.2894213255063377,raw_frequencies,raw_frequencies,0.0,0.052403633476866975,False
leave_one_epsilon_out,0,0.25,1016,0.25,2000,moderate,0.2810000000000001,0.4585400631498968,0.3354062752304296,0.23331904761904765,0.2108581181668117,0.14717581321931875,raw_frequencies,poststratified,0.05440627523042951,0.052403633476866975,False
leave_one_epsilon_out,0,0.25,1016,0.25,2000,none,0.259,0.11676951151545559,0.14091646165770202,0.2328526315789474,0.15741167615954943,0.14717581321931875,rr_debiased,poststratified,0.024146950142246437,0.052403633476866975,True
leave_one_epsilon_out,0,0.25,1016,0.25,2000,strong,0.25700000000000006,0.44051769130723,0.3011626136315225,0.23331904761904765,0.24314589985265872,0.19947404743048866,raw_frequencies,poststratified,0.04416261363152246,0.052403633476866975,True
leave_one_epsilon_out,1,0.5,1016,0.5,250,moderate,0.21700000000000008,0.12829467448824297,0.24022612226446183,0.2648031496062993,0.6203302237235552,0.626995486577237,rr_debiased,raw_frequencies,0.08870532551175711,0.0533172463118067,False
leave_one_epsilon_out,1,0.5,1016,0.5,250,none,0.2810000000000001,0.368315384583827,0.3601641827147506,0.2648031496062993,0.6203302237235552,0.626995486577237,raw_frequencies,raw_frequencies,0.0,0.0533172463118067,False
leave_one_epsilon_out,1,0.5,1016,0.5,250,strong,0.329,0.5016473372441215,0.9446812248347011,0.2648031496062993,0.6203302237235552,0.8379281914021801,raw_frequencies,raw_frequencies,0.0,0.0533172463118067,False
leave_one_epsilon_out,1,0.5,1016,0.5,500,moderate,0.2730000000000001,0.30082159761250227,0.21041561623930993,0.2648031496062993,0.48988760083764193,0.626995486577237,poststratified,raw_frequencies,0.06258438376069014,0.0533172463118067,False
leave_one_epsilon_out,1,0.5,1016,0.5,500,none,0.26100000000000007,0.1658340236698526,0.19233731723831451,0.2648031496062993,0.48988760083764193,0.47566860285329626,rr_debiased,raw_frequencies,0.09516597633014748,0.0533172463118067,False
leave_one_epsilon_out,1,0.5,1016,0.5,500,strong,0.273,0.1866763313779392,0.20487649451800594,0.2648031496062993,0.48988760083764193,0.8379281914021801,rr_debiased,raw_frequencies,0.08632366862206081,0.0533172463118067,False
leave_one_epsilon_out,1,0.5,1016,0.5,1000,moderate,0.23700000000000004,0.21538594669155023,0.07714011798533335,0.2648031496062993,0.3744065393364515,0.4659427023757644,poststratified,raw_frequencies,0.1598598820146667,0.0533172463118067,False
leave_one_epsilon_out,1,0.5,1016,0.5,1000,none,0.1830000000000001,0.31952707090699617,0.318259450214011,0.2648031496062993,0.36812981362702724,0.3625652465304861,raw_frequencies,raw_frequencies,0.0,0.0533172463118067,False
leave_one_epsilon_out,1,0.5,1016,0.5,1000,strong,0.20500000000000007,0.2153859466915506,0.3228400795820804,0.2946190476190476,0.43222944543303077,0.37772884976643945,raw_frequencies,raw_frequencies,0.0,0.0533172463118067,False
leave_one_epsilon_out,1,0.5,1016,0.5,2000,moderate,0.26000000000000006,0.11355806215900424,0.25360711384675205,0.2648031496062993,0.2563347289067596,0.23676882275191513,rr_debiased,poststratified,0.1400490516877478,0.0533172463118067,True
leave_one_epsilon_out,1,0.5,1016,0.5,2000,none,0.25500000000000006,0.09958505917463176,0.11037866735300142,0.2648031496062993,0.2563347289067596,0.23676882275191513,rr_debiased,poststratified,0.010793608178369662,0.0533172463118067,True
leave_one_epsilon_out,1,0.5,1016,0.5,2000,strong,0.22800000000000004,0.32225110939614776,0.4748894733883334,0.2648031496062993,0.43222944543303077,0.37772884976643945,raw_frequencies,raw_frequencies,0.0,0.0533172463118067,False
leave_one_epsilon_out,2,1.0,1016,1.0,250,moderate,0.2250000000000001,0.10860465862613478,0.1311576706105072,0.23331904761904745,0.32430870810624346,0.315457035762629,rr_debiased,raw_frequencies,0.11639534137386531,0.06403578290935355,False
leave_one_epsilon_out,2,1.0,1016,1.0,250,none,0.313,0.3502465092396368,0.29342722740668725,0.2551562499999999,0.32430870810624346,0.315457035762629,poststratified,raw_frequencies,0.01957277259331275,0.06403578290935355,True
leave_one_epsilon_out,2,1.0,1016,1.0,250,strong,0.26400000000000007,0.4222976642684569,0.41259466960683167,0.23331904761904745,0.46849503454977365,0.4398924958733276,raw_frequencies,raw_frequencies,0.0,0.06403578290935355,False
leave_one_epsilon_out,2,1.0,1016,1.0,500,moderate,0.197,0.07073721124279483,0.20021954304223816,0.2551562499999999,0.21714440740316213,0.315457035762629,rr_debiased,rr_debiased,0.0,0.06403578290935355,True
leave_one_epsilon_out,2,1.0,1016,1.0,500,none,0.1810000000000001,0.017051155028819848,0.029272606730414263,0.2551562499999999,0.21714440740316213,0.315457035762629,rr_debiased,rr_debiased,0.0,0.06403578290935355,True
leave_one_epsilon_out,2,1.0,1016,1.0,500,strong,0.19200000000000006,0.26975812371259433,0.21168462650172462,0.23331904761904745,0.21714440740316213,0.4398924958733276,raw_frequencies,rr_debiased,0.07775812371259427,0.06403578290935355,True
leave_one_epsilon_out,2,1.0,1016,1.0,1000,moderate,0.1790000000000001,0.11049417671733161,0.04645428026364329,0.23331904761904745,0.21714440740316213,0.2468786939839766,poststratified,rr_debiased,0.06403989645368832,0.06403578290935355,True
leave_one_epsilon_out,2,1.0,1016,1.0,1000,none,0.1830000000000001,0.0067244064394002545,0.005861954839427724,0.2328526315789474,0.21714440740316213,0.16525538763569586,poststratified,poststratified,0.0,0.06403578290935355,True
leave_one_epsilon_out,2,1.0,1016,1.0,1000,strong,0.19800000000000006,0.2697581237125944,0.0719504904005216,0.23331904761904745,0.3272652644670899,0.2468786939839766,poststratified,raw_frequencies,0.12604950959947847,0.06403578290935355,True
leave_one_epsilon_out,2,1.0,1016,1.0,2000,moderate,0.18800000000000006,0.2148395213004347,0.07619762914065109,0.23331904761904745,0.21714440740316213,0.2468786939839766,poststratified,rr_debiased,0.13864189215978362,0.06403578290935355,True
leave_one_epsilon_out,2,1.0,1016,1.0,2000,none,0.20500000000000002,0.12299128112218694,0.1243440520760136,0.2328526315789474,0.21714440740316213,0.16525538763569586,rr_debiased,poststratified,0.0013527709538266597,0.06403578290935355,True
leave_one_epsilon_out,2,1.0,1016,1.0,2000,strong,0.17900000000000005,0.20385580081800286,0.010049230291020561,0.23331904761904745,0.3272652644670899,0.2468786939839766,poststratified,raw_frequencies,0.1689507697089795,0.06403578290935355,True
leave_one_epsilon_out,3,2.0,1016,2.0,250,moderate,0.07100000000000001,0.15990202108181006,0.17425088312445658,0.18550666666666674,0.2285001265358877,0.17635526461516213,raw_frequencies,poststratified,0.10325088312445657,0.0867137106996288,True
leave_one_epsilon_out,3,2.0,1016,2.0,250,none,0.09700000000000003,0.01644433030806955,0.03244647851526733,0.18550666666666674,0.2285001265358877,0.17635526461516213,rr_debiased,poststratified,0.01600214820719778,0.0867137106996288,True
leave_one_epsilon_out,3,2.0,1016,2.0,250,strong,0.192,0.20076498799398115,0.1348470875793264,0.22204761904761905,0.31690358059204016,0.17635526461516213,poststratified,poststratified,0.0,0.0867137106996288,True
leave_one_epsilon_out,3,2.0,1016,2.0,500,moderate,0.11200000000000004,0.08320075373406158,0.0628210563508918,0.18550666666666674,0.1154332760156177,0.17635526461516213,poststratified,rr_debiased,0.020379697383169776,0.0867137106996288,True
leave_one_epsilon_out,3,2.0,1016,2.0,500,none,0.14900000000000008,0.10671360058604554,0.10777369968693057,0.20158620689655177,0.1154332760156177,0.17635526461516213,rr_debiased,rr_debiased,0.0,0.0867137106996288,True
leave_one_epsilon_out,3,2.0,1016,2.0,500,strong,0.23600000000000002,0.3068573139067098,0.0533260886835456,0.20242307692307696,0.24984892029531733,0.2990652079890661,poststratified,raw_frequencies,0.1826739113164544,0.0867137106996288,True
leave_one_epsilon_out,3,2.0,1016,2.0,1000,moderate,0.11300000000000004,0.06556611859507361,0.10758543656952627,0.17209090909090916,0.1154332760156177,0.0896747644210735,rr_debiased,poststratified,0.04201931797445266,0.0867137106996288,True
leave_one_epsilon_out,3,2.0,1016,2.0,1000,none,0.09100000000000011,0.04318079809535219,0.05046786692861527,0.1811153846153847,0.1154332760156177,0.0896747644210735,rr_debiased,poststratified,0.007287068833263077,0.0867137106996288,True
leave_one_epsilon_out,3,2.0,1016,2.0,1000,strong,0.202,0.3097964197632078,0.08526325220583575,0.18273076923076925,0.24984892029531733,0.14653975563591798,poststratified,poststratified,0.0,0.0867137106996288,True
leave_one_epsilon_out,3,2.0,1016,2.0,2000,moderate,0.099,0.10846766859309526,0.04251777003017096,0.17209090909090916,0.1154332760156177,0.0896747644210735,poststratified,poststratified,0.0,0.0867137106996288,True
leave_one_epsilon_out,3,2.0,1016,2.0,2000,none,0.09100000000000005,0.01000762240041242,0.011861042144679368,0.19172222222222224,0.1154332760156177,0.0896747644210735,rr_debiased,poststratified,0.0018534197442669487,0.0867137106996288,True
leave_one_epsilon_out,3,2.0,1016,2.0,2000,strong,0.22500000000000006,0.252483855561497,0.07561097726299015,0.18273076923076925,0.24984892029531733,0.14653975563591798,poststratified,poststratified,0.0,0.0867137106996288,True
leave_one_epsilon_out,0,0.25,1017,0.25,250,moderate,0.26500000000000007,0.4983298662700469,0.411560477013682,0.23331904761904765,0.46085905497323176,0.520072405158256,raw_frequencies,raw_frequencies,0.0,0.052403633476866975,False
leave_one_epsilon_out,0,0.25,1017,0.25,250,none,0.24900000000000005,0.7758283060915684,0.6395550801805323,0.23331904761904765,0.3241274230202852,0.3498167652585278,raw_frequencies,raw_frequencies,0.0,0.052403633476866975,False
leave_one_epsilon_out,0,0.25,1017,0.25,250,strong,0.38500000000000006,1.3708272659725829,1.625,0.23331904761904765,0.46085905497323176,0.520072405158256,raw_frequencies,raw_frequencies,0.0,0.052403633476866975,False
leave_one_epsilon_out,0,0.25,1017,0.25,500,moderate,0.22900000000000004,0.6319561670119727,0.845351807180599,0.23331904761904765,0.3241274230202852,0.2840593519129284,raw_frequencies,raw_frequencies,0.0,0.052403633476866975,True
leave_one_epsilon_out,0,0.25,1017,0.25,500,none,0.2770000000000001,0.2504162332837555,0.2848508133446243,0.2328526315789474,0.2687476371453217,0.2840593519129284,rr_debiased,raw_frequencies,0.026583766716244572,0.052403633476866975,True
leave_one_epsilon_out,0,0.25,1017,0.25,500,strong,0.26100000000000007,0.2208314264485254,0.6228563254051285,0.23331904761904765,0.344025258498005,0.34718447576262945,rr_debiased,raw_frequencies,0.04016857355147466,0.052403633476866975,False
leave_one_epsilon_out,0,0.25,1017,0.25,1000,moderate,0.30100000000000005,0.39958272659725835,0.3430039305409378,0.23331904761904765,0.2108581181668117,0.2894213255063377,raw_frequencies,rr_debiased,0.09858272659725831,0.052403633476866975,True
leave_one_epsilon_out,0,0.25,1017,0.25,1000,none,0.22500000000000003,0.7754433519493441,0.7785253709181574,0.2328526315789474,0.15741167615954943,0.18475296788865145,raw_frequencies,rr_debiased,0.5504433519493441,0.052403633476866975,True
leave_one_epsilon_out,0,0.25,1017,0.25,1000,strong,0.28900000000000003,0.3660405832093899,0.3955301024966633,0.23331904761904765,0.344025258498005,0.2894213255063377,raw_frequencies,raw_frequencies,0.0,0.052403633476866975,False
leave_one_epsilon_out,0,0.25,1017,0.25,2000,moderate,0.274,0.08739698179804692,0.2740840201270409,0.23331904761904765,0.2108581181668117,0.14717581321931875,rr_debiased,poststratified,0.186687038328994,0.052403633476866975,False
leave_one_epsilon_out,0,0.25,1017,0.25,2000,none,0.2710000000000001,0.24166597325400918,0.23868758730837641,0.2328526315789474,0.15741167615954943,0.14717581321931875,poststratified,poststratified,0.0,0.052403633476866975,True
leave_one_epsilon_out,0,0.25,1017,0.25,2000,strong,0.2790000000000001,0.7129136329862915,0.5232429392735243,0.23331904761904765,0.24314589985265872,0.19947404743048866,raw_frequencies,poststratified,0.2442429392735242,0.052403633476866975,True
leave_one_epsilon_out,1,0.5,1017,0.5,250,moderate,0.20100000000000007,0.22663491118677126,0.06032384967842083,0.2724461538461539,0.6203302237235552,0.626995486577237,poststratified,raw_frequencies,0.14067615032157924,0.0533172463118067,False
leave_one_epsilon_out,1,0.5,1017,0.5,250,none,0.265,0.14168047339705608,0.16419949344783624,0.2648031496062993,0.6203302237235552,0.47566860285329626,rr_debiased,raw_frequencies,0.12331952660294393,0.0533172463118067,False
leave_one_epsilon_out,1,0.5,1017,0.5,250,strong,0.4010000000000001,0.9066100590720703,0.8548870249931836,0.24875000000000008,0.7422391027984748,0.6934628603651423,raw_frequencies,raw_frequencies,0.0,0.0533172463118067,False
leave_one_epsilon_out,1,0.5,1017,0.5,500,moderate,0.24500000000000005,0.20082573963161898,0.4292285815411478,0.2648031496062993,0.48988760083764193,0.626995486577237,rr_debiased,raw_frequencies,0.04417426036838107,0.0533172463118067,False
leave_one_epsilon_out,1,0.5,1017,0.5,500,none,0.2690000000000001,0.1641784023874978,0.20532088374020163,0.2648031496062993,0.48988760083764193,0.626995486577237,rr_debiased,raw_frequencies,0.10482159761250226,0.0533172463118067,False
leave_one_epsilon_out,1,0.5,1017,0.5,500,strong,0.24500000000000005,0.5258008875169182,0.36440685622918856,0.2648031496062993,0.48988760083764193,0.8379281914021801,raw_frequencies,raw_frequencies,0.0,0.0533172463118067,False
leave_one_epsilon_out,1,0.5,1017,0.5,1000,moderate,0.24900000000000005,0.23332781064117744,0.027332490711018037,0.2648031496062993,0.36812981362702724,0.3625652465304861,poststratified,raw_frequencies,0.22166750928898202,0.0533172463118067,False
leave_one_epsilon_out,1,0.5,1017,0.5,1000,none,0.21100000000000008,0.16204156797390545,0.14190792835543786,0.2648031496062993,0.36812981362702724,0.3625652465304861,poststratified,raw_frequencies,0.06909207164456221,0.0533172463118067,False
leave_one_epsilon_out,1,0.5,1017,0.5,1000,strong,0.24500000000000005,0.5482988165073599,0.5483124124394051,0.2648031496062993,0.3744065393364515,0.4659427023757644,raw_frequencies,raw_frequencies,0.0,0.0533172463118067,False
leave_one_epsilon_out,1,0.5,1017,0.5,2000,moderate,0.22900000000000004,0.226634911186771,0.05556726681892224,0.2648031496062993,0.3744065393364515,0.4659427023757644,poststratified,raw_frequencies,0.1734327331810778,0.0533172463118067,False
leave_one_epsilon_out,1,0.5,1017,0.5,2000,none,0.22700000000000004,0.1210145709582773,0.12522078232379968,0.2648031496062993,0.2563347289067596,0.23676882275191513,rr_debiased,poststratified,0.004206211365522378,0.0533172463118067,True
leave_one_epsilon_out,1,0.5,1017,0.5,2000,strong,0.22100000000000009,0.10579674549780144,0.21956428169485992,0.2648031496062993,0.43222944543303077,0.4659427023757644,rr_debiased,raw_frequencies,0.11520325450219865,0.0533172463118067,False
leave_one_epsilon_out,2,1.0,1017,1.0,250,moderate,0.13700000000000007,0.18188835985313917,0.20996397773030123,0.23331904761904745,0.32430870810624346,0.315457035762629,raw_frequencies,raw_frequencies,0.0,0.06403578290935355,False
leave_one_epsilon_out,2,1.0,1017,1.0,250,none,0.24900000000000005,0.1745069815207263,0.17073967382792632,0.2328526315789474,0.32430870810624346,0.315457035762629,poststratified,raw_frequencies,0.07826032617207374,0.06403578290935355,False
leave_one_epsilon_out,2,1.0,1017,1.0,250,strong,0.25600000000000006,0.46746509239636896,0.30798047169361054,0.23331904761904745,0.46849503454977365,0.4398924958733276,raw_frequencies,raw_frequencies,0.0,0.06403578290935355,False
leave_one_epsilon_out,2,1.0,1017,1.0,500,moderate,0.20900000000000007,0.07081860883063545,0.15367199405109222,0.23331904761904745,0.21714440740316213,0.315457035762629,rr_debiased,rr_debiased,0.0,0.06403578290935355,True
leave_one_epsilon_out,2,1.0,1017,1.0,500,none,0.19300000000000006,0.07081860883063543,0.08601022879265122,0.2328526315789474,0.21714440740316213,0.315457035762629,rr_debiased,rr_debiased,0.0,0.06403578290935355,True
leave_one_epsilon_out,2,1.0,1017,1.0,500,strong,0.1770000000000001,0.13795347792341145,0.23326517946251604,0.23331904761904745,0.3272652644670899,0.4398924958733276,rr_debiased,raw_frequencies,0.03904652207658865,0.06403578290935355,False
leave_one_epsilon_out,2,1.0,1017,1.0,1000,moderate,0.197,0.1311476738961705,0.25142725740585975,0.23331904761904745,0.21714440740316213,0.16525538763569586,rr_debiased,poststratified,0.12027958350968926,0.06403578290935355,True
leave_one_epsilon_out,2,1.0,1017,1.0,1000,none,0.19300000000000006,0.09278604979549934,0.09690744340701002,0.2328526315789474,0.21714440740316213,0.16525538763569586,rr_debiased,poststratified,0.004121393611510676,0.06403578290935355,True
leave_one_epsilon_out,2,1.0,1017,1.0,1000,strong,0.17700000000000005,0.20385580081800286,0.07833686232432577,0.23331904761904745,0.3272652644670899,0.2468786939839766,poststratified,raw_frequencies,0.09866313767567428,0.06403578290935355,True
leave_one_epsilon_out,2,1.0,1017,1.0,2000,moderate,0.18200000000000005,0.1571749887676671,0.07422855437158182,0.23331904761904745,0.21714440740316213,0.16525538763569586,poststratified,poststratified,0.0,0.06403578290935355,True
leave_one_epsilon_out,2,1.0,1017,1.0,2000,none,0.18900000000000006,0.018564538951243353,0.022460764378890913,0.2328526315789474,0.21714440740316213,0.16525538763569586,rr_debiased,poststratified,0.0038962254276475594,0.06403578290935355,True
leave_one_epsilon_out,2,1.0,1017,1.0,2000,strong,0.18700000000000006,0.16418023293130665,0.1413982206485235,0.23331904761904745,0.3272652644670899,0.2468786939839766,poststratified,raw_frequencies,0.04560177935147655,0.06403578290935355,True
leave_one_epsilon_out,3,2.0,1017,2.0,250,moderate,0.15100000000000005,0.27746625534173003,0.1802321996460256,0.18550666666666674,0.2285001265358877,0.17635526461516213,raw_frequencies,poststratified,0.029232199646025553,0.0867137106996288,True
leave_one_epsilon_out,3,2.0,1017,2.0,250,none,0.07999999999999999,0.10111990395185025,0.1304341765711888,0.18550666666666674,0.2285001265358877,0.17635526461516213,raw_frequencies,poststratified,0.050434176571188816,0.0867137106996288,True
leave_one_epsilon_out,3,2.0,1017,2.0,250,strong,0.20800000000000005,0.23044056163776194,0.16278269692539188,0.20242307692307696,0.31690358059204016,0.2990652079890661,poststratified,raw_frequencies,0.04521730307460817,0.0867137106996288,False
leave_one_epsilon_out,3,2.0,1017,2.0,500,moderate,0.14800000000000002,0.1361046591510255,0.0673769191429048,0.18550666666666674,0.1154332760156177,0.17635526461516213,poststratified,rr_debiased,0.06872774000812068,0.0867137106996288,True
leave_one_epsilon_out,3,2.0,1017,2.0,500,none,0.10100000000000003,0.03617506003009363,0.037914869348901536,0.20158620689655177,0.1154332760156177,0.17635526461516213,rr_debiased,rr_debiased,0.0,0.0867137106996288,True
leave_one_epsilon_out,3,2.0,1017,2.0,500,strong,0.19999999999999998,0.28922267876772184,0.1107923389493545,0.20242307692307696,0.24984892029531733,0.2990652079890661,poststratified,raw_frequencies,0.08920766105064548,0.0867137106996288,True
leave_one_epsilon_out,3,2.0,1017,2.0,1000,moderate,0.10800000000000004,0.07732254202106556,0.04891475924822444,0.17209090909090916,0.1154332760156177,0.0896747644210735,poststratified,poststratified,0.0,0.0867137106996288,True
leave_one_epsilon_out,3,2.0,1017,2.0,1000,none,0.10700000000000004,0.037018071303555444,0.03448206697830544,0.19172222222222224,0.1154332760156177,0.0896747644210735,poststratified,poststratified,0.0,0.0867137106996288,True
leave_one_epsilon_out,3,2.0,1017,2.0,1000,strong,0.22200000000000006,0.2686489377722359,0.06083047980617079,0.18273076923076925,0.24984892029531733,0.14653975563591798,poststratified,poststratified,0.0,0.0867137106996288,True
leave_one_epsilon_out,3,2.0,1017,2.0,2000,moderate,0.11900000000000002,0.12316319787558519,0.025252754443668063,0.18273076923076925,0.1154332760156177,0.0896747644210735,poststratified,poststratified,0.0,0.0867137106996288,True
leave_one_epsilon_out,3,2.0,1017,2.0,2000,none,0.10200000000000004,0.027357742460599688,0.030210803160973715,0.19172222222222224,0.1154332760156177,0.0896747644210735,rr_debiased,poststratified,0.002853060700374027,0.0867137106996288,True
leave_one_epsilon_out,3,2.0,1017,2.0,2000,strong,0.19200000000000003,0.22309279699651693,0.02163539117119287,0.18273076923076925,0.24984892029531733,0.0896747644210735,poststratified,poststratified,0.0,0.0867137106996288,False
leave_one_epsilon_out,0,0.25,1018,0.25,250,moderate,0.2730000000000001,0.5741644130755307,0.599923997648545,0.23331904761904765,0.3241274230202852,0.3498167652585278,raw_frequencies,raw_frequencies,0.0,0.052403633476866975,False
leave_one_epsilon_out,0,0.25,1018,0.25,250,none,0.32100000000000006,0.8400000000000001,0.84,0.2328526315789474,0.2687476371453217,0.3498167652585278,raw_frequencies,raw_frequencies,0.0,0.052403633476866975,True
leave_one_epsilon_out,0,0.25,1018,0.25,250,strong,0.26500000000000007,0.8744035913742974,0.8802561153608028,0.23331904761904765,0.46085905497323176,0.520072405158256,raw_frequencies,raw_frequencies,0.0,0.052403633476866975,False
leave_one_epsilon_out,0,0.25,1018,0.25,500,moderate,0.26100000000000007,0.9116971989224363,0.833215782043298,0.23331904761904765,0.3241274230202852,0.2840593519129284,raw_frequencies,raw_frequencies,0.0,0.052403633476866975,True
leave_one_epsilon_out,0,0.25,1018,0.25,500,none,0.26500000000000007,0.6745785661213148,0.7713971007207459,0.25515625,0.2687476371453217,0.2840593519129284,raw_frequencies,raw_frequencies,0.0,0.052403633476866975,True
leave_one_epsilon_out,0,0.25,1018,0.25,500,strong,0.2930000000000001,0.5279146731052771,0.5973892566503337,0.23331904761904765,0.344025258498005,0.34718447576262945,raw_frequencies,raw_frequencies,0.0,0.052403633476866975,False
leave_one_epsilon_out,0,0.25,1018,0.25,1000,moderate,0.26700000000000007,0.5654141530457841,0.7849999999999999,0.23331904761904765,0.2108581181668117,0.2894213255063377,raw_frequencies,rr_debiased,0.29841415304578406,0.052403633476866975,True
leave_one_epsilon_out,0,0.25,1018,0.25,1000,none,0.28500000000000003,0.2735411032688827,0.2622316645787047,0.2328526315789474,0.15741167615954943,0.18475296788865145,poststratified,rr_debiased,0.011309438690177975,0.052403633476866975,True
leave_one_epsilon_out,0,0.25,1018,0.25,1000,strong,0.25700000000000006,0.22083142644852538,0.36453627656734827,0.23331904761904765,0.344025258498005,0.2894213255063377,rr_debiased,raw_frequencies,0.03616857355147468,0.052403633476866975,False
leave_one_epsilon_out,0,0.25,1018,0.25,2000,moderate,0.2440000000000001,0.25947606797885464,0.15463818668602675,0.23331904761904765,0.2108581181668117,0.14717581321931875,poststratified,poststratified,0.0,0.052403633476866975,False
leave_one_epsilon_out,0,0.25,1018,0.25,2000,none,0.2780000000000001,0.3429157132242627,0.3142187824991012,0.2328526315789474,0.15741167615954943,0.14717581321931875,raw_frequencies,poststratified,0.0362187824991011,0.052403633476866975,True
leave_one_epsilon_out,0,0.25,1018,0.25,2000,strong,0.21100000000000002,0.5313545662139847,0.37499999999999983,0.23331904761904765,0.24314589985265872,0.19947404743048866,raw_frequencies,poststratified,0.1639999999999998,0.052403633476866975,True
leave_one_epsilon_out,1,0.5,1018,0.5,250,moderate,0.193,0.36162248512942063,0.18199959693970885,0.2724461538461539,0.6203302237235552,0.626995486577237,poststratified,raw_frequencies,0.011000403060291153,0.0533172463118067,False
leave_one_epsilon_out,1,0.5,1018,0.5,250,none,0.3530000000000001,0.6366349111867713,0.6093034675257312,0.2648031496062993,0.6203302237235552,0.47566860285329626,raw_frequencies,raw_frequencies,0.0,0.0533172463118067,False
leave_one_epsilon_out,1,0.5,1018,0.5,250,strong,0.3050000000000001,0.36665976330147226,0.8816251137518394,0.2648031496062993,0.6203302237235552,0.8379281914021801,raw_frequencies,raw_frequencies,0.0,0.0533172463118067,False
leave_one_epsilon_out,1,0.5,1018,0.5,500,moderate,0.1770000000000001,0.3532739643926587,0.37499999999999994,0.2648031496062993,0.48988760083764193,0.626995486577237,raw_frequencies,raw_frequencies,0.0,0.0533172463118067,False
leave_one_epsilon_out,1,0.5,1018,0.5,500,none,0.21300000000000002,0.17163491118677085,0.17476535649060262,0.2648031496062993,0.48988760083764193,0.47566860285329626,rr_debiased,raw_frequencies,0.04136508881322917,0.0533172463118067,False
leave_one_epsilon_out,1,0.5,1018,0.5,500,strong,0.1610000000000001,0.37499999999999983,0.338307378291713,0.24875000000000008,0.7422391027984748,0.8379281914021801,raw_frequencies,raw_frequencies,0.0,0.0533172463118067,False
leave_one_epsilon_out,1,0.5,1018,0.5,1000,moderate,0.2270000000000001,0.08039837274890074,0.11355334300590725,0.2724461538461539,0.36812981362702724,0.3625652465304861,rr_debiased,raw_frequencies,0.14660162725109935,0.0533172463118067,False
leave_one_epsilon_out,1,0.5,1018,0.5,1000,none,0.24900000000000005,0.22332366862206068,0.21735558904323937,0.2648031496062993,0.36812981362702724,0.3625652465304861,poststratified,raw_frequencies,0.03164441095676068,0.0533172463118067,False
leave_one_epsilon_out,1,0.5,1018,0.5,1000,strong,0.28500000000000003,0.25417011834926406,0.3452262993956904,0.2648031496062993,0.43222944543303077,0.4659427023757644,rr_debiased,raw_frequencies,0.03082988165073597,0.0533172463118067,False
leave_one_epsilon_out,1,0.5,1018,0.5,2000,moderate,0.24500000000000005,0.06021368344135897,0.0975416653155235,0.2724461538461539,0.2563347289067596,0.23676882275191513,rr_debiased,poststratified,0.03732798187416453,0.0533172463118067,True
leave_one_epsilon_out,1,0.5,1018,0.5,2000,none,0.2360000000000001,0.02415355027279678,0.021029346367353374,0.2648031496062993,0.2563347289067596,0.23676882275191513,poststratified,poststratified,0.0,0.0533172463118067,True
leave_one_epsilon_out,1,0.5,1018,0.5,2000,strong,0.24900000000000005,0.19958091715551504,0.25134046435628427,0.2648031496062993,0.43222944543303077,0.37772884976643945,rr_debiased,raw_frequencies,0.04941908284448501,0.0533172463118067,False
leave_one_epsilon_out,2,1.0,1018,1.0,250,moderate,0.264,0.4222976642684569,0.3917785922443484,0.20847826086956525,0.32430870810624346,0.315457035762629,raw_frequencies,raw_frequencies,0.0,0.06403578290935355,False
leave_one_epsilon_out,2,1.0,1018,1.0,250,none,0.13700000000000007,0.18188835985313917,0.16975652764629046,0.2551562499999999,0.32430870810624346,0.315457035762629,raw_frequencies,raw_frequencies,0.0,0.06403578290935355,True
leave_one_epsilon_out,2,1.0,1018,1.0,250,strong,0.23199999999999998,0.3344279004090015,0.5249257413104822,0.23331904761904745,0.46849503454977365,0.4398924958733276,raw_frequencies,raw_frequencies,0.0,0.06403578290935355,False
leave_one_epsilon_out,2,1.0,1018,1.0,500,moderate,0.1690000000000001,0.0720511550288199,0.09694905183782318,0.20847826086956525,0.21714440740316213,0.315457035762629,rr_debiased,raw_frequencies,0.0969488449711802,0.06403578290935355,True
leave_one_epsilon_out,2,1.0,1018,1.0,500,none,0.14900000000000008,0.1268883598531391,0.14528901626528307,0.2328526315789474,0.21714440740316213,0.315457035762629,rr_debiased,rr_debiased,0.0,0.06403578290935355,True
leave_one_epsilon_out,2,1.0,1018,1.0,500,strong,0.284,0.4772162666806162,0.3163470484359164,0.23331904761904745,0.3272652644670899,0.4398924958733276,raw_frequencies,raw_frequencies,0.0,0.06403578290935355,False
leave_one_epsilon_out,2,1.0,1018,1.0,1000,moderate,0.191,0.14770465220765877,0.06633143560441454,0.2551562499999999,0.21714440740316213,0.16525538763569586,poststratified,poststratified,0.0,0.06403578290935355,True
leave_one_epsilon_out,2,1.0,1018,1.0,1000,none,0.1830000000000001,0.06655929478760386,0.06643324272415621,0.2328526315789474,0.21714440740316213,0.16525538763569586,poststratified,poststratified,0.0,0.06403578290935355,True
leave_one_epsilon_out,2,1.0,1018,1.0,1000,strong,0.17300000000000004,0.18188835985313898,0.0922259777800449,0.23331904761904745,0.3272652644670899,0.2468786939839766,poststratified,raw_frequencies,0.08077402221995514,0.06403578290935355,True
leave_one_epsilon_out,2,1.0,1018,1.0,2000,moderate,0.1810000000000001,0.11873196707915559,0.03946112726585116,0.20847826086956525,0.21714440740316213,0.2468786939839766,poststratified,raw_frequencies,0.14153887273414895,0.06403578290935355,True
leave_one_epsilon_out,2,1.0,1018,1.0,2000,none,0.197,0.06799128112218686,0.07002212324039336,0.2328526315789474,0.21714440740316213,0.16525538763569586,rr_debiased,poststratified,0.002030842118206505,0.06403578290935355,True
leave_one_epsilon_out,2,1.0,1018,1.0,2000,strong,0.192,0.21086104498164232,0.02275681050915157,0.23331904761904745,0.3272652644670899,0.2468786939839766,poststratified,raw_frequencies,0.16924318949084843,0.06403578290935355,True
leave_one_epsilon_out,3,2.0,1018,2.0,250,moderate,0.21600000000000005,0.26570983191573794,0.12903665509726947,0.18550666666666674,0.2285001265358877,0.17635526461516213,poststratified,poststratified,0.0,0.0867137106996288,True
leave_one_epsilon_out,3,2.0,1018,2.0,250,none,0.032999999999999974,0.13548338447770847,0.13824113966969961,0.18550666666666674,0.2285001265358877,0.17635526461516213,raw_frequencies,poststratified,0.10524113966969964,0.0867137106996288,True
leave_one_epsilon_out,3,2.0,1018,2.0,250,strong,0.22400000000000003,0.24779068169794927,0.18608539012398395,0.18550666666666674,0.31690358059204016,0.2990652079890661,poststratified,raw_frequencies,0.03791460987601608,0.0867137106996288,False
leave_one_epsilon_out,3,2.0,1018,2.0,500,moderate,0.12400000000000005,0.10083538887304958,0.06872043920881415,0.20158620689655177,0.1154332760156177,0.17635526461516213,poststratified,rr_debiased,0.03211494966423542,0.0867137106996288,True
leave_one_epsilon_out,3,2.0,1018,2.0,500,none,0.06900000000000003,0.03555378535677667,0.023014788636618544,0.20158620689655177,0.1154332760156177,0.17635526461516213,poststratified,rr_debiased,0.012538996720158124,0.0867137106996288,True
leave_one_epsilon_out,3,2.0,1018,2.0,500,strong,0.12400000000000003,0.15402380936881413,0.12804298031897654,0.20242307692307696,0.24984892029531733,0.2990652079890661,raw_frequencies,raw_frequencies,0.0,0.0867137106996288,True
leave_one_epsilon_out,3,2.0,1018,2.0,1000,moderate,0.13300000000000006,0.10083538887304958,0.08339024254861666,0.17209090909090916,0.1154332760156177,0.0896747644210735,poststratified,poststratified,0.0,0.0867137106996288,True
leave_one_epsilon_out,3,2.0,1018,2.0,1000,none,0.10900000000000004,0.02820075373406153,0.021944826117563543,0.19172222222222224,0.1154332760156177,0.0896747644210735,poststratified,poststratified,0.0,0.0867137106996288,True
leave_one_epsilon_out,3,2.0,1018,2.0,1000,strong,0.168,0.23925787920725597,0.08371361291836604,0.18273076923076925,0.24984892029531733,0.0896747644210735,poststratified,poststratified,0.0,0.0867137106996288,False
leave_one_epsilon_out,3,2.0,1018,2.0,2000,moderate,0.12700000000000003,0.14226738594282215,0.06633026226619423,0.19172222222222224,0.1154332760156177,0.0896747644210735,poststratified,poststratified,0.0,0.0867137106996288,True
leave_one_epsilon_out,3,2.0,1018,2.0,2000,none,0.12500000000000006,0.05024404765779647,0.052720507589354704,0.19172222222222224,0.1154332760156177,0.0896747644210735,rr_debiased,poststratified,0.0024764599315582336,0.0867137106996288,True
leave_one_epsilon_out,3,2.0,1018,2.0,2000,strong,0.17700000000000002,0.21868413821177,0.015094726751534282,0.18273076923076925,0.24984892029531733,0.14653975563591798,poststratified,poststratified,0.0,0.0867137106996288,True
leave_one_epsilon_out,0,0.25,1019,0.25,250,moderate,0.329,0.7233309063890327,0.33285478706334776,0.23331904761904765,0.3241274230202852,0.3498167652585278,raw_frequencies,raw_frequencies,0.0,0.052403633476866975,False
leave_one_epsilon_out,0,0.25,1019,0.25,250,none,0.2730000000000001,0.7849999999999999,0.7850000000000001,0.2328526315789474,0.2687476371453217,0.3498167652585278,raw_frequencies,raw_frequencies,0.0,0.052403633476866975,True
leave_one_epsilon_out,0,0.25,1019,0.25,250,strong,0.32100000000000006,0.8400000000000001,0.5303945639781588,0.23331904761904765,0.46085905497323176,0.520072405158256,raw_frequencies,raw_frequencies,0.0,0.052403633476866975,False
leave_one_epsilon_out,0,0.25,1019,0.25,500,moderate,0.277,0.1579167533432489,0.6864385339557204,0.23331904761904765,0.3241274230202852,0.2840593519129284,rr_debiased,raw_frequencies,0.11908324665675113,0.052403633476866975,True
leave_one_epsilon_out,0,0.25,1019,0.25,500,none,0.34900000000000003,0.9545796062403006,0.9617951681437669,0.25515625,0.2687476371453217,0.2840593519129284,raw_frequencies,raw_frequencies,0.0,0.052403633476866975,True
leave_one_epsilon_out,0,0.25,1019,0.25,500,strong,0.2730000000000001,0.6666638930160379,1.2149999999999999,0.23331904761904765,0.344025258498005,0.34718447576262945,raw_frequencies,raw_frequencies,0.0,0.052403633476866975,False
leave_one_epsilon_out,0,0.25,1019,0.25,1000,moderate,0.20700000000000007,0.3749999999999999,0.375,0.23331904761904765,0.2108581181668117,0.18475296788865145,raw_frequencies,poststratified,0.16799999999999993,0.052403633476866975,True
leave_one_epsilon_out,0,0.25,1019,0.25,1000,none,0.22900000000000004,0.4971115478656946,0.48580070495731925,0.25515625,0.15741167615954943,0.18475296788865145,raw_frequencies,rr_debiased,0.2681115478656946,0.052403633476866975,True
leave_one_epsilon_out,0,0.25,1019,0.25,1000,strong,0.31700000000000006,0.8400000000000001,0.9151694776713117,0.23331904761904765,0.344025258498005,0.2894213255063377,raw_frequencies,raw_frequencies,0.0,0.052403633476866975,False
leave_one_epsilon_out,0,0.25,1019,0.25,2000,moderate,0.29200000000000004,0.29666597325400956,0.25061910684546956,0.23331904761904765,0.2108581181668117,0.19947404743048866,poststratified,poststratified,0.0,0.052403633476866975,True
leave_one_epsilon_out,0,0.25,1019,0.25,2000,none,0.30100000000000005,0.39958272659725835,0.40368246926062795,0.2328526315789474,0.15741167615954943,0.14717581321931875,raw_frequencies,poststratified,0.1026824692606279,0.052403633476866975,True
leave_one_epsilon_out,0,0.25,1019,0.25,2000,strong,0.319,0.6077065564633986,0.5846374200254276,0.23331904761904765,0.24314589985265872,0.19947404743048866,raw_frequencies,poststratified,0.2656374200254276,0.052403633476866975,True
leave_one_epsilon_out,1,0.5,1019,0.5,250,moderate,0.21700000000000003,0.22663491118677104,0.3315973150859086,0.2724461538461539,0.6203302237235552,0.626995486577237,raw_frequencies,raw_frequencies,0.0,0.0533172463118067,False
leave_one_epsilon_out,1,0.5,1019,0.5,250,none,0.1690000000000001,0.37499999999999994,0.37499999999999994,0.2648031496062993,0.6203302237235552,0.626995486577237,raw_frequencies,raw_frequencies,0.0,0.0533172463118067,False
leave_one_epsilon_out,1,0.5,1019,0.5,250,strong,0.17700000000000005,0.4516142010911867,0.3749999999999999,0.2648031496062993,0.6203302237235552,0.6934628603651423,raw_frequencies,raw_frequencies,0.0,0.0533172463118067,False
leave_one_epsilon_out,1,0.5,1019,0.5,500,moderate,0.29300000000000004,0.29916597633014724,0.39925798001524865,0.2648031496062993,0.48988760083764193,0.626995486577237,raw_frequencies,raw_frequencies,0.0,0.0533172463118067,False
leave_one_epsilon_out,1,0.5,1019,0.5,500,none,0.25300000000000006,0.3808091715551519,0.35069736110466165,0.2648031496062993,0.48988760083764193,0.47566860285329626,raw_frequencies,raw_frequencies,0.0,0.0533172463118067,False
leave_one_epsilon_out,1,0.5,1019,0.5,500,strong,0.19700000000000006,0.27163076916765444,0.37499999999999994,0.2946190476190476,0.7422391027984748,0.8379281914021801,raw_frequencies,raw_frequencies,0.0,0.0533172463118067,False
leave_one_epsilon_out,1,0.5,1019,0.5,1000,moderate,0.23900000000000005,0.17163491118677096,0.2886015603537593,0.2648031496062993,0.36812981362702724,0.3625652465304861,rr_debiased,raw_frequencies,0.06736508881322908,0.0533172463118067,False
leave_one_epsilon_out,1,0.5,1019,0.5,1000,none,0.197,0.32912041411986226,0.3308358631966728,0.2648031496062993,0.36812981362702724,0.3625652465304861,raw_frequencies,raw_frequencies,0.0,0.0533172463118067,False
leave_one_epsilon_out,1,0.5,1019,0.5,1000,strong,0.22300000000000003,0.5191079880625118,0.3856811850469816,0.2648031496062993,0.3744065393364515,0.4659427023757644,raw_frequencies,raw_frequencies,0.0,0.0533172463118067,False
leave_one_epsilon_out,1,0.5,1019,0.5,2000,moderate,0.24200000000000005,0.20520539940312543,0.09797738620570925,0.2648031496062993,0.3744065393364515,0.4659427023757644,poststratified,raw_frequencies,0.1440226137942908,0.0533172463118067,False
leave_one_epsilon_out,1,0.5,1019,0.5,2000,none,0.23000000000000004,0.21538594669155028,0.2165402926218117,0.2648031496062993,0.2563347289067596,0.23676882275191513,rr_debiased,poststratified,0.0011543459302614245,0.0533172463118067,True
leave_one_epsilon_out,1,0.5,1019,0.5,2000,strong,0.21200000000000008,0.15641708572629504,0.0754417624940138,0.2946190476190476,0.43222944543303077,0.37772884976643945,poststratified,raw_frequencies,0.13655823750598628,0.0533172463118067,False
leave_one_epsilon_out,2,1.0,1019,1.0,250,moderate,0.21700000000000003,0.22459069558468223,0.13074486657984102,0.23331904761904745,0.46849503454977365,0.4398924958733276,poststratified,raw_frequencies,0.086255133420159,0.06403578290935355,False
leave_one_epsilon_out,2,1.0,1019,1.0,250,none,0.21600000000000003,0.3795953285369135,0.3681810269676401,0.2551562499999999,0.32430870810624346,0.315457035762629,raw_frequencies,raw_frequencies,0.0,0.06403578290935355,True
leave_one_epsilon_out,2,1.0,1019,1.0,250,strong,0.29600000000000004,0.510167428127912,0.04369651058579241,0.23331904761904745,0.46849503454977365,0.4398924958733276,poststratified,raw_frequencies,0.25230348941420766,0.06403578290935355,False
leave_one_epsilon_out,2,1.0,1019,1.0,500,moderate,0.1850000000000001,0.03909999358152408,0.09687624840313822,0.23331904761904745,0.21714440740316213,0.315457035762629,rr_debiased,rr_debiased,0.0,0.06403578290935355,True
leave_one_epsilon_out,2,1.0,1019,1.0,500,none,0.21300000000000008,0.07565349717883901,0.07792853085260956,0.2328526315789474,0.21714440740316213,0.315457035762629,rr_debiased,rr_debiased,0.0,0.06403578290935355,True
leave_one_epsilon_out,2,1.0,1019,1.0,500,strong,0.24000000000000005,0.3563953413738653,0.3443840111884562,0.23331904761904745,0.3272652644670899,0.4398924958733276,raw_frequencies,raw_frequencies,0.0,0.06403578290935355,False
leave_one_epsilon_out,2,1.0,1019,1.0,1000,moderate,0.18500000000000005,0.14344533816462723,0.05674575702294618,0.23331904761904745,0.21714440740316213,0.16525538763569586,poststratified,poststratified,0.0,0.06403578290935355,True
leave_one_epsilon_out,2,1.0,1019,1.0,1000,none,0.2370000000000001,0.14155582007343065,0.1403733689729587,0.2328526315789474,0.21714440740316213,0.16525538763569586,poststratified,poststratified,0.0,0.06403578290935355,True
leave_one_epsilon_out,2,1.0,1019,1.0,1000,strong,0.21200000000000002,0.2795092979968419,0.11196771057761434,0.23331904761904745,0.21714440740316213,0.2468786939839766,poststratified,rr_debiased,0.16754158741922753,0.06403578290935355,True
leave_one_epsilon_out,2,1.0,1019,1.0,2000,moderate,0.18100000000000005,0.1297156875615873,0.04660439876933023,0.23331904761904745,0.21714440740316213,0.16525538763569586,poststratified,poststratified,0.0,0.06403578290935355,True
leave_one_epsilon_out,2,1.0,1019,1.0,2000,none,0.19800000000000006,0.054261630519147175,0.05464592193423909,0.2328526315789474,0.21714440740316213,0.16525538763569586,rr_debiased,poststratified,0.0003842914150919141,0.06403578290935355,True
leave_one_epsilon_out,2,1.0,1019,1.0,2000,strong,0.17800000000000005,0.19287208033557088,0.12803953178898297,0.23331904761904745,0.3272652644670899,0.2468786939839766,poststratified,raw_frequencies,0.04996046821101707,0.06403578290935355,True
leave_one_epsilon_out,3,2.0,1019,2.0,250,moderate,0.07299999999999998,0.10490202108181004,0.2854041625108532,0.20158620689655177,0.2285001265358877,0.17635526461516213,raw_frequencies,poststratified,0.21240416251085323,0.0867137106996288,True
leave_one_epsilon_out,3,2.0,1019,2.0,250,none,0.07200000000000001,0.187196985063754,0.18265981262356312,0.20158620689655177,0.2285001265358877,0.17635526461516213,raw_frequencies,poststratified,0.11065981262356311,0.0867137106996288,True
leave_one_epsilon_out,3,2.0,1019,2.0,250,strong,0.216,0.31273552561970586,0.1409859870959268,0.22204761904761905,0.31690358059204016,0.2990652079890661,poststratified,raw_frequencies,0.0750140129040732,0.0867137106996288,True
leave_one_epsilon_out,3,2.0,1019,2.0,500,moderate,0.12800000000000006,0.224562349924766,0.06922359753284246,0.18550666666666674,0.1154332760156177,0.17635526461516213,poststratified,rr_debiased,0.15533875239192355,0.0867137106996288,True
leave_one_epsilon_out,3,2.0,1019,2.0,500,none,0.11700000000000005,0.03498475519917521,0.0316861936753105,0.20158620689655177,0.1154332760156177,0.17635526461516213,poststratified,rr_debiased,0.003298561523864707,0.0867137106996288,True
leave_one_epsilon_out,3,2.0,1019,2.0,500,strong,0.10400000000000004,0.18341486793379408,0.24765686437608608,0.20242307692307696,0.24984892029531733,0.2990652079890661,raw_frequencies,raw_frequencies,0.0,0.0867137106996288,True
leave_one_epsilon_out,3,2.0,1019,2.0,1000,moderate,0.15200000000000008,0.23631877335075802,0.05404435594245666,0.18273076923076925,0.1154332760156177,0.0896747644210735,poststratified,poststratified,0.0,0.0867137106996288,True
leave_one_epsilon_out,3,2.0,1019,2.0,1000,none,0.03900000000000001,0.07964037320424663,0.08108765076474872,0.19172222222222224,0.1154332760156177,0.0896747644210735,raw_frequencies,poststratified,0.04208765076474871,0.0867137106996288,True
leave_one_epsilon_out,3,2.0,1019,2.0,1000,strong,0.204,0.2980399963372159,0.05075749187905701,0.18273076923076925,0.24984892029531733,0.14653975563591798,poststratified,poststratified,0.0,0.0867137106996288,True
leave_one_epsilon_out,3,2.0,1019,2.0,2000,moderate,0.133,0.11406136522729046,0.028620637655139558,0.17209090909090916,0.1154332760156177,0.0896747644210735,poststratified,poststratified,0.0,0.0867137106996288,True
leave_one_epsilon_out,3,2.0,1019,2.0,2000,none,0.12700000000000006,0.0496802844816652,0.04912624389506823,0.19172222222222224,0.1154332760156177,0.0896747644210735,poststratified,poststratified,0.0,0.0867137106996288,True
leave_one_epsilon_out,3,2.0,1019,2.0,2000,strong,0.21,0.30244865512196284,0.029070373755263612,0.18273076923076925,0.24984892029531733,0.0896747644210735,poststratified,poststratified,0.0,0.0867137106996288,False
leave_one_epsilon_out,0,0.25,1020,0.25,250,moderate,0.27999999999999997,1.2149999999999999,1.2149999999999999,0.23331904761904765,0.3241274230202852,0.3498167652585278,raw_frequencies,raw_frequencies,0.0,0.052403633476866975,False
leave_one_epsilon_out,0,0.25,1020,0.25,250,none,0.2810000000000001,0.29666597325400923,0.39703123936931145,0.20847826086956522,0.3241274230202852,0.3498167652585278,raw_frequencies,raw_frequencies,0.0,0.052403633476866975,False
leave_one_epsilon_out,0,0.25,1020,0.25,250,strong,0.201,0.6260587150061665,0.7849999999999999,0.23331904761904765,0.46085905497323176,0.520072405158256,raw_frequencies,raw_frequencies,0.0,0.052403633476866975,False
leave_one_epsilon_out,0,0.25,1020,0.25,500,moderate,0.22100000000000003,0.7956993901249588,0.5437157308505295,0.23331904761904765,0.3241274230202852,0.2840593519129284,raw_frequencies,raw_frequencies,0.0,0.052403633476866975,True
leave_one_epsilon_out,0,0.25,1020,0.25,500,none,0.21300000000000002,0.3868244323096031,0.3806381476507157,0.2328526315789474,0.2687476371453217,0.2840593519129284,raw_frequencies,raw_frequencies,0.0,0.052403633476866975,True
leave_one_epsilon_out,0,0.25,1020,0.25,500,strong,0.2370000000000001,0.34041311292679843,1.05837242182718,0.23331904761904765,0.344025258498005,0.34718447576262945,raw_frequencies,raw_frequencies,0.0,0.052403633476866975,False
leave_one_epsilon_out,0,0.25,1020,0.25,1000,moderate,0.28300000000000003,0.19145889673111727,0.25846259147775763,0.23331904761904765,0.2108581181668117,0.18475296788865145,rr_debiased,poststratified,0.06700369474664036,0.052403633476866975,True
leave_one_epsilon_out,0,0.25,1020,0.25,1000,none,0.29500000000000004,0.330208116641878,0.36294759500360313,0.2328526315789474,0.15741167615954943,0.18475296788865145,raw_frequencies,rr_debiased,0.03520811664187795,0.052403633476866975,True
leave_one_epsilon_out,0,0.25,1020,0.25,1000,strong,0.3090000000000001,0.8400000000000002,0.849898960579359,0.23331904761904765,0.344025258498005,0.2894213255063377,raw_frequencies,raw_frequencies,0.0,0.052403633476866975,False
leave_one_epsilon_out,0,0.25,1020,0.25,2000,moderate,0.2820000000000001,0.45854006314989665,0.39712927069897813,0.23331904761904765,0.2108581181668117,0.19947404743048866,raw_frequencies,poststratified,0.11512927069897805,0.052403633476866975,True
leave_one_epsilon_out,0,0.25,1020,0.25,2000,none,0.24900000000000005,0.22364360141134237,0.21981216900848366,0.2328526315789474,0.15741167615954943,0.14717581321931875,poststratified,poststratified,0.0,0.052403633476866975,True
leave_one_epsilon_out,0,0.25,1020,0.25,2000,strong,0.2730000000000001,0.27354110326888237,0.32535762431390236,0.23331904761904765,0.24314589985265872,0.19947404743048866,raw_frequencies,poststratified,0.052357624313902285,0.052403633476866975,True
leave_one_epsilon_out,1,0.5,1020,0.5,250,moderate,0.29700000000000004,0.32166390532058886,0.5083599523271315,0.2648031496062993,0.6203302237235552,0.6934628603651423,raw_frequencies,raw_frequencies,0.0,0.0533172463118067,False
leave_one_epsilon_out,1,0.5,1020,0.5,250,none,0.2730000000000001,0.32331952660294383,0.4155121270006873,0.2648031496062993,0.6203302237235552,0.626995486577237,raw_frequencies,raw_frequencies,0.0,0.0533172463118067,False
leave_one_epsilon_out,1,0.5,1020,0.5,250,strong,0.2250000000000001,0.1366431952250048,0.6327978108574059,0.2648031496062993,0.6203302237235552,0.8379281914021801,rr_debiased,raw_frequencies,0.0883568047749953,0.0533172463118067,False
leave_one_epsilon_out,1,0.5,1020,0.5,500,moderate,0.26100000000000007,0.4808050295360352,0.45343934377955053,0.2648031496062993,0.48988760083764193,0.6934628603651423,raw_frequencies,raw_frequencies,0.0,0.0533172463118067,False
leave_one_epsilon_out,1,0.5,1020,0.5,500,none,0.1850000000000001,0.30827810641177533,0.3258459151525955,0.2648031496062993,0.48988760083764193,0.47566860285329626,raw_frequencies,raw_frequencies,0.0,0.0533172463118067,False
leave_one_epsilon_out,1,0.5,1020,0.5,500,strong,0.20500000000000002,0.49661005907207023,0.15255497899716997,0.2648031496062993,0.48988760083764193,0.6934628603651423,poststratified,raw_frequencies,0.05244502100283005,0.0533172463118067,False
leave_one_epsilon_out,1,0.5,1020,0.5,1000,moderate,0.24900000000000005,0.25707056210772306,0.39766067244483533,0.2648031496062993,0.36812981362702724,0.4659427023757644,raw_frequencies,raw_frequencies,0.0,0.0533172463118067,False
leave_one_epsilon_out,1,0.5,1020,0.5,1000,none,0.24900000000000005,0.05168875743528972,0.0416756452977656,0.2648031496062993,0.36812981362702724,0.3625652465304861,poststratified,raw_frequencies,0.20732435470223445,0.0533172463118067,False
leave_one_epsilon_out,1,0.5,1020,0.5,1000,strong,0.24700000000000005,0.2220788461459566,0.0718495339694381,0.2648031496062993,0.43222944543303077,0.4659427023757644,poststratified,raw_frequencies,0.17515046603056195,0.0533172463118067,False
leave_one_epsilon_out,1,0.5,1020,0.5,2000,moderate,0.23000000000000004,0.11976974848217334,0.07357900220712302,0.2648031496062993,0.2563347289067596,0.23676882275191513,poststratified,poststratified,0.0,0.0533172463118067,True
leave_one_epsilon_out,1,0.5,1020,0.5,2000,none,0.24800000000000005,0.0770871301841902,0.06683576756158,0.2648031496062993,0.2563347289067596,0.23676882275191513,poststratified,poststratified,0.0,0.0533172463118067,True
leave_one_epsilon_out,1,0.5,1020,0.5,2000,strong,0.21300000000000008,0.15914112421544646,0.05237177117173092,0.2648031496062993,0.43222944543303077,0.4659427023757644,poststratified,raw_frequencies,0.16062822882826916,0.0533172463118067,False
leave_one_epsilon_out,2,1.0,1020,1.0,250,moderate,0.192,0.37959532853691347,0.2525186384170981,0.23331904761904745,0.32430870810624346,0.315457035762629,raw_frequencies,raw_frequencies,0.0,0.06403578290935355,False
leave_one_epsilon_out,2,1.0,1020,1.0,250,none,0.23300000000000004,0.191558136549546,0.19410687260920517,0.2328526315789474,0.32430870810624346,0.315457035762629,rr_debiased,raw_frequencies,0.04144186345045403,0.06403578290935355,False
leave_one_epsilon_out,2,1.0,1020,1.0,250,strong,0.17700000000000005,0.20385580081800286,0.27951683028311747,0.23331904761904745,0.46849503454977365,0.4398924958733276,raw_frequencies,raw_frequencies,0.0,0.06403578290935355,False
leave_one_epsilon_out,2,1.0,1020,1.0,500,moderate,0.2,0.31369300564232194,0.12056754198932859,0.23331904761904745,0.21714440740316213,0.315457035762629,poststratified,rr_debiased,0.19312546365299335,0.06403578290935355,True
leave_one_epsilon_out,2,1.0,1020,1.0,500,none,0.14900000000000008,0.11598603695854753,0.09680806149247376,0.2551562499999999,0.21714440740316213,0.315457035762629,poststratified,rr_debiased,0.019177975466073777,0.06403578290935355,True
leave_one_epsilon_out,2,1.0,1020,1.0,500,strong,0.16800000000000004,0.2807418441950263,0.09518606900890605,0.23331904761904745,0.3272652644670899,0.4398924958733276,poststratified,raw_frequencies,0.07281393099109398,0.06403578290935355,False
leave_one_epsilon_out,2,1.0,1020,1.0,1000,moderate,0.1650000000000001,0.05615114861034384,0.2016044335863347,0.23331904761904745,0.21714440740316213,0.2468786939839766,rr_debiased,rr_debiased,0.0,0.06403578290935355,True
leave_one_epsilon_out,2,1.0,1020,1.0,1000,none,0.22100000000000003,0.09762093814370273,0.09581330958506051,0.2328526315789474,0.21714440740316213,0.16525538763569586,poststratified,poststratified,0.0,0.06403578290935355,True
leave_one_epsilon_out,2,1.0,1020,1.0,1000,strong,0.191,0.13122907148401086,0.1615468468471231,0.23331904761904745,0.3272652644670899,0.2468786939839766,rr_debiased,raw_frequencies,0.05977092851598914,0.06403578290935355,True
leave_one_epsilon_out,2,1.0,1020,1.0,2000,moderate,0.1680000000000001,0.0885267357524678,0.028375440165681914,0.20847826086956525,0.21714440740316213,0.16525538763569586,poststratified,poststratified,0.0,0.06403578290935355,True
leave_one_epsilon_out,2,1.0,1020,1.0,2000,none,0.19100000000000006,0.015243034525463328,0.011926413473920233,0.2328526315789474,0.21714440740316213,0.16525538763569586,poststratified,poststratified,0.0,0.06403578290935355,True
leave_one_epsilon_out,2,1.0,1020,1.0,2000,strong,0.185,0.2834877743156342,0.14602747441415387,0.23331904761904745,0.21714440740316213,0.2468786939839766,poststratified,rr_debiased,0.13746029990148034,0.06403578290935355,True
leave_one_epsilon_out,3,2.0,1020,2.0,250,moderate,0.16000000000000003,0.1537392942900133,0.13737403473056942,0.18550666666666674,0.2285001265358877,0.17635526461516213,poststratified,poststratified,0.0,0.0867137106996288,True
leave_one_epsilon_out,3,2.0,1020,2.0,250,none,0.21700000000000003,0.19279068169794922,0.2009277590673441,0.20158620689655177,0.2285001265358877,0.17635526461516213,rr_debiased,poststratified,0.008137077369394896,0.0867137106996288,True
leave_one_epsilon_out,3,2.0,1020,2.0,250,strong,0.31200000000000006,0.377111339383861,0.1197072359813306,0.22204761904761905,0.31690358059204016,0.17635526461516213,poststratified,poststratified,0.0,0.0867137106996288,True
leave_one_epsilon_out,3,2.0,1020,2.0,500,moderate,0.16,0.16578023279480605,0.08501541404848856,0.18550666666666674,0.1154332760156177,0.17635526461516213,poststratified,rr_debiased,0.0807648187463175,0.0867137106996288,True
leave_one_epsilon_out,3,2.0,1020,2.0,500,none,0.01700000000000007,0.11197053762572451,0.11472767420905547,0.20158620689655177,0.1154332760156177,0.17635526461516213,raw_frequencies,rr_debiased,0.09497053762572444,0.0867137106996288,True
leave_one_epsilon_out,3,2.0,1020,2.0,500,strong,0.17600000000000002,0.24219698506375398,0.06762980852376249,0.20242307692307696,0.24984892029531733,0.2990652079890661,poststratified,raw_frequencies,0.10837019147623753,0.0867137106996288,True
leave_one_epsilon_out,3,2.0,1020,2.0,1000,moderate,0.11400000000000002,0.12757185666033216,0.03751505093671775,0.17209090909090916,0.1154332760156177,0.0896747644210735,poststratified,poststratified,0.0,0.0867137106996288,True
leave_one_epsilon_out,3,2.0,1020,2.0,1000,none,0.11300000000000004,0.048774494729547535,0.05169756999511915,0.1811153846153847,0.1154332760156177,0.0896747644210735,rr_debiased,poststratified,0.0029230752655716175,0.0867137106996288,True
leave_one_epsilon_out,3,2.0,1020,2.0,1000,strong,0.17200000000000001,0.201049503072782,0.07483230769601981,0.18273076923076925,0.24984892029531733,0.14653975563591798,poststratified,poststratified,0.0,0.0867137106996288,True
leave_one_epsilon_out,3,2.0,1020,2.0,2000,moderate,0.10400000000000001,0.1216936449473362,0.029529411164269187,0.18273076923076925,0.1154332760156177,0.0896747644210735,poststratified,poststratified,0.0,0.0867137106996288,True
leave_one_epsilon_out,3,2.0,1020,2.0,2000,none,0.08800000000000005,0.04086823389364133,0.041012795746625086,0.1811153846153847,0.1154332760156177,0.0896747644210735,rr_debiased,poststratified,0.00014456185298375446,0.0867137106996288,True
leave_one_epsilon_out,3,2.0,1020,2.0,2000,strong,0.168,0.226031902853015,0.06388823960827936,0.18273076923076925,0.24984892029531733,0.0896747644210735,poststratified,poststratified,0.0,0.0867137106996288,False
leave_one_epsilon_out,0,0.25,1021,0.25,250,moderate,0.29700000000000004,0.7849999999999999,0.7849999999999999,0.25515625,0.3241274230202852,0.3498167652585278,raw_frequencies,raw_frequencies,0.0,0.052403633476866975,False
leave_one_epsilon_out,0,0.25,1021,0.25,250,none,0.24100000000000005,0.7208283060915683,0.8243901058836354,0.25515625,0.3241274230202852,0.3498167652585278,raw_frequencies,raw_frequencies,0.0,0.052403633476866975,False
leave_one_epsilon_out,0,0.25,1021,0.25,250,strong,0.25700000000000006,0.3508303863295398,0.8193501345955065,0.23331904761904765,0.46085905497323176,0.520072405158256,raw_frequencies,raw_frequencies,0.0,0.052403633476866975,False
leave_one_epsilon_out,0,0.25,1021,0.25,500,moderate,0.22100000000000003,0.40856646337498587,0.2609538706582103,0.23331904761904765,0.3241274230202852,0.2840593519129284,raw_frequencies,raw_frequencies,0.0,0.052403633476866975,True
leave_one_epsilon_out,0,0.25,1021,0.25,500,none,0.26500000000000007,0.22083142644852544,0.3289018178351209,0.25515625,0.3241274230202852,0.2840593519129284,rr_debiased,raw_frequencies,0.04416857355147463,0.052403633476866975,True
leave_one_epsilon_out,0,0.25,1021,0.25,500,strong,0.2450000000000001,0.24791363298629127,0.937681049693291,0.23331904761904765,0.344025258498005,0.34718447576262945,raw_frequencies,raw_frequencies,0.0,0.052403633476866975,False
leave_one_epsilon_out,0,0.25,1021,0.25,1000,moderate,0.26700000000000007,0.5510395430904038,0.6271860285187973,0.23331904761904765,0.2108581181668117,0.2894213255063377,raw_frequencies,rr_debiased,0.28403954309040375,0.052403633476866975,True
leave_one_epsilon_out,0,0.25,1021,0.25,1000,none,0.267,0.08854214338786853,0.06581294060081228,0.2328526315789474,0.15741167615954943,0.18475296788865145,poststratified,rr_debiased,0.022729202787056257,0.052403633476866975,True
leave_one_epsilon_out,0,0.25,1021,0.25,1000,strong,0.26500000000000007,0.613954216195681,0.47192711560445394,0.23331904761904765,0.344025258498005,0.2894213255063377,raw_frequencies,raw_frequencies,0.0,0.052403633476866975,False
leave_one_epsilon_out,0,0.25,1021,0.25,2000,moderate,0.24700000000000005,0.2786436014113424,0.19735509078672073,0.23331904761904765,0.2108581181668117,0.14717581321931875,poststratified,poststratified,0.0,0.052403633476866975,False
leave_one_epsilon_out,0,0.25,1021,0.25,2000,none,0.25700000000000006,0.2555187314262156,0.24983156033658083,0.2328526315789474,0.15741167615954943,0.14717581321931875,poststratified,poststratified,0.0,0.052403633476866975,True
leave_one_epsilon_out,0,0.25,1021,0.25,2000,strong,0.2820000000000001,0.5163522381127136,0.6378123612608857,0.23331904761904765,0.24314589985265872,0.19947404743048866,raw_frequencies,poststratified,0.3558123612608856,0.052403633476866975,True
leave_one_epsilon_out,1,0.5,1021,0.5,250,moderate,0.2810000000000001,0.6832863904500095,0.5714423937395057,0.2648031496062993,0.6203302237235552,0.626995486577237,raw_frequencies,raw_frequencies,0.0,0.0533172463118067,False
leave_one_epsilon_out,1,0.5,1021,0.5,250,none,0.201,0.45161420109118705,0.4712653705290286,0.2648031496062993,0.6203302237235552,0.47566860285329626,raw_frequencies,raw_frequencies,0.0,0.0533172463118067,False
leave_one_epsilon_out,1,0.5,1021,0.5,250,strong,0.15200000000000008,0.5152059985378541,0.5196365701960445,0.24875000000000008,0.7422391027984748,0.8379281914021801,raw_frequencies,raw_frequencies,0.0,0.0533172463118067,False
leave_one_epsilon_out,1,0.5,1021,0.5,500,moderate,0.23700000000000004,0.22663491118677104,0.1929084796904838,0.2648031496062993,0.48988760083764193,0.626995486577237,poststratified,raw_frequencies,0.04409152030951624,0.0533172463118067,False
leave_one_epsilon_out,1,0.5,1021,0.5,500,none,0.2250000000000001,0.08329881650735982,0.06756376932383437,0.2648031496062993,0.48988760083764193,0.47566860285329626,poststratified,raw_frequencies,0.15743623067616572,0.0533172463118067,False
leave_one_epsilon_out,1,0.5,1021,0.5,500,strong,0.26100000000000007,0.25582573963161903,0.18414528743899974,0.2648031496062993,0.48988760083764193,0.8379281914021801,poststratified,raw_frequencies,0.07685471256100032,0.0533172463118067,False
leave_one_epsilon_out,1,0.5,1021,0.5,1000,moderate,0.2270000000000001,0.08039837274890074,0.0596462036349312,0.2724461538461539,0.36812981362702724,0.3625652465304861,poststratified,raw_frequencies,0.1673537963650689,0.0533172463118067,False
leave_one_epsilon_out,1,0.5,1021,0.5,1000,none,0.22700000000000004,0.10414112421544611,0.08846888910280101,0.2648031496062993,0.36812981362702724,0.3625652465304861,poststratified,raw_frequencies,0.13853111089719902,0.0533172463118067,False
leave_one_epsilon_out,1,0.5,1021,0.5,1000,strong,0.23500000000000004,0.451614201091187,0.3491107488653097,0.2648031496062993,0.43222944543303077,0.4659427023757644,raw_frequencies,raw_frequencies,0.0,0.0533172463118067,False
leave_one_epsilon_out,1,0.5,1021,0.5,2000,moderate,0.25900000000000006,0.143336094679411,0.18827606127499202,0.2648031496062993,0.2563347289067596,0.23676882275191513,rr_debiased,poststratified,0.04493996659558103,0.0533172463118067,True
leave_one_epsilon_out,1,0.5,1021,0.5,2000,none,0.23200000000000004,0.047896301739342034,0.04136358307915991,0.2648031496062993,0.2563347289067596,0.23676882275191513,poststratified,poststratified,0.0,0.0533172463118067,True
leave_one_epsilon_out,1,0.5,1021,0.5,2000,strong,0.23000000000000004,0.226634911186771,0.13616436852837804,0.2648031496062993,0.43222944543303077,0.4659427023757644,poststratified,raw_frequencies,0.093835631471622,0.0533172463118067,False
leave_one_epsilon_out,2,1.0,1021,1.0,250,moderate,0.20900000000000002,0.13672093172522687,0.06297900343816212,0.2551562499999999,0.32430870810624346,0.315457035762629,poststratified,raw_frequencies,0.1460209965618379,0.06403578290935355,True
leave_one_epsilon_out,2,1.0,1021,1.0,250,none,0.22500000000000003,0.13672093172522687,0.14597382378630525,0.2551562499999999,0.32430870810624346,0.315457035762629,rr_debiased,raw_frequencies,0.08827906827477316,0.06403578290935355,True
leave_one_epsilon_out,2,1.0,1021,1.0,250,strong,0.12100000000000005,0.17697207391709507,0.22767069582495353,0.23331904761904745,0.46849503454977365,0.4398924958733276,raw_frequencies,raw_frequencies,0.0,0.06403578290935355,False
leave_one_epsilon_out,2,1.0,1021,1.0,500,moderate,0.20100000000000007,0.04885116786577162,0.12729845537832618,0.23331904761904745,0.21714440740316213,0.315457035762629,rr_debiased,rr_debiased,0.0,0.06403578290935355,True
leave_one_epsilon_out,2,1.0,1021,1.0,500,none,0.1810000000000001,0.028116273099092176,0.048594429785053184,0.2328526315789474,0.21714440740316213,0.315457035762629,rr_debiased,rr_debiased,0.0,0.06403578290935355,True
leave_one_epsilon_out,2,1.0,1021,1.0,500,strong,0.22800000000000004,0.5113999743260966,0.5239489146172593,0.23331904761904745,0.3272652644670899,0.4398924958733276,raw_frequencies,raw_frequencies,0.0,0.06403578290935355,False
leave_one_epsilon_out,2,1.0,1021,1.0,1000,moderate,0.2270000000000001,0.11409651886735075,0.1700754585353656,0.2551562499999999,0.21714440740316213,0.16525538763569586,rr_debiased,poststratified,0.05597893966801484,0.06403578290935355,True
leave_one_epsilon_out,2,1.0,1021,1.0,1000,none,0.13700000000000007,0.13303719198736735,0.1325158122651897,0.2328526315789474,0.21714440740316213,0.16525538763569586,poststratified,poststratified,0.0,0.06403578290935355,True
leave_one_epsilon_out,2,1.0,1021,1.0,1000,strong,0.15000000000000008,0.2203313815416509,0.05512188627588946,0.23331904761904745,0.21714440740316213,0.2468786939839766,poststratified,rr_debiased,0.16520949526576145,0.06403578290935355,True
leave_one_epsilon_out,2,1.0,1021,1.0,2000,moderate,0.15900000000000009,0.14893719840584335,0.08461818358391554,0.23331904761904745,0.21714440740316213,0.2468786939839766,poststratified,rr_debiased,0.06431901482192781,0.06403578290935355,True
leave_one_epsilon_out,2,1.0,1021,1.0,2000,none,0.1830000000000001,0.017132552616660274,0.016851499105082324,0.2328526315789474,0.21714440740316213,0.16525538763569586,poststratified,poststratified,0.0,0.06403578290935355,True
leave_one_epsilon_out,2,1.0,1021,1.0,2000,strong,0.18400000000000005,0.26152033335077046,0.05903044105242919,0.23331904761904745,0.3272652644670899,0.2468786939839766,poststratified,raw_frequencies,0.12496955894757086,0.06403578290935355,True
leave_one_epsilon_out,3,2.0,1021,2.0,250,moderate,0.11200000000000002,0.11287632737784217,0.029709564658616766,0.18550666666666674,0.2285001265358877,0.17635526461516213,poststratified,poststratified,0.0,0.0867137106996288,True
leave_one_epsilon_out,3,2.0,1021,2.0,250,none,0.0810000000000001,0.05787632737784215,0.047075686875886535,0.20158620689655177,0.2285001265358877,0.17635526461516213,poststratified,poststratified,0.0,0.0867137106996288,True
leave_one_epsilon_out,3,2.0,1021,2.0,250,strong,0.055999999999999994,0.10111990395185017,0.21479424815030349,0.20242307692307696,0.31690358059204016,0.2990652079890661,raw_frequencies,raw_frequencies,0.0,0.0867137106996288,False
leave_one_epsilon_out,3,2.0,1021,2.0,500,moderate,0.11200000000000002,0.13638917422982613,0.07133320373794061,0.18550666666666674,0.24984892029531733,0.17635526461516213,poststratified,poststratified,0.0,0.0867137106996288,True
leave_one_epsilon_out,3,2.0,1021,2.0,500,none,0.06500000000000003,0.041431997069772686,0.046132169522188765,0.20158620689655177,0.1154332760156177,0.17635526461516213,rr_debiased,rr_debiased,0.0,0.0867137106996288,True
leave_one_epsilon_out,3,2.0,1021,2.0,500,strong,0.14800000000000005,0.16578023279480616,0.03906916541477948,0.18550666666666674,0.24984892029531733,0.2990652079890661,poststratified,raw_frequencies,0.10893083458522057,0.0867137106996288,True
leave_one_epsilon_out,3,2.0,1021,2.0,1000,moderate,0.12800000000000003,0.1804757620772961,0.07480195083413041,0.17209090909090916,0.1154332760156177,0.0896747644210735,poststratified,poststratified,0.0,0.0867137106996288,True
leave_one_epsilon_out,3,2.0,1021,2.0,1000,none,0.11300000000000004,0.060530918155539515,0.042483913465859585,0.19172222222222224,0.1154332760156177,0.0896747644210735,poststratified,poststratified,0.0,0.0867137106996288,True
leave_one_epsilon_out,3,2.0,1021,2.0,1000,strong,0.25000000000000006,0.28599905783242324,0.20164934159853848,0.18273076923076925,0.24984892029531733,0.14653975563591798,poststratified,poststratified,0.0,0.0867137106996288,True
leave_one_epsilon_out,3,2.0,1021,2.0,2000,moderate,0.09800000000000006,0.09524169223885431,0.026545523388815773,0.17209090909090916,0.1154332760156177,0.0896747644210735,poststratified,poststratified,0.0,0.0867137106996288,True
leave_one_epsilon_out,3,2.0,1021,2.0,2000,none,0.11400000000000005,0.06934823572503337,0.07786420585146578,0.1811153846153847,0.1154332760156177,0.0896747644210735,rr_debiased,poststratified,0.008515970126432404,0.0867137106996288,True
leave_one_epsilon_out,3,2.0,1021,2.0,2000,strong,0.165,0.2451360909202519,0.051819352600068286,0.18273076923076925,0.24984892029531733,0.0896747644210735,poststratified,poststratified,0.0,0.0867137106996288,False
leave_one_epsilon_out,0,0.25,1022,0.25,250,moderate,0.2250000000000001,0.3749999999999999,0.3910952799132929,0.23331904761904765,0.3241274230202852,0.3498167652585278,raw_frequencies,raw_frequencies,0.0,0.052403633476866975,False
leave_one_epsilon_out,0,0.25,1022,0.25,250,none,0.20100000000000007,0.37499999999999994,0.37499999999999994,0.20847826086956522,0.3241274230202852,0.3498167652585278,raw_frequencies,raw_frequencies,0.0,0.052403633476866975,False
leave_one_epsilon_out,0,0.25,1022,0.25,250,strong,0.2730000000000001,0.2966659732540091,1.0172844995699521,0.23331904761904765,0.46085905497323176,0.520072405158256,raw_frequencies,raw_frequencies,0.0,0.052403633476866975,False
leave_one_epsilon_out,0,0.25,1022,0.25,500,moderate,0.36500000000000005,1.139578566121315,1.1494299533254615,0.23331904761904765,0.3241274230202852,0.2840593519129284,raw_frequencies,raw_frequencies,0.0,0.052403633476866975,True
leave_one_epsilon_out,0,0.25,1022,0.25,500,none,0.2810000000000001,0.4729146731052771,0.43470712881701207,0.2328526315789474,0.2687476371453217,0.2840593519129284,raw_frequencies,raw_frequencies,0.0,0.052403633476866975,True
leave_one_epsilon_out,0,0.25,1022,0.25,500,strong,0.24500000000000005,0.3595806463592861,0.7219421205473431,0.23331904761904765,0.344025258498005,0.34718447576262945,raw_frequencies,raw_frequencies,0.0,0.052403633476866975,False
leave_one_epsilon_out,0,0.25,1022,0.25,1000,moderate,0.26700000000000007,0.21854110326888235,0.7079043181826545,0.23331904761904765,0.2108581181668117,0.18475296788865145,rr_debiased,poststratified,0.4893632149137722,0.052403633476866975,True
leave_one_epsilon_out,0,0.25,1022,0.25,1000,none,0.21900000000000008,0.3750000000000001,0.3749999999999998,0.2328526315789474,0.15741167615954943,0.18475296788865145,raw_frequencies,rr_debiased,0.15600000000000003,0.052403633476866975,True
leave_one_epsilon_out,0,0.25,1022,0.25,1000,strong,0.24500000000000005,0.24791363298629152,0.685071503933785,0.23331904761904765,0.344025258498005,0.2894213255063377,raw_frequencies,raw_frequencies,0.0,0.052403633476866975,False
leave_one_epsilon_out,0,0.25,1022,0.25,2000,moderate,0.26800000000000007,0.3660405832093895,0.4620795514675331,0.23331904761904765,0.2108581181668117,0.14717581321931875,raw_frequencies,poststratified,0.19407955146753303,0.052403633476866975,False
leave_one_epsilon_out,0,0.25,1022,0.25,2000,none,0.25900000000000006,0.3970801262997934,0.3947767333465773,0.2328526315789474,0.15741167615954943,0.14717581321931875,raw_frequencies,poststratified,0.13577673334657725,0.052403633476866975,True
leave_one_epsilon_out,0,0.25,1022,0.25,2000,strong,0.2870000000000001,0.31104058320938943,0.5899634353696781,0.23331904761904765,0.24314589985265872,0.19947404743048866,raw_frequencies,poststratified,0.302963435369678,0.052403633476866975,True
leave_one_epsilon_out,1,0.5,1022,0.5,250,moderate,0.329,0.5016473372441212,0.5172420461459959,0.2648031496062993,0.6203302237235552,0.6934628603651423,raw_frequencies,raw_frequencies,0.0,0.0533172463118067,False
leave_one_epsilon_out,1,0.5,1022,0.5,250,none,0.26500000000000007,0.5932946744882432,0.5520263077334149,0.2648031496062993,0.6203302237235552,0.47566860285329626,raw_frequencies,raw_frequencies,0.0,0.0533172463118067,False
leave_one_epsilon_out,1,0.5,1022,0.5,250,strong,0.2810000000000001,0.2333278106411774,0.776233885583446,0.24875000000000008,0.7422391027984748,0.6934628603651423,rr_debiased,raw_frequencies,0.04767218935882267,0.0533172463118067,False
leave_one_epsilon_out,1,0.5,1022,0.5,500,moderate,0.25700000000000006,0.42580502953603505,0.4172148931409897,0.2648031496062993,0.48988760083764193,0.626995486577237,raw_frequencies,raw_frequencies,0.0,0.0533172463118067,False
leave_one_epsilon_out,1,0.5,1022,0.5,500,none,0.25300000000000006,0.2683195266029438,0.2520471278635664,0.2648031496062993,0.48988760083764193,0.47566860285329626,poststratified,raw_frequencies,0.0009528721364336357,0.0533172463118067,False
leave_one_epsilon_out,1,0.5,1022,0.5,500,strong,0.20100000000000007,0.21828639045000953,0.12475323396887036,0.2946190476190476,0.48988760083764193,0.6934628603651423,poststratified,raw_frequencies,0.0762467660311297,0.0533172463118067,False
leave_one_epsilon_out,1,0.5,1022,0.5,1000,moderate,0.24700000000000005,0.043340236698527795,0.29796397851534684,0.2648031496062993,0.3744065393364515,0.4659427023757644,rr_debiased,raw_frequencies,0.20365976330147226,0.0533172463118067,False
leave_one_epsilon_out,1,0.5,1022,0.5,1000,none,0.20100000000000007,0.21828639045000955,0.23084475821980616,0.2648031496062993,0.36812981362702724,0.3625652465304861,raw_frequencies,raw_frequencies,0.0,0.0533172463118067,False
leave_one_epsilon_out,1,0.5,1022,0.5,1000,strong,0.26700000000000007,0.4470581360503728,0.29162152748924763,0.24875000000000008,0.43222944543303077,0.37772884976643945,raw_frequencies,raw_frequencies,0.0,0.0533172463118067,False
leave_one_epsilon_out,1,0.5,1022,0.5,2000,moderate,0.267,0.1529294378922768,0.28810315959386873,0.2724461538461539,0.2563347289067596,0.23676882275191513,rr_debiased,poststratified,0.13517372170159192,0.0533172463118067,True
leave_one_epsilon_out,1,0.5,1022,0.5,2000,none,0.30400000000000005,0.3610352810538617,0.3677011127896709,0.2648031496062993,0.2563347289067596,0.23676882275191513,raw_frequencies,poststratified,0.06370111278967083,0.0533172463118067,True
leave_one_epsilon_out,1,0.5,1022,0.5,2000,strong,0.196,0.30537766265331656,0.34701791728573617,0.2648031496062993,0.3744065393364515,0.4659427023757644,raw_frequencies,raw_frequencies,0.0,0.0533172463118067,False
leave_one_epsilon_out,2,1.0,1022,1.0,250,moderate,0.16900000000000004,0.17082324178286667,0.3570017444653423,0.2551562499999999,0.32430870810624346,0.315457035762629,raw_frequencies,raw_frequencies,0.0,0.06403578290935355,True
leave_one_epsilon_out,2,1.0,1022,1.0,250,none,0.12899999999999995,0.34656276950177733,0.3215472147188224,0.2551562499999999,0.32430870810624346,0.315457035762629,raw_frequencies,raw_frequencies,0.0,0.06403578290935355,True
leave_one_epsilon_out,2,1.0,1022,1.0,250,strong,0.20000000000000007,0.2697581237125944,0.03611631176410807,0.23331904761904745,0.46849503454977365,0.4398924958733276,poststratified,raw_frequencies,0.163883688235892,0.06403578290935355,False
leave_one_epsilon_out,2,1.0,1022,1.0,500,moderate,0.24100000000000005,0.2136069751022503,0.07845196729593173,0.23331904761904745,0.21714440740316213,0.315457035762629,poststratified,rr_debiased,0.13515500780631856,0.06403578290935355,True
leave_one_epsilon_out,2,1.0,1022,1.0,500,none,0.1690000000000001,0.04516742812791194,0.05194662585358309,0.2551562499999999,0.21714440740316213,0.315457035762629,rr_debiased,rr_debiased,0.0,0.06403578290935355,True
leave_one_epsilon_out,2,1.0,1022,1.0,500,strong,0.21300000000000002,0.20262325461981842,0.12754581264017528,0.23331904761904745,0.3272652644670899,0.4398924958733276,poststratified,raw_frequencies,0.08545418735982474,0.06403578290935355,False
leave_one_epsilon_out,2,1.0,1022,1.0,1000,moderate,0.18500000000000005,0.1599209188882751,0.031680951260232876,0.20847826086956525,0.21714440740316213,0.16525538763569586,poststratified,poststratified,0.0,0.06403578290935355,True
leave_one_epsilon_out,2,1.0,1022,1.0,1000,none,0.1750000000000001,0.033608133340308155,0.025295053083511626,0.2328526315789474,0.21714440740316213,0.16525538763569586,poststratified,poststratified,0.0,0.06403578290935355,True
leave_one_epsilon_out,2,1.0,1022,1.0,1000,strong,0.21000000000000002,0.37959532853691347,0.19044852096474962,0.23331904761904745,0.3272652644670899,0.2468786939839766,poststratified,raw_frequencies,0.019551479035250396,0.06403578290935355,True
leave_one_epsilon_out,2,1.0,1022,1.0,2000,moderate,0.1690000000000001,0.14069940804401945,0.06671150648196378,0.23331904761904745,0.21714440740316213,0.16525538763569586,poststratified,poststratified,0.0,0.06403578290935355,True
leave_one_epsilon_out,2,1.0,1022,1.0,2000,none,0.1620000000000001,0.06438893897216785,0.06371768470860262,0.2328526315789474,0.21714440740316213,0.16525538763569586,poststratified,poststratified,0.0,0.06403578290935355,True
leave_one_epsilon_out,2,1.0,1022,1.0,2000,strong,0.22099999999999997,0.30422266908231366,0.06723802984526522,0.23331904761904745,0.3272652644670899,0.2468786939839766,poststratified,raw_frequencies,0.15376197015473475,0.06403578290935355,True
leave_one_epsilon_out,3,2.0,1022,2.0,250,moderate,0.192,0.20076498799398115,0.15678879391261974,0.18550666666666674,0.31690358059204016,0.17635526461516213,poststratified,poststratified,0.0,0.0867137106996288,True
leave_one_epsilon_out,3,2.0,1022,2.0,250,none,0.18500000000000005,0.13491435432010712,0.1383009413416192,0.20158620689655177,0.2285001265358877,0.17635526461516213,rr_debiased,poststratified,0.0033865870215120664,0.0867137106996288,True
leave_one_epsilon_out,3,2.0,1022,2.0,250,strong,0.16,0.15990202108181006,0.13179316603535773,0.20242307692307696,0.31690358059204016,0.2990652079890661,poststratified,raw_frequencies,0.02820683396464227,0.0867137106996288,False
leave_one_epsilon_out,3,2.0,1022,2.0,500,moderate,0.22800000000000004,0.2536688934109451,0.20599886905726433,0.18550666666666674,0.1154332760156177,0.17635526461516213,poststratified,rr_debiased,0.047670024353680784,0.0867137106996288,True
leave_one_epsilon_out,3,2.0,1022,2.0,500,none,0.13300000000000006,0.0584976020511592,0.05960540141071782,0.20158620689655177,0.1154332760156177,0.17635526461516213,rr_debiased,rr_debiased,0.0,0.0867137106996288,True
leave_one_epsilon_out,3,2.0,1022,2.0,500,strong,0.176,0.2892226787677218,0.017414156332941827,0.22204761904761905,0.24984892029531733,0.2990652079890661,poststratified,raw_frequencies,0.15858584366705816,0.0867137106996288,True
leave_one_epsilon_out,3,2.0,1022,2.0,1000,moderate,0.06900000000000003,0.04233778682189038,0.06438912942338934,0.19172222222222224,0.1154332760156177,0.0896747644210735,rr_debiased,poststratified,0.022051342601498963,0.0867137106996288,True
leave_one_epsilon_out,3,2.0,1022,2.0,1000,none,0.06400000000000003,0.07466795124336831,0.08382659613773694,0.19172222222222224,0.1154332760156177,0.0896747644210735,raw_frequencies,poststratified,0.019826596137736907,0.0867137106996288,True
leave_one_epsilon_out,3,2.0,1022,2.0,1000,strong,0.24000000000000002,0.28922267876772184,0.1635186341144591,0.18273076923076925,0.24984892029531733,0.0896747644210735,poststratified,poststratified,0.0,0.0867137106996288,False
leave_one_epsilon_out,3,2.0,1022,2.0,2000,moderate,0.088,0.12463275080383418,0.04244943148405331,0.17209090909090916,0.1154332760156177,0.0896747644210735,poststratified,poststratified,0.0,0.0867137106996288,True
leave_one_epsilon_out,3,2.0,1022,2.0,2000,none,0.12500000000000006,0.04674117862516716,0.047036842875005175,0.19172222222222224,0.1154332760156177,0.0896747644210735,rr_debiased,poststratified,0.00029566424983801243,0.0867137106996288,True
leave_one_epsilon_out,3,2.0,1022,2.0,2000,strong,0.19500000000000003,0.24954474970499899,0.08869936361445008,0.18273076923076925,0.24984892029531733,0.14653975563591798,poststratified,poststratified,0.0,0.0867137106996288,True
leave_one_epsilon_out,0,0.25,1023,0.25,250,moderate,0.31300000000000006,0.7849999999999999,0.8422086179947332,0.23331904761904765,0.3241274230202852,0.3498167652585278,raw_frequencies,raw_frequencies,0.0,0.052403633476866975,False
leave_one_epsilon_out,0,0.25,1023,0.25,250,none,0.1690000000000001,0.49615898728748026,0.45930867217872506,0.2328526315789474,0.3241274230202852,0.3498167652585278,raw_frequencies,raw_frequencies,0.0,0.052403633476866975,False
leave_one_epsilon_out,0,0.25,1023,0.25,250,strong,0.20900000000000002,0.44285309630349023,0.37499999999999994,0.23331904761904765,0.46085905497323176,0.520072405158256,raw_frequencies,raw_frequencies,0.0,0.052403633476866975,False
leave_one_epsilon_out,0,0.25,1023,0.25,500,moderate,0.25300000000000006,0.1554141530457841,0.22518087489181193,0.25515625,0.2687476371453217,0.2840593519129284,rr_debiased,raw_frequencies,0.09758584695421596,0.052403633476866975,True
leave_one_epsilon_out,0,0.25,1023,0.25,500,none,0.25300000000000006,0.26708116641877905,0.1860003546485199,0.25515625,0.2687476371453217,0.2840593519129284,poststratified,raw_frequencies,0.06699964535148015,0.052403633476866975,True
leave_one_epsilon_out,0,0.25,1023,0.25,500,strong,0.24900000000000005,0.6833288261510612,0.442688805152573,0.23331904761904765,0.344025258498005,0.34718447576262945,raw_frequencies,raw_frequencies,0.0,0.052403633476866975,False
leave_one_epsilon_out,0,0.25,1023,0.25,1000,moderate,0.265,0.02708220653776533,0.20484704654216396,0.23331904761904765,0.2108581181668117,0.18475296788865145,rr_debiased,poststratified,0.17776484000439863,0.052403633476866975,True
leave_one_epsilon_out,0,0.25,1023,0.25,1000,none,0.24300000000000005,0.27103850297141807,0.2898442551439543,0.2328526315789474,0.15741167615954943,0.18475296788865145,raw_frequencies,rr_debiased,0.028038502971418022,0.052403633476866975,True
leave_one_epsilon_out,0,0.25,1023,0.25,1000,strong,0.25900000000000006,0.6602039561659345,0.16458902156246807,0.23331904761904765,0.344025258498005,0.2894213255063377,poststratified,raw_frequencies,0.09441097843753199,0.052403633476866975,False
leave_one_epsilon_out,0,0.25,1023,0.25,2000,moderate,0.23900000000000005,0.3172882429416718,0.37500000000000006,0.23331904761904765,0.2108581181668117,0.14717581321931875,raw_frequencies,poststratified,0.136,0.052403633476866975,False
leave_one_epsilon_out,0,0.25,1023,0.25,2000,none,0.27,0.1463543183506855,0.1571734621766392,0.2328526315789474,0.15741167615954943,0.14717581321931875,rr_debiased,poststratified,0.010819143825953698,0.052403633476866975,True
leave_one_epsilon_out,0,0.25,1023,0.25,2000,strong,0.24400000000000005,0.40583038632953977,0.45325264320405095,0.23331904761904765,0.24314589985265872,0.19947404743048866,raw_frequencies,poststratified,0.2092526432040509,0.052403633476866975,True
leave_one_epsilon_out,1,0.5,1023,0.5,250,moderate,0.20100000000000007,0.21828639045000953,0.4002579189433928,0.2648031496062993,0.6203302237235552,0.6934628603651423,raw_frequencies,raw_frequencies,0.0,0.0533172463118067,False
leave_one_epsilon_out,1,0.5,1023,0.5,250,none,0.22500000000000003,0.1266390532058877,0.10989783494654046,0.2648031496062993,0.6203302237235552,0.626995486577237,poststratified,raw_frequencies,0.11510216505345958,0.0533172463118067,False
leave_one_epsilon_out,1,0.5,1023,0.5,250,strong,0.14500000000000007,0.3749999999999999,0.5990959499583364,0.2946190476190476,0.7422391027984748,0.6934628603651423,raw_frequencies,raw_frequencies,0.0,0.0533172463118067,False
leave_one_epsilon_out,1,0.5,1023,0.5,500,moderate,0.24100000000000005,0.16583402366985264,0.20588433744420237,0.2724461538461539,0.48988760083764193,0.626995486577237,rr_debiased,raw_frequencies,0.0751659763301474,0.0533172463118067,False
leave_one_epsilon_out,1,0.5,1023,0.5,500,none,0.25700000000000006,0.09834023669852782,0.13063642623134963,0.2648031496062993,0.48988760083764193,0.47566860285329626,rr_debiased,raw_frequencies,0.15865976330147225,0.0533172463118067,False
leave_one_epsilon_out,1,0.5,1023,0.5,500,strong,0.18800000000000006,0.6438948391342157,0.5947222486167556,0.2946190476190476,0.7422391027984748,0.6934628603651423,raw_frequencies,raw_frequencies,0.0,0.0533172463118067,False
leave_one_epsilon_out,1,0.5,1023,0.5,1000,moderate,0.2810000000000001,0.3583112425647102,0.49939940901166113,0.2724461538461539,0.36812981362702724,0.3625652465304861,raw_frequencies,raw_frequencies,0.0,0.0533172463118067,False
leave_one_epsilon_out,1,0.5,1023,0.5,1000,none,0.269,0.16417840238749765,0.159453087280702,0.2648031496062993,0.36812981362702724,0.3625652465304861,poststratified,raw_frequencies,0.109546912719298,0.0533172463118067,False
leave_one_epsilon_out,1,0.5,1023,0.5,1000,strong,0.21000000000000002,0.5641038460433951,0.4058760886618395,0.2648031496062993,0.43222944543303077,0.4659427023757644,raw_frequencies,raw_frequencies,0.0,0.0533172463118067,False
leave_one_epsilon_out,1,0.5,1023,0.5,2000,moderate,0.2700000000000001,0.283948150869671,0.2041362559668654,0.2724461538461539,0.2563347289067596,0.23676882275191513,poststratified,poststratified,0.0,0.0533172463118067,True
leave_one_epsilon_out,1,0.5,1023,0.5,2000,none,0.20200000000000007,0.21266190820239916,0.20974144823967483,0.2648031496062993,0.2563347289067596,0.23676882275191513,raw_frequencies,poststratified,0.007741448239674764,0.0533172463118067,True
leave_one_epsilon_out,1,0.5,1023,0.5,2000,strong,0.19700000000000006,0.28850421591048575,0.431748456854773,0.2648031496062993,0.43222944543303077,0.37772884976643945,raw_frequencies,raw_frequencies,0.0,0.0533172463118067,False
leave_one_epsilon_out,2,1.0,1023,1.0,250,moderate,0.21700000000000003,0.20262325461981837,0.16502088592861158,0.23331904761904745,0.32430870810624346,0.315457035762629,poststratified,raw_frequencies,0.051979114071388444,0.06403578290935355,False
leave_one_epsilon_out,2,1.0,1023,1.0,250,none,0.24100000000000005,0.35639534137386536,0.4145548728188439,0.2551562499999999,0.32430870810624346,0.315457035762629,raw_frequencies,raw_frequencies,0.0,0.06403578290935355,True
leave_one_epsilon_out,2,1.0,1023,1.0,250,strong,0.20800000000000002,0.2917255646774581,0.3058904155685313,0.23331904761904745,0.46849503454977365,0.4398924958733276,raw_frequencies,raw_frequencies,0.0,0.06403578290935355,False
leave_one_epsilon_out,2,1.0,1023,1.0,500,moderate,0.1650000000000001,0.06106743454638794,0.22634279233655893,0.23331904761904745,0.21714440740316213,0.315457035762629,rr_debiased,rr_debiased,0.0,0.06403578290935355,True
leave_one_epsilon_out,2,1.0,1023,1.0,500,none,0.1730000000000001,0.13795347792341145,0.17274460945947717,0.2551562499999999,0.21714440740316213,0.315457035762629,rr_debiased,rr_debiased,0.0,0.06403578290935355,True
leave_one_epsilon_out,2,1.0,1023,1.0,500,strong,0.26,0.411313943786025,0.253238632998274,0.23331904761904745,0.3272652644670899,0.4398924958733276,poststratified,raw_frequencies,0.006761367001726026,0.06403578290935355,False
leave_one_epsilon_out,2,1.0,1023,1.0,1000,moderate,0.17000000000000004,0.2368069622652986,0.1371516604937631,0.23331904761904745,0.21714440740316213,0.16525538763569586,poststratified,poststratified,0.0,0.06403578290935355,True
leave_one_epsilon_out,2,1.0,1023,1.0,1000,none,0.19700000000000006,0.04885116786577165,0.03915649962998219,0.2328526315789474,0.21714440740316213,0.16525538763569586,poststratified,poststratified,0.0,0.06403578290935355,True
leave_one_epsilon_out,2,1.0,1023,1.0,1000,strong,0.16600000000000004,0.2368069622652986,0.1220656395763888,0.23331904761904745,0.3272652644670899,0.2468786939839766,poststratified,raw_frequencies,0.043934360423611235,0.06403578290935355,True
leave_one_epsilon_out,2,1.0,1023,1.0,2000,moderate,0.1770000000000001,0.023199987163048108,0.10785755346423687,0.23331904761904745,0.21714440740316213,0.16525538763569586,rr_debiased,poststratified,0.08465756630118876,0.06403578290935355,True
leave_one_epsilon_out,2,1.0,1023,1.0,2000,none,0.1870000000000001,0.048769770277931335,0.049180939604768825,0.2328526315789474,0.21714440740316213,0.16525538763569586,rr_debiased,poststratified,0.0004111693268374905,0.06403578290935355,True
leave_one_epsilon_out,2,1.0,1023,1.0,2000,strong,0.21000000000000002,0.31094707552171397,0.26935213641896494,0.23331904761904745,0.3272652644670899,0.2468786939839766,raw_frequencies,raw_frequencies,0.0,0.06403578290935355,True
leave_one_epsilon_out,3,2.0,1023,2.0,250,moderate,0.184,0.1890085645679893,0.14827486360537478,0.18550666666666674,0.2285001265358877,0.17635526461516213,poststratified,poststratified,0.0,0.0867137106996288,True
leave_one_epsilon_out,3,2.0,1023,2.0,250,none,0.08900000000000005,0.010850633673874288,0.03987896122252818,0.18550666666666674,0.2285001265358877,0.17635526461516213,rr_debiased,poststratified,0.029028327548653893,0.0867137106996288,True
leave_one_epsilon_out,3,2.0,1023,2.0,250,strong,0.16799999999999998,0.16549571771600535,0.1180461303275604,0.20242307692307696,0.31690358059204016,0.2990652079890661,poststratified,raw_frequencies,0.04995386967243959,0.0867137106996288,False
leave_one_epsilon_out,3,2.0,1023,2.0,500,moderate,0.10800000000000001,0.12463275080383421,0.05173309622765601,0.18550666666666674,0.1154332760156177,0.17635526461516213,poststratified,rr_debiased,0.0728996545761782,0.0867137106996288,True
leave_one_epsilon_out,3,2.0,1023,2.0,500,none,0.09700000000000003,0.04793148345608553,0.050470858618535674,0.20158620689655177,0.1154332760156177,0.17635526461516213,rr_debiased,rr_debiased,0.0,0.0867137106996288,True
leave_one_epsilon_out,3,2.0,1023,2.0,500,strong,0.20000000000000004,0.2715880436287339,0.028210137110288636,0.20242307692307696,0.24984892029531733,0.2990652079890661,poststratified,raw_frequencies,0.1717898628897114,0.0867137106996288,True
leave_one_epsilon_out,3,2.0,1023,2.0,1000,moderate,0.08700000000000005,0.021764045826404427,0.08495255641815944,0.19172222222222224,0.1154332760156177,0.0896747644210735,rr_debiased,poststratified,0.06318851059175501,0.0867137106996288,True
leave_one_epsilon_out,3,2.0,1023,2.0,1000,none,0.12100000000000005,0.04086296691217137,0.03748162837384805,0.1811153846153847,0.1154332760156177,0.0896747644210735,poststratified,poststratified,0.0,0.0867137106996288,True
leave_one_epsilon_out,3,2.0,1023,2.0,1000,strong,0.20600000000000002,0.3186137373327017,0.1004522934903112,0.18273076923076925,0.24984892029531733,0.14653975563591798,poststratified,poststratified,0.0,0.0867137106996288,True
leave_one_epsilon_out,3,2.0,1023,2.0,2000,moderate,0.08400000000000005,0.0849548217411113,0.04522124704766706,0.19172222222222224,0.1154332760156177,0.0896747644210735,poststratified,poststratified,0.0,0.0867137106996288,True
leave_one_epsilon_out,3,2.0,1023,2.0,2000,none,0.09800000000000003,0.01119266024986068,0.013332489124971675,0.19172222222222224,0.1154332760156177,0.0896747644210735,rr_debiased,poststratified,0.002139828875110994,0.0867137106996288,True
leave_one_epsilon_out,3,2.0,1023,2.0,2000,strong,0.17,0.21427547942702296,0.056838054567524054,0.18273076923076925,0.24984892029531733,0.0896747644210735,poststratified,poststratified,0.0,0.0867137106996288,False
leave_one_epsilon_out,0,0.25,1024,0.25,250,moderate,0.35300000000000004,0.9928528131383286,0.7849999999999999,0.23331904761904765,0.3241274230202852,0.3498167652585278,raw_frequencies,raw_frequencies,0.0,0.052403633476866975,False
leave_one_epsilon_out,0,0.25,1024,0.25,250,none,0.26500000000000007,0.22083142644852544,0.2244265534898616,0.25515625,0.2687476371453217,0.3498167652585278,rr_debiased,raw_frequencies,0.04416857355147463,0.052403633476866975,True
leave_one_epsilon_out,0,0.25,1024,0.25,250,strong,0.321,0.6308314264485255,1.080028047322395,0.23331904761904765,0.46085905497323176,0.520072405158256,raw_frequencies,raw_frequencies,0.0,0.052403633476866975,False
leave_one_epsilon_out,0,0.25,1024,0.25,500,moderate,0.20900000000000002,0.9803531540783139,0.752399233231065,0.23331904761904765,0.344025258498005,0.34718447576262945,raw_frequencies,raw_frequencies,0.0,0.052403633476866975,False
leave_one_epsilon_out,0,0.25,1024,0.25,500,none,0.23700000000000004,0.44332986627004684,0.4966163721553445,0.25515625,0.2687476371453217,0.2840593519129284,raw_frequencies,raw_frequencies,0.0,0.052403633476866975,True
leave_one_epsilon_out,0,0.25,1024,0.25,500,strong,0.3090000000000001,0.6666638930160378,0.46692463243188986,0.23331904761904765,0.344025258498005,0.34718447576262945,raw_frequencies,raw_frequencies,0.0,0.052403633476866975,False
leave_one_epsilon_out,0,0.25,1024,0.25,1000,moderate,0.29300000000000004,0.3891654531945166,0.5676037201095028,0.20847826086956522,0.2108581181668117,0.18475296788865145,raw_frequencies,poststratified,0.27460372010950274,0.052403633476866975,True
leave_one_epsilon_out,0,0.25,1024,0.25,1000,none,0.21900000000000003,0.37499999999999983,0.3859296039865781,0.2328526315789474,0.15741167615954943,0.18475296788865145,raw_frequencies,rr_debiased,0.1559999999999998,0.052403633476866975,True
leave_one_epsilon_out,0,0.25,1024,0.25,1000,strong,0.25100000000000006,0.4289552563146666,0.4278728847296315,0.23331904761904765,0.344025258498005,0.2894213255063377,raw_frequencies,raw_frequencies,0.0,0.052403633476866975,False
leave_one_epsilon_out,0,0.25,1024,0.25,2000,moderate,0.29600000000000004,0.3417705516344413,0.43882227948905134,0.23331904761904765,0.2108581181668117,0.14717581321931875,raw_frequencies,poststratified,0.1428222794890513,0.052403633476866975,False
leave_one_epsilon_out,0,0.25,1024,0.25,2000,none,0.29000000000000004,0.272395941679061,0.28406537766894463,0.2328526315789474,0.15741167615954943,0.14717581321931875,rr_debiased,poststratified,0.011669435989883625,0.052403633476866975,True
leave_one_epsilon_out,0,0.25,1024,0.25,2000,strong,0.2750000000000001,0.5741644130755307,0.39400167365800803,0.23331904761904765,0.24314589985265872,0.19947404743048866,raw_frequencies,poststratified,0.11900167365800796,0.052403633476866975,True
leave_one_epsilon_out,1,0.5,1024,0.5,250,moderate,0.28,0.7732781064117754,0.6098172872306047,0.2648031496062993,0.6203302237235552,0.6934628603651423,raw_frequencies,raw_frequencies,0.0,0.0533172463118067,False
leave_one_epsilon_out,1,0.5,1024,0.5,250,none,0.201,0.48660591705295336,0.44727659137286796,0.2648031496062993,0.6203302237235552,0.626995486577237,raw_frequencies,raw_frequencies,0.0,0.0533172463118067,False
leave_one_epsilon_out,1,0.5,1024,0.5,250,strong,0.192,0.6945094113087409,0.5342829277571425,0.2648031496062993,0.6203302237235552,0.6934628603651423,raw_frequencies,raw_frequencies,0.0,0.0533172463118067,False
leave_one_epsilon_out,1,0.5,1024,0.5,500,moderate,0.22100000000000009,0.10579674549780149,0.1961189375182135,0.2648031496062993,0.48988760083764193,0.6934628603651423,rr_debiased,raw_frequencies,0.1152032545021986,0.0533172463118067,False
leave_one_epsilon_out,1,0.5,1024,0.5,500,none,0.1730000000000001,0.3750000000000001,0.3607375575155125,0.2724461538461539,0.48988760083764193,0.47566860285329626,raw_frequencies,raw_frequencies,0.0,0.0533172463118067,False
leave_one_epsilon_out,1,0.5,1024,0.5,500,strong,0.193,0.36162248512942063,0.4950006058411289,0.24875000000000008,0.7422391027984748,0.8379281914021801,raw_frequencies,raw_frequencies,0.0,0.0533172463118067,False
leave_one_epsilon_out,1,0.5,1024,0.5,1000,moderate,0.15300000000000008,0.37499999999999994,0.3750000000000001,0.2724461538461539,0.3744065393364515,0.4659427023757644,raw_frequencies,raw_frequencies,0.0,0.0533172463118067,False
leave_one_epsilon_out,1,0.5,1024,0.5,1000,none,0.25500000000000006,0.21082988165073588,0.21248728139106482,0.2648031496062993,0.36812981362702724,0.3625652465304861,rr_debiased,raw_frequencies,0.04417011834926418,0.0533172463118067,False
leave_one_epsilon_out,1,0.5,1024,0.5,1000,strong,0.2690000000000001,0.2670747041268398,0.2895988795276842,0.2946190476190476,0.43222944543303077,0.37772884976643945,rr_debiased,raw_frequencies,0.0019252958731602599,0.0533172463118067,False
leave_one_epsilon_out,1,0.5,1024,0.5,2000,moderate,0.22600000000000003,0.2772552514152645,0.16543580778515046,0.2724461538461539,0.2563347289067596,0.23676882275191513,poststratified,poststratified,0.0,0.0533172463118067,True
leave_one_epsilon_out,1,0.5,1024,0.5,2000,none,0.24700000000000005,0.12208298816507338,0.10427007610501521,0.2648031496062993,0.2563347289067596,0.23676882275191513,poststratified,poststratified,0.0,0.0533172463118067,True
leave_one_epsilon_out,1,0.5,1024,0.5,2000,strong,0.24400000000000005,0.2052053994031254,0.12959640861953636,0.2648031496062993,0.43222944543303077,0.4659427023757644,poststratified,raw_frequencies,0.11440359138046369,0.0533172463118067,False
leave_one_epsilon_out,2,1.0,1024,1.0,250,moderate,0.1610000000000001,0.13795347792341145,0.08361420295870067,0.2551562499999999,0.32430870810624346,0.315457035762629,poststratified,raw_frequencies,0.07738579704129941,0.06403578290935355,True
leave_one_epsilon_out,2,1.0,1024,1.0,250,none,0.12900000000000006,0.203855800818003,0.18373737294938314,0.2551562499999999,0.32430870810624346,0.315457035762629,raw_frequencies,raw_frequencies,0.0,0.06403578290935355,True
leave_one_epsilon_out,2,1.0,1024,1.0,250,strong,0.21600000000000003,0.3795953285369135,0.06363257187762689,0.23331904761904745,0.46849503454977365,0.4398924958733276,poststratified,raw_frequencies,0.15236742812237314,0.06403578290935355,False
leave_one_epsilon_out,2,1.0,1024,1.0,500,moderate,0.15300000000000008,0.09401859599368373,0.11617552849795751,0.23331904761904745,0.21714440740316213,0.4398924958733276,rr_debiased,rr_debiased,0.0,0.06403578290935355,True
leave_one_epsilon_out,2,1.0,1024,1.0,500,none,0.21300000000000002,0.1477046522076588,0.14927953900563448,0.2328526315789474,0.21714440740316213,0.315457035762629,rr_debiased,rr_debiased,0.0,0.06403578290935355,True
leave_one_epsilon_out,2,1.0,1024,1.0,500,strong,0.13600000000000007,0.2477906827477307,0.18947070112800346,0.23331904761904745,0.3272652644670899,0.4398924958733276,raw_frequencies,raw_frequencies,0.0,0.06403578290935355,False
leave_one_epsilon_out,2,1.0,1024,1.0,1000,moderate,0.19300000000000006,0.1092616305191472,0.039437077009325056,0.23331904761904745,0.21714440740316213,0.16525538763569586,poststratified,poststratified,0.0,0.06403578290935355,True
leave_one_epsilon_out,2,1.0,1024,1.0,1000,none,0.13900000000000007,0.1275453317461514,0.12758501260602134,0.2328526315789474,0.21714440740316213,0.16525538763569586,rr_debiased,poststratified,3.968085986993941e-05,0.06403578290935355,True
leave_one_epsilon_out,2,1.0,1024,1.0,1000,strong,0.19200000000000006,0.26975812371259433,0.09760165604423371,0.23331904761904745,0.3272652644670899,0.2468786939839766,poststratified,raw_frequencies,0.09439834395576635,0.06403578290935355,True
leave_one_epsilon_out,2,1.0,1024,1.0,2000,moderate,0.17700000000000005,0.18738022009435493,0.06555953527333838,0.23331904761904745,0.21714440740316213,0.16525538763569586,poststratified,poststratified,0.0,0.06403578290935355,True
leave_one_epsilon_out,2,1.0,1024,1.0,2000,none,0.1770000000000001,0.08020754780280342,0.07691508662885213,0.2328526315789474,0.21714440740316213,0.16525538763569586,poststratified,poststratified,0.0,0.06403578290935355,True
leave_one_epsilon_out,2,1.0,1024,1.0,2000,strong,0.17500000000000004,0.2615203333507705,0.09213121545371736,0.23331904761904745,0.3272652644670899,0.2468786939839766,poststratified,raw_frequencies,0.08286878454628269,0.06403578290935355,True
leave_one_epsilon_out,3,2.0,1024,2.0,250,moderate,0.216,0.3009791021937138,0.21897553379850673,0.20158620689655177,0.2285001265358877,0.17635526461516213,raw_frequencies,poststratified,0.0029755337985067354,0.0867137106996288,True
leave_one_epsilon_out,3,2.0,1024,2.0,250,none,0.12800000000000006,0.10671360058604556,0.09055467290574015,0.20158620689655177,0.2285001265358877,0.17635526461516213,poststratified,poststratified,0.0,0.0867137106996288,True
leave_one_epsilon_out,3,2.0,1024,2.0,250,strong,0.2,0.2125214114199732,0.03278991214390459,0.22204761904761905,0.31690358059204016,0.2990652079890661,poststratified,raw_frequencies,0.16721008785609542,0.0867137106996288,True
leave_one_epsilon_out,3,2.0,1024,2.0,500,moderate,0.18799999999999997,0.2833444670547258,0.13210830408822455,0.18550666666666674,0.1154332760156177,0.17635526461516213,poststratified,rr_debiased,0.15123616296650128,0.0867137106996288,True
leave_one_epsilon_out,3,2.0,1024,2.0,500,none,0.14500000000000007,0.07613223719014711,0.07938502572811379,0.20158620689655177,0.1154332760156177,0.17635526461516213,rr_debiased,rr_debiased,0.0,0.0867137106996288,True
leave_one_epsilon_out,3,2.0,1024,2.0,500,strong,0.16,0.23044056163776194,0.06504346094395166,0.20242307692307696,0.24984892029531733,0.2990652079890661,poststratified,raw_frequencies,0.09495653905604834,0.0867137106996288,True
leave_one_epsilon_out,3,2.0,1024,2.0,1000,moderate,0.12200000000000003,0.13345006837332818,0.03498923142178101,0.18273076923076925,0.1154332760156177,0.0896747644210735,poststratified,poststratified,0.0,0.0867137106996288,True
leave_one_epsilon_out,3,2.0,1024,2.0,1000,none,0.13100000000000006,0.08907896544705748,0.08104552112981614,0.1811153846153847,0.1154332760156177,0.0896747644210735,poststratified,poststratified,0.0,0.0867137106996288,True
leave_one_epsilon_out,3,2.0,1024,2.0,1000,strong,0.154,0.209866820642276,0.11267871602945836,0.18273076923076925,0.24984892029531733,0.0896747644210735,poststratified,poststratified,0.0,0.0867137106996288,False
leave_one_epsilon_out,3,2.0,1024,2.0,2000,moderate,0.14500000000000005,0.15108470351231612,0.03610857199670542,0.17209090909090916,0.1154332760156177,0.0896747644210735,poststratified,poststratified,0.0,0.0867137106996288,True
leave_one_epsilon_out,3,2.0,1024,2.0,2000,none,0.07800000000000004,0.04233778682189035,0.049804434853378016,0.19172222222222224,0.1154332760156177,0.0896747644210735,rr_debiased,poststratified,0.007466648031487666,0.0867137106996288,True
leave_one_epsilon_out,3,2.0,1024,2.0,2000,strong,0.158,0.22456234992476595,0.0783400606064569,0.18273076923076925,0.24984892029531733,0.14653975563591798,poststratified,poststratified,0.0,0.0867137106996288,True
leave_one_epsilon_out,0,0.25,1025,0.25,250,moderate,0.337,0.8400000000000001,0.8211080134515814,0.25515625,0.2687476371453217,0.3498167652585278,raw_frequencies,raw_frequencies,0.0,0.052403633476866975,True
leave_one_epsilon_out,0,0.25,1025,0.25,250,none,0.30500000000000005,0.4816649331350236,0.5147174248698774,0.23331904761904765,0.3241274230202852,0.3498167652585278,raw_frequencies,raw_frequencies,0.0,0.052403633476866975,False
leave_one_epsilon_out,0,0.25,1025,0.25,250,strong,0.24900000000000005,0.7208283060915683,1.0506339243375358,0.23331904761904765,0.46085905497323176,0.520072405158256,raw_frequencies,raw_frequencies,0.0,0.052403633476866975,False
leave_one_epsilon_out,0,0.25,1025,0.25,500,moderate,0.2850000000000001,0.7129136329862913,0.7026993432786108,0.23331904761904765,0.3241274230202852,0.2840593519129284,raw_frequencies,raw_frequencies,0.0,0.052403633476866975,True
leave_one_epsilon_out,0,0.25,1025,0.25,500,none,0.25700000000000006,0.3970801262997934,0.34017186464044424,0.2328526315789474,0.2687476371453217,0.2840593519129284,raw_frequencies,raw_frequencies,0.0,0.052403633476866975,True
leave_one_epsilon_out,0,0.25,1025,0.25,500,strong,0.21700000000000008,0.37500000000000006,0.7222681832192905,0.23331904761904765,0.344025258498005,0.34718447576262945,raw_frequencies,raw_frequencies,0.0,0.052403633476866975,False
leave_one_epsilon_out,0,0.25,1025,0.25,1000,moderate,0.24700000000000005,0.6833288261510613,0.7404340839980796,0.23331904761904765,0.2108581181668117,0.18475296788865145,raw_frequencies,poststratified,0.4934340839980796,0.052403633476866975,True
leave_one_epsilon_out,0,0.25,1025,0.25,1000,none,0.2750000000000001,0.3341654531945163,0.25994931437870816,0.2328526315789474,0.2108581181668117,0.18475296788865145,poststratified,poststratified,0.0,0.052403633476866975,True
leave_one_epsilon_out,0,0.25,1025,0.25,1000,strong,0.275,0.18104162332837553,0.3469739858500291,0.23331904761904765,0.344025258498005,0.2894213255063377,rr_debiased,raw_frequencies,0.09395837667162449,0.052403633476866975,False
leave_one_epsilon_out,0,0.25,1025,0.25,2000,moderate,0.2960000000000001,0.4497898031201502,0.694032154095622,0.23331904761904765,0.2108581181668117,0.14717581321931875,raw_frequencies,poststratified,0.3980321540956219,0.052403633476866975,False
leave_one_epsilon_out,0,0.25,1025,0.25,2000,none,0.25400000000000006,0.17458168647827188,0.194139231209562,0.2328526315789474,0.15741167615954943,0.14717581321931875,rr_debiased,poststratified,0.019557544731290122,0.052403633476866975,True
leave_one_epsilon_out,0,0.25,1025,0.25,2000,strong,0.2730000000000001,0.37760301820195297,0.36421889572577815,0.23331904761904765,0.24314589985265872,0.19947404743048866,raw_frequencies,poststratified,0.09121889572577807,0.052403633476866975,True
leave_one_epsilon_out,1,0.5,1025,0.5,250,moderate,0.2810000000000001,0.2333278106411774,0.5194839778323428,0.2648031496062993,0.6203302237235552,0.6934628603651423,rr_debiased,raw_frequencies,0.04767218935882267,0.0533172463118067,False
leave_one_epsilon_out,1,0.5,1025,0.5,250,none,0.2730000000000001,0.2783236686220607,0.30642937381476315,0.2648031496062993,0.6203302237235552,0.47566860285329626,raw_frequencies,raw_frequencies,0.0,0.0533172463118067,False
leave_one_epsilon_out,1,0.5,1025,0.5,250,strong,0.28900000000000003,0.2766680473397057,0.3749999999999998,0.2648031496062993,0.6203302237235552,0.6934628603651423,rr_debiased,raw_frequencies,0.012331952660294354,0.0533172463118067,False
leave_one_epsilon_out,1,0.5,1025,0.5,500,moderate,0.22500000000000003,0.1266390532058877,0.2790591027549324,0.2724461538461539,0.48988760083764193,0.626995486577237,rr_debiased,raw_frequencies,0.09836094679411234,0.0533172463118067,False
leave_one_epsilon_out,1,0.5,1025,0.5,500,none,0.20900000000000002,0.2391286981580958,0.2268682707126762,0.2648031496062993,0.48988760083764193,0.47566860285329626,raw_frequencies,raw_frequencies,0.0,0.0533172463118067,False
leave_one_epsilon_out,1,0.5,1025,0.5,500,strong,0.22500000000000003,0.29412869815809584,0.07313736879003935,0.2648031496062993,0.7422391027984748,0.8379281914021801,poststratified,raw_frequencies,0.15186263120996069,0.0533172463118067,False
leave_one_epsilon_out,1,0.5,1025,0.5,1000,moderate,0.26700000000000007,0.33456849109816467,0.2899824789570209,0.2648031496062993,0.36812981362702724,0.4659427023757644,raw_frequencies,raw_frequencies,0.0,0.0533172463118067,False
leave_one_epsilon_out,1,0.5,1025,0.5,1000,none,0.24500000000000005,0.029190828444848216,0.038096352708284986,0.2648031496062993,0.36812981362702724,0.3625652465304861,rr_debiased,raw_frequencies,0.21580917155515184,0.0533172463118067,False
leave_one_epsilon_out,1,0.5,1025,0.5,1000,strong,0.23500000000000004,0.3166266271485374,0.3353124269846658,0.2648031496062993,0.3744065393364515,0.4659427023757644,raw_frequencies,raw_frequencies,0.0,0.0533172463118067,False
leave_one_epsilon_out,1,0.5,1025,0.5,2000,moderate,0.191,0.37849593187225183,0.31255348079107326,0.2648031496062993,0.3744065393364515,0.4659427023757644,raw_frequencies,raw_frequencies,0.0,0.0533172463118067,False
leave_one_epsilon_out,1,0.5,1025,0.5,2000,none,0.22700000000000004,0.14789215972022532,0.1448168983460798,0.2648031496062993,0.2563347289067596,0.23676882275191513,poststratified,poststratified,0.0,0.0533172463118067,True
leave_one_epsilon_out,1,0.5,1025,0.5,2000,strong,0.23900000000000005,0.2547573224248231,0.1414315123325532,0.2648031496062993,0.43222944543303077,0.4659427023757644,poststratified,raw_frequencies,0.09756848766744686,0.0533172463118067,False
leave_one_epsilon_out,2,1.0,1025,1.0,250,moderate,0.13700000000000007,0.13303719198736735,0.11717558181862534,0.23331904761904745,0.32430870810624346,0.315457035762629,poststratified,raw_frequencies,0.01982441818137473,0.06403578290935355,False
leave_one_epsilon_out,2,1.0,1025,1.0,250,none,0.15300000000000008,0.08910231005763963,0.07238945866734633,0.2551562499999999,0.32430870810624346,0.315457035762629,poststratified,raw_frequencies,0.08061054133265375,0.06403578290935355,True
leave_one_epsilon_out,2,1.0,1025,1.0,250,strong,0.16799999999999998,0.33566044660718586,0.1331874701633669,0.23331904761904745,0.46849503454977365,0.4398924958733276,poststratified,raw_frequencies,0.03481252983663308,0.06403578290935355,False
leave_one_epsilon_out,2,1.0,1025,1.0,500,moderate,0.22100000000000003,0.12573721124279488,0.18742286880035047,0.2551562499999999,0.21714440740316213,0.315457035762629,rr_debiased,rr_debiased,0.0,0.06403578290935355,True
leave_one_epsilon_out,2,1.0,1025,1.0,500,none,0.26500000000000007,0.21844186345045397,0.21887389309339156,0.2328526315789474,0.21714440740316213,0.315457035762629,rr_debiased,rr_debiased,0.0,0.06403578290935355,True
leave_one_epsilon_out,2,1.0,1025,1.0,500,strong,0.18000000000000005,0.26975812371259433,0.3241855130084489,0.23331904761904745,0.3272652644670899,0.4398924958733276,raw_frequencies,raw_frequencies,0.0,0.06403578290935355,False
leave_one_epsilon_out,2,1.0,1025,1.0,1000,moderate,0.22100000000000009,0.09827791003671535,0.11377876805959133,0.2551562499999999,0.21714440740316213,0.16525538763569586,rr_debiased,poststratified,0.015500858022875985,0.06403578290935355,True
leave_one_epsilon_out,2,1.0,1025,1.0,1000,none,0.1710000000000001,0.07196975744097944,0.05110456958154816,0.2328526315789474,0.21714440740316213,0.16525538763569586,poststratified,poststratified,0.0,0.06403578290935355,True
leave_one_epsilon_out,2,1.0,1025,1.0,1000,strong,0.13600000000000007,0.21483952130043488,0.16406525691263985,0.23331904761904745,0.3272652644670899,0.2468786939839766,raw_frequencies,raw_frequencies,0.0,0.06403578290935355,True
leave_one_epsilon_out,2,1.0,1025,1.0,2000,moderate,0.2,0.1531965124488747,0.0877336533793468,0.23331904761904745,0.21714440740316213,0.16525538763569586,poststratified,poststratified,0.0,0.06403578290935355,True
leave_one_epsilon_out,2,1.0,1025,1.0,2000,none,0.1850000000000001,0.017051155028819848,0.025556086141194867,0.2328526315789474,0.21714440740316213,0.16525538763569586,rr_debiased,poststratified,0.00850493111237502,0.06403578290935355,True
leave_one_epsilon_out,2,1.0,1025,1.0,2000,strong,0.16100000000000003,0.20385580081800284,0.057581485780804825,0.23331904761904745,0.3272652644670899,0.2468786939839766,poststratified,raw_frequencies,0.1034185142191952,0.06403578290935355,True
leave_one_epsilon_out,3,2.0,1025,2.0,250,moderate,0.168,0.20692771478577804,0.08802902573966756,0.18550666666666674,0.2285001265358877,0.17635526461516213,poststratified,poststratified,0.0,0.0867137106996288,True
leave_one_epsilon_out,3,2.0,1025,2.0,250,none,0.097,0.15192771478577807,0.12391924567422583,0.18550666666666674,0.2285001265358877,0.17635526461516213,raw_frequencies,poststratified,0.026919245674225822,0.0867137106996288,True
leave_one_epsilon_out,3,2.0,1025,2.0,250,strong,0.20000000000000004,0.25395340848974596,0.09800352042754343,0.18550666666666674,0.31690358059204016,0.2990652079890661,poststratified,raw_frequencies,0.10199647957245661,0.0867137106996288,False
leave_one_epsilon_out,3,2.0,1025,2.0,500,moderate,0.06500000000000003,0.041431997069772686,0.1096237797233745,0.20158620689655177,0.1154332760156177,0.17635526461516213,rr_debiased,rr_debiased,0.0,0.0867137106996288,True
leave_one_epsilon_out,3,2.0,1025,2.0,500,none,0.11600000000000008,0.08936348052585827,0.08185233968051028,0.20158620689655177,0.1154332760156177,0.17635526461516213,poststratified,rr_debiased,0.0075111408453479855,0.0867137106996288,True
leave_one_epsilon_out,3,2.0,1025,2.0,500,strong,0.19599999999999998,0.2833444670547258,0.09337096707477696,0.22204761904761905,0.24984892029531733,0.2990652079890661,poststratified,raw_frequencies,0.10262903292522302,0.0867137106996288,True
leave_one_epsilon_out,3,2.0,1025,2.0,1000,moderate,0.156,0.18341486793379402,0.03373096970165376,0.18273076923076925,0.1154332760156177,0.0896747644210735,poststratified,poststratified,0.0,0.0867137106996288,True
leave_one_epsilon_out,3,2.0,1025,2.0,1000,none,0.12700000000000006,0.05087058931258362,0.057697145982834624,0.19172222222222224,0.1154332760156177,0.0896747644210735,rr_debiased,poststratified,0.006826556670251005,0.0867137106996288,True
leave_one_epsilon_out,3,2.0,1025,2.0,1000,strong,0.158,0.180475762077296,0.041283038831688934,0.18273076923076925,0.24984892029531733,0.0896747644210735,poststratified,poststratified,0.0,0.0867137106996288,False
leave_one_epsilon_out,3,2.0,1025,2.0,2000,moderate,0.10300000000000001,0.11434588030609122,0.0452937126045746,0.19172222222222224,0.1154332760156177,0.0896747644210735,poststratified,poststratified,0.0,0.0867137106996288,True
leave_one_epsilon_out,3,2.0,1025,2.0,2000,none,0.09900000000000003,0.008532802490693242,0.016266596576541448,0.19172222222222224,0.1154332760156177,0.0896747644210735,rr_debiased,poststratified,0.007733794085848206,0.0867137106996288,True
leave_one_epsilon_out,3,2.0,1025,2.0,2000,strong,0.166,0.22015369114001904,0.07090897395115534,0.18273076923076925,0.24984892029531733,0.0896747644210735,poststratified,poststratified,0.0,0.0867137106996288,False
leave_one_epsilon_out,0,0.25,1026,0.25,250,moderate,0.2730000000000001,0.8400000000000001,0.8323981300820821,0.25515625,0.2687476371453217,0.3498167652585278,raw_frequencies,raw_frequencies,0.0,0.052403633476866975,True
leave_one_epsilon_out,0,0.25,1026,0.25,250,none,0.32900000000000007,0.7849999999999999,0.785,0.25515625,0.2687476371453217,0.3498167652585278,raw_frequencies,raw_frequencies,0.0,0.052403633476866975,True
leave_one_epsilon_out,0,0.25,1026,0.25,250,strong,0.281,0.2041664933135024,0.6644328653395323,0.23331904761904765,0.46085905497323176,0.520072405158256,rr_debiased,raw_frequencies,0.07683350668649763,0.052403633476866975,False
leave_one_epsilon_out,0,0.25,1026,0.25,500,moderate,0.24100000000000005,0.9608272659725828,0.9020841100415289,0.23331904761904765,0.3241274230202852,0.2840593519129284,raw_frequencies,raw_frequencies,0.0,0.052403633476866975,True
leave_one_epsilon_out,0,0.25,1026,0.25,500,none,0.24900000000000005,0.8595775260023292,0.8990401548245616,0.2328526315789474,0.2687476371453217,0.2840593519129284,raw_frequencies,raw_frequencies,0.0,0.052403633476866975,True
leave_one_epsilon_out,0,0.25,1026,0.25,500,strong,0.24500000000000005,1.05332674591309,1.2149999999999999,0.23331904761904765,0.344025258498005,0.34718447576262945,raw_frequencies,raw_frequencies,0.0,0.052403633476866975,False
leave_one_epsilon_out,0,0.25,1026,0.25,1000,moderate,0.26700000000000007,0.34291571322426273,0.14544132808477295,0.23331904761904765,0.2108581181668117,0.2894213255063377,poststratified,rr_debiased,0.19747438513948978,0.052403633476866975,True
leave_one_epsilon_out,0,0.25,1026,0.25,1000,none,0.24700000000000005,0.327705516344413,0.31149083712543324,0.2328526315789474,0.15741167615954943,0.18475296788865145,raw_frequencies,rr_debiased,0.08070551634441292,0.052403633476866975,True
leave_one_epsilon_out,0,0.25,1026,0.25,1000,strong,0.21300000000000002,0.3749999999999999,0.375,0.23331904761904765,0.344025258498005,0.2894213255063377,raw_frequencies,raw_frequencies,0.0,0.052403633476866975,False
leave_one_epsilon_out,0,0.25,1026,0.25,2000,moderate,0.24800000000000005,0.3133309063890326,0.241152582098888,0.23331904761904765,0.2108581181668117,0.14717581321931875,poststratified,poststratified,0.0,0.052403633476866975,False
leave_one_epsilon_out,0,0.25,1026,0.25,2000,none,0.268,0.10010457838043191,0.10203600495047885,0.2328526315789474,0.15741167615954943,0.14717581321931875,rr_debiased,poststratified,0.0019314265700469402,0.052403633476866975,True
leave_one_epsilon_out,0,0.25,1026,0.25,2000,strong,0.25700000000000006,0.4867674312774836,0.6351931761228647,0.23331904761904765,0.24314589985265872,0.19947404743048866,raw_frequencies,poststratified,0.3781931761228647,0.052403633476866975,True
leave_one_epsilon_out,1,0.5,1026,0.5,250,moderate,0.18500000000000005,0.4066183431103034,0.375,0.2724461538461539,0.6203302237235552,0.626995486577237,raw_frequencies,raw_frequencies,0.0,0.0533172463118067,False
leave_one_epsilon_out,1,0.5,1026,0.5,250,none,0.2730000000000001,0.32331952660294383,0.4462622862767187,0.2648031496062993,0.6203302237235552,0.626995486577237,raw_frequencies,raw_frequencies,0.0,0.0533172463118067,False
leave_one_epsilon_out,1,0.5,1026,0.5,250,strong,0.2720000000000001,0.7282822484308927,0.6827843835674559,0.2648031496062993,0.7422391027984748,0.8379281914021801,raw_frequencies,raw_frequencies,0.0,0.0533172463118067,False
leave_one_epsilon_out,1,0.5,1026,0.5,500,moderate,0.20100000000000007,0.21828639045000953,0.3749999999999998,0.2648031496062993,0.48988760083764193,0.626995486577237,raw_frequencies,raw_frequencies,0.0,0.0533172463118067,False
leave_one_epsilon_out,1,0.5,1026,0.5,500,none,0.1690000000000001,0.41515260315249425,0.45309716937764327,0.2648031496062993,0.48988760083764193,0.626995486577237,raw_frequencies,raw_frequencies,0.0,0.0533172463118067,False
leave_one_epsilon_out,1,0.5,1026,0.5,500,strong,0.23700000000000004,0.33912455613897896,0.1237764596787807,0.24875000000000008,0.7422391027984748,0.8379281914021801,poststratified,raw_frequencies,0.11322354032121934,0.0533172463118067,False
leave_one_epsilon_out,1,0.5,1026,0.5,1000,moderate,0.23100000000000004,0.27163076916765416,0.2913683926127302,0.2648031496062993,0.36812981362702724,0.3625652465304861,raw_frequencies,raw_frequencies,0.0,0.0533172463118067,False
leave_one_epsilon_out,1,0.5,1026,0.5,1000,none,0.23100000000000004,0.14789215972022535,0.14480106273171298,0.2648031496062993,0.36812981362702724,0.3625652465304861,poststratified,raw_frequencies,0.08619893726828706,0.0533172463118067,False
leave_one_epsilon_out,1,0.5,1026,0.5,1000,strong,0.23900000000000005,0.09164733724412136,0.37750186063614954,0.2946190476190476,0.43222944543303077,0.37772884976643945,rr_debiased,raw_frequencies,0.1473526627558787,0.0533172463118067,False
leave_one_epsilon_out,1,0.5,1026,0.5,2000,moderate,0.19300000000000006,0.26328224843089276,0.20732931944950178,0.2724461538461539,0.2563347289067596,0.23676882275191513,raw_frequencies,poststratified,0.01432931944950172,0.0533172463118067,True
leave_one_epsilon_out,1,0.5,1026,0.5,2000,none,0.23700000000000004,0.12101457095827733,0.12241075066302826,0.2648031496062993,0.2563347289067596,0.23676882275191513,rr_debiased,poststratified,0.0013961797047509217,0.0533172463118067,True
leave_one_epsilon_out,1,0.5,1026,0.5,2000,strong,0.23600000000000004,0.34474903838658943,0.02723751844657102,0.2648031496062993,0.43222944543303077,0.4659427023757644,poststratified,raw_frequencies,0.20876248155342902,0.0533172463118067,False
leave_one_epsilon_out,2,1.0,1026,1.0,250,moderate,0.12900000000000006,0.15992091888827528,0.16200464470302584,0.20847826086956525,0.32430870810624346,0.315457035762629,raw_frequencies,raw_frequencies,0.0,0.06403578290935355,False
leave_one_epsilon_out,2,1.0,1026,1.0,250,none,0.1850000000000001,0.3026278875720496,0.31254819463815997,0.23331904761904745,0.32430870810624346,0.315457035762629,raw_frequencies,raw_frequencies,0.0,0.06403578290935355,False
leave_one_epsilon_out,2,1.0,1026,1.0,250,strong,0.272,0.6651720610801435,0.8092929676939747,0.23331904761904745,0.46849503454977365,0.4398924958733276,raw_frequencies,raw_frequencies,0.0,0.06403578290935355,False
leave_one_epsilon_out,2,1.0,1026,1.0,500,moderate,0.2770000000000001,0.2513930248977498,0.3042748261151044,0.23331904761904745,0.21714440740316213,0.315457035762629,rr_debiased,rr_debiased,0.0,0.06403578290935355,True
leave_one_epsilon_out,2,1.0,1026,1.0,500,none,0.12900000000000006,0.15500463295223119,0.16348871155780448,0.23331904761904745,0.21714440740316213,0.315457035762629,raw_frequencies,rr_debiased,0.026004632952231127,0.06403578290935355,True
leave_one_epsilon_out,2,1.0,1026,1.0,500,strong,0.20400000000000001,0.3795953285369135,0.21877480576458946,0.23331904761904745,0.3272652644670899,0.4398924958733276,raw_frequencies,raw_frequencies,0.0,0.06403578290935355,False
leave_one_epsilon_out,2,1.0,1026,1.0,1000,moderate,0.15300000000000008,0.08910231005763969,0.14718941315728676,0.23331904761904745,0.21714440740316213,0.2468786939839766,rr_debiased,rr_debiased,0.0,0.06403578290935355,True
leave_one_epsilon_out,2,1.0,1026,1.0,1000,none,0.1850000000000001,0.006148832134228316,0.0029482116878941644,0.2328526315789474,0.21714440740316213,0.16525538763569586,poststratified,poststratified,0.0,0.06403578290935355,True
leave_one_epsilon_out,2,1.0,1026,1.0,1000,strong,0.194,0.3246767261247539,0.2169329370874306,0.23331904761904745,0.3272652644670899,0.2468786939839766,raw_frequencies,raw_frequencies,0.0,0.06403578290935355,True
leave_one_epsilon_out,2,1.0,1026,1.0,2000,moderate,0.1710000000000001,0.12147789719976354,0.034360911978263964,0.23331904761904745,0.21714440740316213,0.2468786939839766,poststratified,rr_debiased,0.08711698522149958,0.06403578290935355,True
leave_one_epsilon_out,2,1.0,1026,1.0,2000,none,0.2260000000000001,0.11475349076036323,0.1306422564432414,0.2328526315789474,0.21714440740316213,0.16525538763569586,rr_debiased,poststratified,0.01588876568287817,0.06403578290935355,True
leave_one_epsilon_out,2,1.0,1026,1.0,2000,strong,0.17300000000000004,0.17639649961192302,0.1304114905418654,0.23331904761904745,0.3272652644670899,0.2468786939839766,poststratified,raw_frequencies,0.04258850945813464,0.06403578290935355,True
leave_one_epsilon_out,3,2.0,1026,2.0,250,moderate,0.0890000000000001,0.04611990395185023,0.1507154365298414,0.18550666666666674,0.2285001265358877,0.17635526461516213,rr_debiased,poststratified,0.10459553257799117,0.0867137106996288,True
leave_one_epsilon_out,3,2.0,1026,2.0,250,none,0.12000000000000002,0.1128763273778422,0.13198947293317162,0.18550666666666674,0.2285001265358877,0.17635526461516213,rr_debiased,poststratified,0.01911314555532942,0.0867137106996288,True
leave_one_epsilon_out,3,2.0,1026,2.0,250,strong,0.168,0.19517129135978603,0.06685182587730767,0.22204761904761905,0.31690358059204016,0.2990652079890661,poststratified,raw_frequencies,0.10114817412269234,0.0867137106996288,True
leave_one_epsilon_out,3,2.0,1026,2.0,500,moderate,0.07600000000000004,0.08348526881286233,0.05951764623276959,0.18550666666666674,0.1154332760156177,0.17635526461516213,poststratified,rr_debiased,0.023967622580092746,0.0867137106996288,True
leave_one_epsilon_out,3,2.0,1026,2.0,500,none,0.09700000000000003,0.03995717716005351,0.043908437075018375,0.20158620689655177,0.1154332760156177,0.17635526461516213,rr_debiased,rr_debiased,0.0,0.0867137106996288,True
leave_one_epsilon_out,3,2.0,1026,2.0,500,strong,0.20400000000000001,0.2183996231329693,0.081173094657293,0.22204761904761905,0.24984892029531733,0.2990652079890661,poststratified,raw_frequencies,0.12282690534270702,0.0867137106996288,True
leave_one_epsilon_out,3,2.0,1026,2.0,1000,moderate,0.10200000000000001,0.11875453909083816,0.06815394595709273,0.17209090909090916,0.1154332760156177,0.0896747644210735,poststratified,poststratified,0.0,0.0867137106996288,True
leave_one_epsilon_out,3,2.0,1026,2.0,1000,none,0.11700000000000005,0.0370180713035555,0.042406616368081795,0.19172222222222224,0.1154332760156177,0.0896747644210735,rr_debiased,poststratified,0.0053885450645262956,0.0867137106996288,True
leave_one_epsilon_out,3,2.0,1026,2.0,1000,strong,0.11200000000000002,0.15990202108181012,0.15988448776159173,0.18273076923076925,0.24984892029531733,0.0896747644210735,raw_frequencies,poststratified,0.04788448776159171,0.0867137106996288,False
leave_one_epsilon_out,3,2.0,1026,2.0,2000,moderate,0.14200000000000004,0.14373693887107114,0.0211107374949292,0.17209090909090916,0.1154332760156177,0.0896747644210735,poststratified,poststratified,0.0,0.0867137106996288,True
leave_one_epsilon_out,3,2.0,1026,2.0,2000,none,0.048000000000000015,0.06641439685000566,0.06680637740416037,0.1811153846153847,0.1154332760156177,0.0896747644210735,raw_frequencies,poststratified,0.018806377404160357,0.0867137106996288,True
leave_one_epsilon_out,3,2.0,1026,2.0,2000,strong,0.19799999999999998,0.2906922316959708,0.062299808342155594,0.18273076923076925,0.24984892029531733,0.14653975563591798,poststratified,poststratified,0.0,0.0867137106996288,True
leave_one_epsilon_out,0,0.25,1027,0.25,250,moderate,0.31300000000000006,0.8400000000000001,0.8399999999999999,0.25515625,0.2687476371453217,0.3498167652585278,raw_frequencies,raw_frequencies,0.0,0.052403633476866975,True
leave_one_epsilon_out,0,0.25,1027,0.25,250,none,0.38500000000000006,1.3607056262766577,1.470639330525226,0.25515625,0.2687476371453217,0.3498167652585278,raw_frequencies,raw_frequencies,0.0,0.052403633476866975,True
leave_one_epsilon_out,0,0.25,1027,0.25,250,strong,0.321,0.6308314264485255,0.2689473593932274,0.23331904761904765,0.46085905497323176,0.520072405158256,poststratified,raw_frequencies,0.052052640606772616,0.052403633476866975,False
leave_one_epsilon_out,0,0.25,1027,0.25,500,moderate,0.23700000000000004,0.8133277860320756,0.8708305282016979,0.23331904761904765,0.3241274230202852,0.2840593519129284,raw_frequencies,raw_frequencies,0.0,0.052403633476866975,True
leave_one_epsilon_out,0,0.25,1027,0.25,500,none,0.321,0.6308314264485254,0.6218390441092292,0.2328526315789474,0.2687476371453217,0.2840593519129284,raw_frequencies,raw_frequencies,0.0,0.052403633476866975,True
leave_one_epsilon_out,0,0.25,1027,0.25,500,strong,0.3410000000000001,0.7850000000000001,1.1669195653788902,0.23331904761904765,0.344025258498005,0.34718447576262945,raw_frequencies,raw_frequencies,0.0,0.052403633476866975,False
leave_one_epsilon_out,0,0.25,1027,0.25,1000,moderate,0.28500000000000003,0.21458376671624418,0.13847210325177864,0.23331904761904765,0.2108581181668117,0.2894213255063377,poststratified,rr_debiased,0.07611166346446555,0.052403633476866975,True
leave_one_epsilon_out,0,0.25,1027,0.25,1000,none,0.2330000000000001,0.37499999999999983,0.37499999999999983,0.2328526315789474,0.15741167615954943,0.18475296788865145,raw_frequencies,rr_debiased,0.14199999999999974,0.052403633476866975,True
leave_one_epsilon_out,0,0.25,1027,0.25,1000,strong,0.29100000000000004,0.3197908432391362,0.1574381390668383,0.23331904761904765,0.344025258498005,0.2894213255063377,poststratified,raw_frequencies,0.13356186093316175,0.052403633476866975,False
leave_one_epsilon_out,0,0.25,1027,0.25,2000,moderate,0.23100000000000004,0.7264141085226903,0.7551469763294443,0.23331904761904765,0.2108581181668117,0.14717581321931875,raw_frequencies,poststratified,0.5241469763294442,0.052403633476866975,False
leave_one_epsilon_out,0,0.25,1027,0.25,2000,none,0.26200000000000007,0.1977065564633986,0.1860975443830278,0.2328526315789474,0.15741167615954943,0.14717581321931875,poststratified,poststratified,0.0,0.052403633476866975,True
leave_one_epsilon_out,0,0.25,1027,0.25,2000,strong,0.2820000000000001,0.45854006314989665,0.3759421815250617,0.23331904761904765,0.24314589985265872,0.19947404743048866,raw_frequencies,poststratified,0.09394218152506162,0.052403633476866975,True
leave_one_epsilon_out,1,0.5,1027,0.5,250,moderate,0.26500000000000007,0.17832781064117748,0.3972229213012296,0.2648031496062993,0.6203302237235552,0.6934628603651423,rr_debiased,raw_frequencies,0.0866721893588226,0.0533172463118067,False
leave_one_epsilon_out,1,0.5,1027,0.5,250,none,0.20900000000000007,0.1732905324691263,0.13845463741385208,0.2724461538461539,0.6203302237235552,0.47566860285329626,poststratified,raw_frequencies,0.07054536258614799,0.0533172463118067,False
leave_one_epsilon_out,1,0.5,1027,0.5,250,strong,0.12900000000000006,0.5402609314812812,0.3749999999999999,0.2648031496062993,0.6203302237235552,0.6934628603651423,raw_frequencies,raw_frequencies,0.0,0.0533172463118067,False
leave_one_epsilon_out,1,0.5,1027,0.5,500,moderate,0.23300000000000004,0.11414526623456292,0.1496511040918515,0.2648031496062993,0.48988760083764193,0.6934628603651423,rr_debiased,raw_frequencies,0.11885473376543712,0.0533172463118067,False
leave_one_epsilon_out,1,0.5,1027,0.5,500,none,0.22500000000000003,0.1591411242154461,0.14704069752919824,0.2648031496062993,0.48988760083764193,0.47566860285329626,poststratified,raw_frequencies,0.0779593024708018,0.0533172463118067,False
leave_one_epsilon_out,1,0.5,1027,0.5,500,strong,0.20100000000000007,0.24913284017721296,0.3809453296697568,0.2648031496062993,0.48988760083764193,0.8379281914021801,raw_frequencies,raw_frequencies,0.0,0.0533172463118067,False
leave_one_epsilon_out,1,0.5,1027,0.5,1000,moderate,0.21500000000000002,0.2053818046724334,0.29958993964062747,0.2648031496062993,0.3744065393364515,0.4659427023757644,rr_debiased,raw_frequencies,0.009618195327566637,0.0533172463118067,False
leave_one_epsilon_out,1,0.5,1027,0.5,1000,none,0.21900000000000003,0.22663491118677098,0.22713339515472003,0.2648031496062993,0.36812981362702724,0.3625652465304861,raw_frequencies,raw_frequencies,0.0,0.0533172463118067,False
leave_one_epsilon_out,1,0.5,1027,0.5,1000,strong,0.22300000000000003,0.2491328401772126,0.11565799847037547,0.24875000000000008,0.43222944543303077,0.37772884976643945,poststratified,raw_frequencies,0.10734200152962456,0.0533172463118067,False
leave_one_epsilon_out,1,0.5,1027,0.5,2000,moderate,0.21800000000000008,0.12267019224063264,0.22278269406090312,0.2648031496062993,0.3744065393364515,0.4659427023757644,rr_debiased,raw_frequencies,0.09532980775936745,0.0533172463118067,False
leave_one_epsilon_out,1,0.5,1027,0.5,2000,none,0.19000000000000006,0.28015569517372396,0.27667913827965257,0.2648031496062993,0.2563347289067596,0.23676882275191513,raw_frequencies,poststratified,0.08667913827965251,0.0533172463118067,True
leave_one_epsilon_out,1,0.5,1027,0.5,2000,strong,0.22900000000000004,0.35599800288181027,0.26027550381374204,0.2648031496062993,0.43222944543303077,0.4659427023757644,raw_frequencies,raw_frequencies,0.0,0.0533172463118067,False
leave_one_epsilon_out,2,1.0,1027,1.0,250,moderate,0.14500000000000007,0.18188835985313914,0.21068857606009186,0.23331904761904745,0.32430870810624346,0.315457035762629,raw_frequencies,raw_frequencies,0.0,0.06403578290935355,False
leave_one_epsilon_out,2,1.0,1027,1.0,250,none,0.3050000000000001,0.3282790682747732,0.35283080153705343,0.23331904761904745,0.32430870810624346,0.315457035762629,raw_frequencies,raw_frequencies,0.0,0.06403578290935355,False
leave_one_epsilon_out,2,1.0,1027,1.0,250,strong,0.23200000000000004,0.4454976514315051,0.4056733601870415,0.23331904761904745,0.46849503454977365,0.4398924958733276,raw_frequencies,raw_frequencies,0.0,0.06403578290935355,False
leave_one_epsilon_out,2,1.0,1027,1.0,500,moderate,0.1770000000000001,0.12696975744097955,0.02284210950727214,0.23331904761904745,0.21714440740316213,0.315457035762629,poststratified,rr_debiased,0.1041276479337074,0.06403578290935355,True
leave_one_epsilon_out,2,1.0,1027,1.0,500,none,0.1770000000000001,0.028116273099092204,0.04529773452680941,0.2328526315789474,0.21714440740316213,0.315457035762629,rr_debiased,rr_debiased,0.0,0.06403578290935355,True
leave_one_epsilon_out,2,1.0,1027,1.0,500,strong,0.1730000000000001,0.14893719840584335,0.1643193044288186,0.23331904761904745,0.3272652644670899,0.4398924958733276,rr_debiased,raw_frequencies,0.024062801594156746,0.06403578290935355,False
leave_one_epsilon_out,2,1.0,1027,1.0,1000,moderate,0.203,0.22459069558468225,0.13659853975761896,0.23331904761904745,0.21714440740316213,0.16525538763569586,poststratified,poststratified,0.0,0.06403578290935355,True
leave_one_epsilon_out,2,1.0,1027,1.0,1000,none,0.14300000000000007,0.13246161768219547,0.13667044111378712,0.2328526315789474,0.21714440740316213,0.16525538763569586,rr_debiased,poststratified,0.004208823431591652,0.06403578290935355,True
leave_one_epsilon_out,2,1.0,1027,1.0,1000,strong,0.15599999999999997,0.2917255646774581,0.12629603097311395,0.23331904761904745,0.3272652644670899,0.2468786939839766,poststratified,raw_frequencies,0.029703969026886018,0.06403578290935355,True
leave_one_epsilon_out,2,1.0,1027,1.0,2000,moderate,0.20900000000000002,0.1202453510015789,0.1090396494610674,0.23331904761904745,0.21714440740316213,0.16525538763569586,poststratified,poststratified,0.0,0.06403578290935355,True
leave_one_epsilon_out,2,1.0,1027,1.0,2000,none,0.1800000000000001,0.06106743454638794,0.05777403609703641,0.2328526315789474,0.21714440740316213,0.16525538763569586,poststratified,poststratified,0.0,0.06403578290935355,True
leave_one_epsilon_out,2,1.0,1027,1.0,2000,strong,0.17400000000000004,0.2532825429889465,0.12274212121143199,0.23331904761904745,0.3272652644670899,0.2468786939839766,poststratified,raw_frequencies,0.05125787878856805,0.06403578290935355,True
leave_one_epsilon_out,3,2.0,1027,2.0,250,moderate,0.13600000000000004,0.13638917422982616,0.053188962830298225,0.18550666666666674,0.2285001265358877,0.17635526461516213,poststratified,poststratified,0.0,0.0867137106996288,True
leave_one_epsilon_out,3,2.0,1027,2.0,250,none,0.06500000000000003,0.041431997069772686,0.03714131168186863,0.20158620689655177,0.2285001265358877,0.17635526461516213,poststratified,poststratified,0.0,0.0867137106996288,True
leave_one_epsilon_out,3,2.0,1027,2.0,250,strong,0.13600000000000004,0.20692771478577812,0.11497974895176288,0.20242307692307696,0.31690358059204016,0.2990652079890661,poststratified,raw_frequencies,0.021020251048237154,0.0867137106996288,False
leave_one_epsilon_out,3,2.0,1027,2.0,500,moderate,0.07600000000000004,0.07760705709986634,0.10039790999334033,0.18550666666666674,0.1154332760156177,0.17635526461516213,raw_frequencies,rr_debiased,0.0016070570998663047,0.0867137106996288,True
leave_one_epsilon_out,3,2.0,1027,2.0,500,none,0.09700000000000003,0.0538096951690816,0.05561805165941258,0.20158620689655177,0.1154332760156177,0.17635526461516213,rr_debiased,rr_debiased,0.0,0.0867137106996288,True
leave_one_epsilon_out,3,2.0,1027,2.0,500,strong,0.20800000000000005,0.259831620202742,0.05547359850833636,0.18550666666666674,0.24984892029531733,0.2990652079890661,poststratified,raw_frequencies,0.1525264014916637,0.0867137106996288,True
leave_one_epsilon_out,3,2.0,1027,2.0,1000,moderate,0.14200000000000004,0.1834148679337941,0.08299624421813084,0.17209090909090916,0.1154332760156177,0.0896747644210735,poststratified,poststratified,0.0,0.0867137106996288,True
leave_one_epsilon_out,3,2.0,1027,2.0,1000,none,0.08700000000000005,0.039398680965392424,0.04410557189947145,0.19172222222222224,0.1154332760156177,0.0896747644210735,rr_debiased,poststratified,0.004706890934079028,0.0867137106996288,True
leave_one_epsilon_out,3,2.0,1027,2.0,1000,strong,0.14600000000000005,0.16284112693830813,0.057594511967509865,0.18273076923076925,0.24984892029531733,0.14653975563591798,poststratified,poststratified,0.0,0.0867137106996288,True
leave_one_epsilon_out,3,2.0,1027,2.0,2000,moderate,0.13400000000000006,0.11553091815553945,0.04217749332345172,0.19172222222222224,0.1154332760156177,0.0896747644210735,poststratified,poststratified,0.0,0.0867137106996288,True
leave_one_epsilon_out,3,2.0,1027,2.0,2000,none,0.11200000000000004,0.032609412518808556,0.026748807796575763,0.19172222222222224,0.1154332760156177,0.0896747644210735,poststratified,poststratified,0.0,0.0867137106996288,True
leave_one_epsilon_out,3,2.0,1027,2.0,2000,strong,0.21000000000000005,0.2730575965569829,0.01523835542970664,0.18273076923076925,0.24984892029531733,0.0896747644210735,poststratified,poststratified,0.0,0.0867137106996288,False
leave_one_epsilon_out,0,0.25,1028,0.25,250,moderate,0.32100000000000006,0.7850000000000001,0.7849999999999998,0.20847826086956522,0.3241274230202852,0.3498167652585278,raw_frequencies,raw_frequencies,0.0,0.052403633476866975,False
leave_one_epsilon_out,0,0.25,1028,0.25,250,none,0.2810000000000001,0.24166597325400918,0.2675833919665641,0.25515625,0.2687476371453217,0.3498167652585278,rr_debiased,raw_frequencies,0.0393340267459909,0.052403633476866975,True
leave_one_epsilon_out,0,0.25,1028,0.25,250,strong,0.29700000000000004,0.35333298662700485,0.6930590831261338,0.23331904761904765,0.46085905497323176,0.520072405158256,raw_frequencies,raw_frequencies,0.0,0.052403633476866975,False
leave_one_epsilon_out,0,0.25,1028,0.25,500,moderate,0.24900000000000005,0.25833090638903256,0.14069041960716083,0.23331904761904765,0.3241274230202852,0.2840593519129284,poststratified,raw_frequencies,0.10830958039283922,0.052403633476866975,True
leave_one_epsilon_out,0,0.25,1028,0.25,500,none,0.317,0.584581686478272,0.6446921842213307,0.25515625,0.3241274230202852,0.2840593519129284,raw_frequencies,raw_frequencies,0.0,0.052403633476866975,True
leave_one_epsilon_out,0,0.25,1028,0.25,500,strong,0.325,0.677081166418779,0.789612009859084,0.23331904761904765,0.344025258498005,0.34718447576262945,raw_frequencies,raw_frequencies,0.0,0.052403633476866975,False
leave_one_epsilon_out,0,0.25,1028,0.25,1000,moderate,0.24700000000000005,0.45208012629979344,0.22700256790881468,0.23331904761904765,0.2108581181668117,0.18475296788865145,poststratified,poststratified,0.0,0.052403633476866975,True
leave_one_epsilon_out,0,0.25,1028,0.25,1000,none,0.2810000000000001,0.24166597325400918,0.3041818576360261,0.2328526315789474,0.15741167615954943,0.18475296788865145,rr_debiased,rr_debiased,0.0,0.052403633476866975,True
leave_one_epsilon_out,0,0.25,1028,0.25,1000,strong,0.31700000000000006,0.7822882429416718,0.49172217073638963,0.23331904761904765,0.344025258498005,0.2894213255063377,raw_frequencies,raw_frequencies,0.0,0.052403633476866975,False
leave_one_epsilon_out,0,0.25,1028,0.25,2000,moderate,0.25300000000000006,0.16583142644852533,0.1826520971512552,0.20847826086956522,0.2108581181668117,0.14717581321931875,rr_debiased,poststratified,0.016820670702729856,0.052403633476866975,False
leave_one_epsilon_out,0,0.25,1028,0.25,2000,none,0.23800000000000004,0.37114308135184954,0.36735671970389816,0.2328526315789474,0.15741167615954943,0.14717581321931875,raw_frequencies,poststratified,0.12935671970389812,0.052403633476866975,True
leave_one_epsilon_out,0,0.25,1028,0.25,2000,strong,0.26400000000000007,0.6602039561659345,0.6281115834600434,0.23331904761904765,0.24314589985265872,0.19947404743048866,raw_frequencies,poststratified,0.3641115834600433,0.052403633476866975,True
leave_one_epsilon_out,1,0.5,1028,0.5,250,moderate,0.2890000000000001,0.5932946744882431,0.6265114264191657,0.2648031496062993,0.6203302237235552,0.626995486577237,raw_frequencies,raw_frequencies,0.0,0.0533172463118067,False
leave_one_epsilon_out,1,0.5,1028,0.5,250,none,0.25700000000000006,0.4583071005455934,0.4499034246433511,0.2648031496062993,0.6203302237235552,0.47566860285329626,raw_frequencies,raw_frequencies,0.0,0.0533172463118067,False
leave_one_epsilon_out,1,0.5,1028,0.5,250,strong,0.19300000000000006,0.26328224843089265,0.20961788390316727,0.2648031496062993,0.6203302237235552,0.8379281914021801,raw_frequencies,raw_frequencies,0.0,0.0533172463118067,False
leave_one_epsilon_out,1,0.5,1028,0.5,500,moderate,0.18900000000000006,0.28578017742133444,0.31401572024867824,0.2648031496062993,0.48988760083764193,0.6934628603651423,raw_frequencies,raw_frequencies,0.0,0.0533172463118067,False
leave_one_epsilon_out,1,0.5,1028,0.5,500,none,0.22100000000000003,0.3166266271485375,0.34378319341585584,0.2724461538461539,0.48988760083764193,0.47566860285329626,raw_frequencies,raw_frequencies,0.0,0.0533172463118067,False
leave_one_epsilon_out,1,0.5,1028,0.5,500,strong,0.29300000000000004,0.29916597633014724,0.64744484933049,0.24875000000000008,0.7422391027984748,0.6934628603651423,raw_frequencies,raw_frequencies,0.0,0.0533172463118067,False
leave_one_epsilon_out,1,0.5,1028,0.5,1000,moderate,0.195,0.3503735206341999,0.3459345534879651,0.2648031496062993,0.3744065393364515,0.4659427023757644,raw_frequencies,raw_frequencies,0.0,0.0533172463118067,False
leave_one_epsilon_out,1,0.5,1028,0.5,1000,none,0.24500000000000005,0.088336094679411,0.08161837688384962,0.2648031496062993,0.36812981362702724,0.3625652465304861,poststratified,raw_frequencies,0.16338162311615043,0.0533172463118067,False
leave_one_epsilon_out,1,0.5,1028,0.5,1000,strong,0.22300000000000003,0.3616224851294206,0.1452692565391624,0.2648031496062993,0.43222944543303077,0.4659427023757644,poststratified,raw_frequencies,0.07773074346083764,0.0533172463118067,False
leave_one_epsilon_out,1,0.5,1028,0.5,2000,moderate,0.24800000000000005,0.17708298816507348,0.03574213613781313,0.2648031496062993,0.2563347289067596,0.23676882275191513,poststratified,poststratified,0.0,0.0533172463118067,True
leave_one_epsilon_out,1,0.5,1028,0.5,2000,none,0.23100000000000004,0.19851249994871895,0.19245242443496244,0.2648031496062993,0.2563347289067596,0.23676882275191513,poststratified,poststratified,0.0,0.0533172463118067,True
leave_one_epsilon_out,1,0.5,1028,0.5,2000,strong,0.21800000000000003,0.2041369821963294,0.14325726302974268,0.2648031496062993,0.43222944543303077,0.4659427023757644,poststratified,raw_frequencies,0.07474273697025735,0.0533172463118067,False
leave_one_epsilon_out,2,1.0,1028,1.0,250,moderate,0.24900000000000005,0.3344279004090015,0.28918287161342016,0.20847826086956525,0.32430870810624346,0.315457035762629,raw_frequencies,raw_frequencies,0.0,0.06403578290935355,False
leave_one_epsilon_out,2,1.0,1028,1.0,250,none,0.25700000000000006,0.24655813654954611,0.2614246057042982,0.2551562499999999,0.32430870810624346,0.315457035762629,rr_debiased,raw_frequencies,0.010441863450453948,0.06403578290935355,True
leave_one_epsilon_out,2,1.0,1028,1.0,250,strong,0.24900000000000005,0.31246045944413764,0.14413123789146715,0.23331904761904745,0.46849503454977365,0.4398924958733276,poststratified,raw_frequencies,0.10486876210853291,0.06403578290935355,False
leave_one_epsilon_out,2,1.0,1028,1.0,500,moderate,0.15700000000000008,0.09401859599368373,0.1359510580200824,0.23331904761904745,0.21714440740316213,0.315457035762629,rr_debiased,rr_debiased,0.0,0.06403578290935355,True
leave_one_epsilon_out,2,1.0,1028,1.0,500,none,0.189,0.14762325461981834,0.14217792695695877,0.2328526315789474,0.21714440740316213,0.315457035762629,poststratified,rr_debiased,0.005445327662859573,0.06403578290935355,True
leave_one_epsilon_out,2,1.0,1028,1.0,500,strong,0.22800000000000004,0.3905790490193454,0.2330876814264245,0.23331904761904745,0.3272652644670899,0.4398924958733276,raw_frequencies,raw_frequencies,0.0,0.06403578290935355,False
leave_one_epsilon_out,2,1.0,1028,1.0,1000,moderate,0.195,0.12573721124279488,0.04587238864278004,0.20847826086956525,0.21714440740316213,0.16525538763569586,poststratified,poststratified,0.0,0.06403578290935355,True
leave_one_epsilon_out,2,1.0,1028,1.0,1000,none,0.19100000000000006,0.0433593076245557,0.05496654311102592,0.2328526315789474,0.21714440740316213,0.16525538763569586,rr_debiased,poststratified,0.011607235486470219,0.06403578290935355,True
leave_one_epsilon_out,2,1.0,1028,1.0,1000,strong,0.19100000000000006,0.10376977027793133,0.1580760211673427,0.23331904761904745,0.3272652644670899,0.2468786939839766,rr_debiased,raw_frequencies,0.08723022972206873,0.06403578290935355,True
leave_one_epsilon_out,2,1.0,1028,1.0,2000,moderate,0.1860000000000001,0.037786049795499405,0.18979288698506774,0.23331904761904745,0.21714440740316213,0.16525538763569586,rr_debiased,poststratified,0.15200683718956834,0.06403578290935355,True
leave_one_epsilon_out,2,1.0,1028,1.0,2000,none,0.21900000000000003,0.09545058232826667,0.09119711570023917,0.2328526315789474,0.21714440740316213,0.16525538763569586,poststratified,poststratified,0.0,0.06403578290935355,True
leave_one_epsilon_out,2,1.0,1028,1.0,2000,strong,0.21400000000000002,0.28500115823805794,0.10965330490351652,0.23331904761904745,0.3272652644670899,0.2468786939839766,poststratified,raw_frequencies,0.1043466950964835,0.06403578290935355,True
leave_one_epsilon_out,3,2.0,1028,2.0,250,moderate,0.06400000000000003,0.07760705709986634,0.09338003181330781,0.20158620689655177,0.2285001265358877,0.17635526461516213,raw_frequencies,poststratified,0.029380031813307783,0.0867137106996288,True
leave_one_epsilon_out,3,2.0,1028,2.0,250,none,0.13700000000000007,0.11049571771600533,0.10938324979995004,0.20158620689655177,0.2285001265358877,0.17635526461516213,poststratified,poststratified,0.0,0.0867137106996288,True
leave_one_epsilon_out,3,2.0,1028,2.0,250,strong,0.22400000000000003,0.24779068169794918,0.24228546223794428,0.18550666666666674,0.31690358059204016,0.2990652079890661,raw_frequencies,raw_frequencies,0.0,0.0867137106996288,False
leave_one_epsilon_out,3,2.0,1028,2.0,500,moderate,0.15599999999999997,0.14786108257701738,0.10610925751471262,0.18550666666666674,0.1154332760156177,0.17635526461516213,poststratified,rr_debiased,0.041751825062304765,0.0867137106996288,True
leave_one_epsilon_out,3,2.0,1028,2.0,500,none,0.07200000000000004,0.07172884538687033,0.06980983140716254,0.20158620689655177,0.1154332760156177,0.17635526461516213,poststratified,rr_debiased,0.0019190139797077843,0.0867137106996288,True
leave_one_epsilon_out,3,2.0,1028,2.0,500,strong,0.15200000000000005,0.1951712913597861,0.062260954540192426,0.22204761904761905,0.24984892029531733,0.2990652079890661,poststratified,raw_frequencies,0.08973904545980763,0.0867137106996288,True
leave_one_epsilon_out,3,2.0,1028,2.0,1000,moderate,0.14800000000000005,0.18635397379029212,0.062214246168325216,0.18273076923076925,0.1154332760156177,0.0896747644210735,poststratified,poststratified,0.0,0.0867137106996288,True
leave_one_epsilon_out,3,2.0,1028,2.0,1000,none,0.12700000000000006,0.06053091815553949,0.05675750061475007,0.19172222222222224,0.1154332760156177,0.0896747644210735,poststratified,poststratified,0.0,0.0867137106996288,True
leave_one_epsilon_out,3,2.0,1028,2.0,1000,strong,0.254,0.3274310549021958,0.1284929102664352,0.18273076923076925,0.24984892029531733,0.14653975563591798,poststratified,poststratified,0.0,0.0867137106996288,True
leave_one_epsilon_out,3,2.0,1028,2.0,2000,moderate,0.10500000000000001,0.12022409201908715,0.03480551160437301,0.19172222222222224,0.1154332760156177,0.0896747644210735,poststratified,poststratified,0.0,0.0867137106996288,True
leave_one_epsilon_out,3,2.0,1028,2.0,2000,none,0.09800000000000003,0.039957177160053564,0.03699286849186928,0.19172222222222224,0.1154332760156177,0.0896747644210735,poststratified,poststratified,0.0,0.0867137106996288,True
leave_one_epsilon_out,3,2.0,1028,2.0,2000,strong,0.171,0.22750145578126402,0.09207860972211487,0.18273076923076925,0.24984892029531733,0.14653975563591798,poststratified,poststratified,0.0,0.0867137106996288,True
leave_one_epsilon_out,0,0.25,1029,0.25,250,moderate,0.313,0.5383319465080183,0.6278436348772934,0.25515625,0.3241274230202852,0.3498167652585278,raw_frequencies,raw_frequencies,0.0,0.052403633476866975,False
leave_one_epsilon_out,0,0.25,1029,0.25,250,none,0.23300000000000004,0.9507056262766577,1.0985505094427461,0.25515625,0.2687476371453217,0.3498167652585278,raw_frequencies,raw_frequencies,0.0,0.052403633476866975,True
leave_one_epsilon_out,0,0.25,1029,0.25,250,strong,0.281,0.16833402674599052,0.644622491751869,0.23331904761904765,0.46085905497323176,0.520072405158256,rr_debiased,raw_frequencies,0.11266597325400951,0.052403633476866975,False
leave_one_epsilon_out,0,0.25,1029,0.25,500,moderate,0.2810000000000001,0.43541519316476984,0.5334175315447269,0.23331904761904765,0.3241274230202852,0.2840593519129284,raw_frequencies,raw_frequencies,0.0,0.052403633476866975,True
leave_one_epsilon_out,0,0.25,1029,0.25,500,none,0.201,0.5872204887556525,0.5894045644030692,0.2328526315789474,0.3241274230202852,0.2840593519129284,raw_frequencies,raw_frequencies,0.0,0.052403633476866975,True
leave_one_epsilon_out,0,0.25,1029,0.25,500,strong,0.2250000000000001,0.3749999999999999,0.37499999999999994,0.23331904761904765,0.344025258498005,0.34718447576262945,raw_frequencies,raw_frequencies,0.0,0.052403633476866975,False
leave_one_epsilon_out,0,0.25,1029,0.25,1000,moderate,0.21900000000000003,0.5448177065340183,0.49200679952868226,0.20847826086956522,0.15741167615954943,0.18475296788865145,raw_frequencies,rr_debiased,0.32581770653401826,0.052403633476866975,True
leave_one_epsilon_out,0,0.25,1029,0.25,1000,none,0.2850000000000001,0.5654141530457841,0.5583776133950339,0.2328526315789474,0.15741167615954943,0.18475296788865145,raw_frequencies,rr_debiased,0.28041415304578404,0.052403633476866975,True
leave_one_epsilon_out,0,0.25,1029,0.25,1000,strong,0.2750000000000001,0.7822882429416718,0.47326391101047616,0.23331904761904765,0.344025258498005,0.2894213255063377,raw_frequencies,raw_frequencies,0.0,0.052403633476866975,False
leave_one_epsilon_out,0,0.25,1029,0.25,2000,moderate,0.30300000000000005,0.4227075965823852,0.6248004710568631,0.23331904761904765,0.2108581181668117,0.14717581321931875,raw_frequencies,poststratified,0.32180047105686305,0.052403633476866975,False
leave_one_epsilon_out,0,0.25,1029,0.25,2000,none,0.25000000000000006,0.3508303863295397,0.3476738447630478,0.2328526315789474,0.15741167615954943,0.14717581321931875,raw_frequencies,poststratified,0.09767384476304775,0.052403633476866975,True
leave_one_epsilon_out,0,0.25,1029,0.25,2000,strong,0.26000000000000006,0.2902060364039058,0.6809006030242181,0.23331904761904765,0.24314589985265872,0.19947404743048866,raw_frequencies,poststratified,0.420900603024218,0.052403633476866975,True
leave_one_epsilon_out,1,0.5,1029,0.5,250,moderate,0.29700000000000004,0.8182739643926586,0.6828227471329522,0.2648031496062993,0.6203302237235552,0.6934628603651423,raw_frequencies,raw_frequencies,0.0,0.0533172463118067,False
leave_one_epsilon_out,1,0.5,1029,0.5,250,none,0.321,0.4566514792632382,0.5133906612524923,0.2648031496062993,0.6203302237235552,0.47566860285329626,raw_frequencies,raw_frequencies,0.0,0.0533172463118067,False
leave_one_epsilon_out,1,0.5,1029,0.5,250,strong,0.176,0.6234492592317864,0.37499999999999994,0.2648031496062993,0.6203302237235552,0.8379281914021801,raw_frequencies,raw_frequencies,0.0,0.0533172463118067,False
leave_one_epsilon_out,1,0.5,1029,0.5,500,moderate,0.23700000000000004,0.15914112421544618,0.15591751361719447,0.2724461538461539,0.48988760083764193,0.626995486577237,poststratified,raw_frequencies,0.08108248638280557,0.0533172463118067,False
leave_one_epsilon_out,1,0.5,1029,0.5,500,none,0.2730000000000001,0.18667633137793943,0.18867681200341163,0.2648031496062993,0.48988760083764193,0.47566860285329626,rr_debiased,raw_frequencies,0.08632366862206065,0.0533172463118067,False
leave_one_epsilon_out,1,0.5,1029,0.5,500,strong,0.13300000000000006,0.3749999999999999,0.375,0.2648031496062993,0.48988760083764193,0.8379281914021801,raw_frequencies,raw_frequencies,0.0,0.0533172463118067,False
leave_one_epsilon_out,1,0.5,1029,0.5,1000,moderate,0.25100000000000006,0.24457677513639836,0.2578981379767166,0.2648031496062993,0.36812981362702724,0.3625652465304861,rr_debiased,raw_frequencies,0.006423224863601695,0.0533172463118067,False
leave_one_epsilon_out,1,0.5,1029,0.5,1000,none,0.22300000000000003,0.1703900887106669,0.2023697037039988,0.2648031496062993,0.36812981362702724,0.3625652465304861,rr_debiased,raw_frequencies,0.05260991128933312,0.0533172463118067,False
leave_one_epsilon_out,1,0.5,1029,0.5,1000,strong,0.20700000000000002,0.5303569525577327,0.461031822055611,0.2648031496062993,0.43222944543303077,0.4659427023757644,raw_frequencies,raw_frequencies,0.0,0.0533172463118067,False
leave_one_epsilon_out,1,0.5,1029,0.5,2000,moderate,0.24200000000000005,0.19958091715551507,0.12675040389560316,0.2724461538461539,0.2563347289067596,0.23676882275191513,poststratified,poststratified,0.0,0.0533172463118067,True
leave_one_epsilon_out,1,0.5,1029,0.5,2000,none,0.257,0.09668461541617285,0.09541916888330257,0.2648031496062993,0.2563347289067596,0.23676882275191513,poststratified,poststratified,0.0,0.0533172463118067,True
leave_one_epsilon_out,1,0.5,1029,0.5,2000,strong,0.24400000000000005,0.2220788461459566,0.05244376723845806,0.2648031496062993,0.43222944543303077,0.4659427023757644,poststratified,raw_frequencies,0.191556232761542,0.0533172463118067,False
leave_one_epsilon_out,2,1.0,1029,1.0,250,moderate,0.19300000000000006,0.026883726900907706,0.16527548584610166,0.23331904761904745,0.32430870810624346,0.315457035762629,rr_debiased,raw_frequencies,0.16611627309909235,0.06403578290935355,False
leave_one_epsilon_out,2,1.0,1029,1.0,250,none,0.16900000000000004,0.181888359853139,0.17855849074699895,0.2328526315789474,0.32430870810624346,0.315457035762629,raw_frequencies,raw_frequencies,0.0,0.06403578290935355,False
leave_one_epsilon_out,2,1.0,1029,1.0,250,strong,0.24100000000000005,0.24655813654954611,0.3713577716398577,0.23331904761904745,0.46849503454977365,0.4398924958733276,raw_frequencies,raw_frequencies,0.0,0.06403578290935355,False
leave_one_epsilon_out,2,1.0,1029,1.0,500,moderate,0.08000000000000004,0.330744160671142,0.28447448468216996,0.23331904761904745,0.21714440740316213,0.315457035762629,raw_frequencies,rr_debiased,0.2507441606711419,0.06403578290935355,True
leave_one_epsilon_out,2,1.0,1029,1.0,500,none,0.15300000000000008,0.12688835985313912,0.17600354781723196,0.2551562499999999,0.21714440740316213,0.315457035762629,rr_debiased,rr_debiased,0.0,0.06403578290935355,True
leave_one_epsilon_out,2,1.0,1029,1.0,500,strong,0.18900000000000006,0.08180232931306738,0.3508757280892897,0.23331904761904745,0.21714440740316213,0.4398924958733276,rr_debiased,rr_debiased,0.0,0.06403578290935355,True
leave_one_epsilon_out,2,1.0,1029,1.0,1000,moderate,0.21100000000000002,0.12573721124279486,0.1598816701714832,0.23331904761904745,0.21714440740316213,0.16525538763569586,rr_debiased,poststratified,0.03414445892868834,0.06403578290935355,True
leave_one_epsilon_out,2,1.0,1029,1.0,1000,none,0.15300000000000008,0.14885580081800293,0.15991759884692094,0.2328526315789474,0.21714440740316213,0.16525538763569586,rr_debiased,poststratified,0.011061798028918018,0.06403578290935355,True
leave_one_epsilon_out,2,1.0,1029,1.0,1000,strong,0.18700000000000006,0.15319651244887475,0.13664954373630675,0.23331904761904745,0.3272652644670899,0.2468786939839766,poststratified,raw_frequencies,0.050350456263693305,0.06403578290935355,True
leave_one_epsilon_out,2,1.0,1029,1.0,2000,moderate,0.1770000000000001,0.1214778971997636,0.006829908419071884,0.23331904761904745,0.21714440740316213,0.16525538763569586,poststratified,poststratified,0.0,0.06403578290935355,True
leave_one_epsilon_out,2,1.0,1029,1.0,2000,none,0.20100000000000007,0.046023840157323276,0.045544384420264844,0.2328526315789474,0.21714440740316213,0.16525538763569586,poststratified,poststratified,0.0,0.06403578290935355,True
leave_one_epsilon_out,2,1.0,1029,1.0,2000,strong,0.193,0.22733662570529017,0.09539943985529623,0.23331904761904745,0.3272652644670899,0.2468786939839766,poststratified,raw_frequencies,0.09760056014470378,0.06403578290935355,True
leave_one_epsilon_out,3,2.0,1029,2.0,250,moderate,0.16,0.195171291359786,0.16096238031436091,0.20158620689655177,0.2285001265358877,0.17635526461516213,raw_frequencies,poststratified,0.0009623803143609111,0.0867137106996288,True
leave_one_epsilon_out,3,2.0,1029,2.0,250,none,0.15200000000000005,0.15990202108181012,0.16465455528301878,0.18550666666666674,0.2285001265358877,0.17635526461516213,raw_frequencies,poststratified,0.012654555283018731,0.0867137106996288,True
leave_one_epsilon_out,3,2.0,1029,2.0,250,strong,0.24700000000000005,0.4185433364536336,0.08690202704224223,0.20242307692307696,0.31690358059204016,0.2990652079890661,poststratified,raw_frequencies,0.16009797295775782,0.0867137106996288,False
leave_one_epsilon_out,3,2.0,1029,2.0,500,moderate,0.12100000000000005,0.05968790688207756,0.026849232671664974,0.18550666666666674,0.1154332760156177,0.17635526461516213,poststratified,rr_debiased,0.03283867421041259,0.0867137106996288,True
leave_one_epsilon_out,3,2.0,1029,2.0,500,none,0.10900000000000004,0.039957177160053564,0.047906712540586205,0.20158620689655177,0.1154332760156177,0.17635526461516213,rr_debiased,rr_debiased,0.0,0.0867137106996288,True
leave_one_epsilon_out,3,2.0,1029,2.0,500,strong,0.228,0.3244919490456978,0.040779373512544764,0.18550666666666674,0.24984892029531733,0.2990652079890661,poststratified,raw_frequencies,0.18722062648745524,0.0867137106996288,True
leave_one_epsilon_out,3,2.0,1029,2.0,1000,moderate,0.14200000000000004,0.14814559765581817,0.038046681601750176,0.17209090909090916,0.1154332760156177,0.0896747644210735,poststratified,poststratified,0.0,0.0867137106996288,True
leave_one_epsilon_out,3,2.0,1029,2.0,1000,none,0.10300000000000004,0.014411014203689204,0.024657331353709372,0.19172222222222224,0.1154332760156177,0.0896747644210735,rr_debiased,poststratified,0.010246317150020168,0.0867137106996288,True
leave_one_epsilon_out,3,2.0,1029,2.0,1000,strong,0.156,0.21574503235527198,0.038943532293335026,0.18273076923076925,0.24984892029531733,0.14653975563591798,poststratified,poststratified,0.0,0.0867137106996288,True
leave_one_epsilon_out,3,2.0,1029,2.0,2000,moderate,0.14900000000000005,0.15549336229706318,0.032706190454589834,0.18273076923076925,0.1154332760156177,0.0896747644210735,poststratified,poststratified,0.0,0.0867137106996288,True
leave_one_epsilon_out,3,2.0,1029,2.0,2000,none,0.09600000000000003,0.004687906882077597,0.003270515096911064,0.19172222222222224,0.1154332760156177,0.0896747644210735,poststratified,poststratified,0.0,0.0867137106996288,True
leave_one_epsilon_out,3,2.0,1029,2.0,2000,strong,0.21100000000000005,0.24660564384850098,0.06367137593891098,0.18273076923076925,0.24984892029531733,0.14653975563591798,poststratified,poststratified,0.0,0.0867137106996288,True
