epsilon,n_respondents,seed,bias,demographic_imbalance,fallback_cells,cell_proportion_min,cell_proportion_max,cell_proportion_std,raw_frequencies_l1,rr_debiased_l1,poststratified_l1
0.25,250,1000,none,0.12000000000000001,0,0.08,0.22,0.0433076847170979,0.2,0.9111118274500958,1.0145821714332772
0.25,250,1001,none,0.19599999999999995,0,0.108,0.256,0.05354956167472854,0.26500000000000007,0.8037424229920753,0.8795570670672107
0.25,250,1002,none,0.11999999999999995,0,0.112,0.224,0.04482063017059096,0.2890000000000001,0.6116638930160377,0.6135213279743165
0.25,250,1003,none,0.08800000000000004,0,0.108,0.216,0.03271425105702746,0.2730000000000001,0.38916545319451634,0.3064217806110229
0.25,250,1004,none,0.188,0,0.1,0.228,0.050894225823979504,0.29700000000000004,0.35333298662700485,0.6129050719033344
0.25,250,1005,none,0.048000000000000015,0,0.1,0.216,0.03707050339855425,0.24100000000000005,0.3133309063890326,0.2822485097883519
0.25,250,1006,none,0.09599999999999999,0,0.112,0.204,0.02815828277592383,0.329,0.7591633729565449,0.8331847474147452
0.25,250,1007,none,0.09599999999999999,0,0.08,0.208,0.043122564343456606,0.20900000000000007,0.3749999999999999,0.375
0.25,250,1008,none,0.12399999999999997,0,0.128,0.216,0.03263263533472111,0.313,0.5383319465080183,0.44077716408384565
0.25,250,1009,none,0.08399999999999999,0,0.12,0.204,0.032795663669996915,0.313,0.5383319465080183,0.4798588413292062
0.25,250,1010,none,0.11599999999999998,0,0.096,0.22,0.04730985333122712,0.4010000000000001,0.9827488373302087,1.164665072300572
0.25,250,1011,none,0.08399999999999999,0,0.092,0.216,0.042562372532032974,0.2810000000000001,0.704163372956545,0.6790876929291622
0.25,250,1012,none,0.08799999999999995,0,0.096,0.232,0.05115553624866901,0.3050000000000001,0.5741644130755306,0.49592915945567856
0.25,250,1013,none,0.05600000000000001,0,0.104,0.216,0.03522625283632775,0.20900000000000002,0.523668266675916,0.5077416506480916
0.25,250,1014,none,0.14400000000000002,0,0.104,0.192,0.030169889330626025,0.2810000000000001,0.5191644130755305,0.5791120507627268
0.25,250,1015,none,0.05199999999999996,0,0.1,0.216,0.03957552554574888,0.20900000000000002,0.9803531540783139,0.9694495839609616
0.25,250,1016,none,0.019999999999999962,0,0.1,0.204,0.038482319172431494,0.20900000000000002,0.523668266675916,0.5018305956389425
0.25,250,1017,none,0.15199999999999997,0,0.112,0.26,0.05521674464226308,0.24900000000000005,0.7758283060915684,0.6395550801805323
0.25,250,1018,none,0.05600000000000002,0,0.096,0.204,0.035074523834575745,0.32100000000000006,0.8400000000000001,0.84
0.25,250,1019,none,0.06,0,0.1,0.216,0.03889587238883953,0.2730000000000001,0.7849999999999999,0.7850000000000001
0.25,250,1020,none,0.136,0,0.116,0.252,0.046341725858620716,0.2810000000000001,0.29666597325400923,0.39703123936931145
0.25,250,1021,none,0.09999999999999999,0,0.092,0.228,0.051622561820282506,0.24100000000000005,0.7208283060915683,0.8243901058836354
0.25,250,1022,none,0.12400000000000001,0,0.112,0.24,0.04318435930853772,0.20100000000000007,0.37499999999999994,0.37499999999999994
0.25,250,1023,none,0.07999999999999999,0,0.096,0.228,0.048643830258545864,0.1690000000000001,0.49615898728748026,0.45930867217872506
0.25,250,1024,none,0.09999999999999995,0,0.096,0.216,0.04129030017920539,0.26500000000000007,0.22083142644852544,0.2244265534898616
0.25,250,1025,none,0.16399999999999995,0,0.096,0.24,0.05289822513300633,0.30500000000000005,0.4816649331350236,0.5147174248698774
0.25,250,1026,none,0.128,0,0.108,0.22,0.032795663669996915,0.32900000000000007,0.7849999999999999,0.785
0.25,250,1027,none,0.10799999999999994,0,0.096,0.216,0.04962078417580905,0.38500000000000006,1.3607056262766577,1.470639330525226
0.25,250,1028,none,0.09600000000000002,0,0.084,0.208,0.04050788674923549,0.2810000000000001,0.24166597325400918,0.2675833919665641
0.25,250,1029,none,0.12399999999999999,0,0.116,0.22,0.034998412662417835,0.23300000000000004,0.9507056262766577,1.0985505094427461
0.25,250,1000,moderate,0.332,0,0.132,0.248,0.041354833118055524,0.24900000000000005,0.49832986627004694,0.6380927152603888
0.25,250,1001,moderate,0.38800000000000007,0,0.112,0.276,0.052696194254318686,0.24900000000000005,0.7758283060915684,0.5788237718782934
0.25,250,1002,moderate,0.38800000000000007,0,0.112,0.26,0.04770278351999551,0.2970000000000001,0.7850000000000001,0.7849999999999999
0.25,250,1003,moderate,0.436,0,0.104,0.264,0.062253960159620016,0.31300000000000006,0.8400000000000001,0.9119418101311781
0.25,250,1004,moderate,0.36400000000000005,0,0.104,0.264,0.05631656555184767,0.2330000000000001,0.37499999999999983,0.4587096910420474
0.25,250,1005,moderate,0.3880000000000001,0,0.104,0.232,0.0429987079909256,0.26500000000000007,0.6283288261510612,0.7131568683333643
0.25,250,1006,moderate,0.41200000000000003,0,0.088,0.268,0.059179576056459064,0.32900000000000007,0.84,0.20643352534550014
0.25,250,1007,moderate,0.45599999999999996,0,0.1,0.224,0.048424052792893,0.15300000000000008,0.40398930190516646,0.4764785899714638
0.25,250,1008,moderate,0.4200000000000001,0,0.108,0.26,0.051931578917734526,0.23300000000000004,1.2149999999999999,1.0217022017252435
0.25,250,1009,moderate,0.396,0,0.1,0.284,0.061434698845377445,0.24900000000000005,0.6833288261510612,0.33295639756298295
0.25,250,1010,moderate,0.308,0,0.124,0.26,0.05015531433014407,0.26500000000000007,0.07333194650801822,0.27855613397108125
0.25,250,1011,moderate,0.42400000000000004,0,0.092,0.26,0.06020705015933673,0.20900000000000002,0.6852986074207681,1.1582581630673154
0.25,250,1012,moderate,0.40399999999999997,0,0.104,0.248,0.05254416132063475,0.1690000000000001,0.37499999999999994,0.39819362939143027
0.25,250,1013,moderate,0.3760000000000001,0,0.076,0.24,0.05031456603763522,0.329,0.7233309063890327,0.6732824586163847
0.25,250,1014,moderate,0.34800000000000003,0,0.12,0.28,0.056505653601112246,0.22500000000000003,0.4677216759746718,0.4069480986754321
0.25,250,1015,moderate,0.432,0,0.124,0.236,0.043060680698547044,0.2970000000000001,0.5191644130755305,0.7314064898692221
0.25,250,1016,moderate,0.35600000000000004,0,0.076,0.268,0.058225614829061474,0.2250000000000001,0.3749999999999999,0.09834701513531094
0.25,250,1017,moderate,0.492,0,0.088,0.308,0.07198765326236314,0.26500000000000007,0.4983298662700469,0.411560477013682
0.25,250,1018,moderate,0.36800000000000005,0,0.092,0.26,0.052544161320634754,0.2730000000000001,0.5741644130755307,0.599923997648545
0.25,250,1019,moderate,0.34800000000000003,0,0.112,0.288,0.05790413533495589,0.329,0.7233309063890327,0.33285478706334776
0.25,250,1020,moderate,0.388,0,0.076,0.244,0.05259488779550939,0.27999999999999997,1.2149999999999999,1.2149999999999999
0.25,250,1021,moderate,0.31600000000000006,0,0.108,0.228,0.04440220214759124,0.29700000000000004,0.7849999999999999,0.7849999999999999
0.25,250,1022,moderate,0.392,0,0.076,0.24,0.05177730090386026,0.2250000000000001,0.3749999999999999,0.3910952799132929
0.25,250,1023,moderate,0.392,0,0.1,0.256,0.060383956662529346,0.31300000000000006,0.7849999999999999,0.8422086179947332
0.25,250,1024,moderate,0.37600000000000006,0,0.076,0.248,0.053199832915360006,0.35300000000000004,0.9928528131383286,0.7849999999999999
0.25,250,1025,moderate,0.26,0,0.14,0.216,0.02834705550062573,0.337,0.8400000000000001,0.8211080134515814
0.25,250,1026,moderate,0.4160000000000001,0,0.1,0.22,0.04050788674923549,0.2730000000000001,0.8400000000000001,0.8323981300820821
0.25,250,1027,moderate,0.31200000000000006,0,0.116,0.22,0.039710060298227816,0.31300000000000006,0.8400000000000001,0.8399999999999999
0.25,250,1028,moderate,0.332,0,0.112,0.24,0.045352936937853194,0.32100000000000006,0.7850000000000001,0.7849999999999998
0.25,250,1029,moderate,0.404,0,0.104,0.232,0.04787019485604332,0.313,0.5383319465080183,0.6278436348772934
0.25,250,1000,strong,0.78,0,0.036,0.348,0.1161990629145615,0.21700000000000003,0.6653093529596628,1.0129945229835262
0.25,250,1001,strong,0.7480000000000001,0,0.044,0.396,0.12114270739733184,0.28,0.8470971177812716,0.84
0.25,250,1002,strong,0.8680000000000001,0,0.032,0.42,0.13659998373190077,0.21700000000000003,0.9729640294394946,0.6999047195321001
0.25,250,1003,strong,0.684,0,0.036,0.34,0.10649986958781792,0.25700000000000006,0.9729640294394947,1.2149999999999999
0.25,250,1004,strong,0.7480000000000001,0,0.048,0.404,0.11880890351970914,0.23300000000000004,0.5278528131383285,0.8479197642608918
0.25,250,1005,strong,0.788,0,0.032,0.372,0.12247811595909242,0.2250000000000001,0.3749999999999999,0.8068238111663084
0.25,250,1006,strong,0.844,0,0.028,0.42,0.13325997982223403,0.26400000000000007,1.1373037253450202,0.8400000000000001
0.25,250,1007,strong,0.8200000000000001,0,0.048,0.404,0.1271779156230445,0.32100000000000006,0.7849999999999999,0.6348576576992682
0.25,250,1008,strong,0.684,0,0.036,0.336,0.10220676211592962,0.19300000000000006,0.37500000000000006,0.47476638665156956
0.25,250,1009,strong,0.684,0,0.048,0.328,0.10498677165349082,0.281,0.16833402674599052,0.8466363393492309
0.25,250,1010,strong,0.8280000000000001,0,0.032,0.348,0.12351877949886361,0.4010000000000001,0.939982169841944,1.625
0.25,250,1011,strong,0.8600000000000001,0,0.04,0.424,0.13585613305585026,0.20800000000000007,0.9803531540783139,0.4487891150800331
0.25,250,1012,strong,0.908,0,0.032,0.424,0.14063980786233873,0.09700000000000003,0.375,0.624355413087896
0.25,250,1013,strong,0.884,0,0.032,0.364,0.13171011941212246,0.329,0.7591633729565449,0.8400000000000001
0.25,250,1014,strong,0.804,0,0.04,0.36,0.11956959851437525,0.24100000000000005,0.7208283060915683,1.16
0.25,250,1015,strong,0.8360000000000001,0,0.04,0.384,0.12931958689833323,0.36900000000000005,0.9357058100041108,0.4772111962431056
0.25,250,1016,strong,0.868,0,0.032,0.396,0.13118265467998766,0.36100000000000004,1.0933288261510614,1.0544776367430104
0.25,250,1017,strong,0.7960000000000002,0,0.024,0.396,0.12616743724995855,0.38500000000000006,1.3708272659725829,1.625
0.25,250,1018,strong,0.8360000000000002,0,0.044,0.404,0.12865803079827115,0.26500000000000007,0.8744035913742974,0.8802561153608028
0.25,250,1019,strong,0.812,0,0.04,0.416,0.12991621231479242,0.32100000000000006,0.8400000000000001,0.5303945639781588
0.25,250,1020,strong,0.78,0,0.04,0.348,0.11626788990182209,0.201,0.6260587150061665,0.7849999999999999
0.25,250,1021,strong,0.724,0,0.04,0.364,0.11371699765450878,0.25700000000000006,0.3508303863295398,0.8193501345955065
0.25,250,1022,strong,0.8200000000000002,0,0.028,0.416,0.1300598152987907,0.2730000000000001,0.2966659732540091,1.0172844995699521
0.25,250,1023,strong,0.676,0,0.044,0.36,0.10556935582302701,0.20900000000000002,0.44285309630349023,0.37499999999999994
0.25,250,1024,strong,0.8440000000000001,0,0.028,0.388,0.13207405330175778,0.321,0.6308314264485255,1.080028047322395
0.25,250,1025,strong,0.9400000000000001,0,0.024,0.436,0.1463997571339819,0.24900000000000005,0.7208283060915683,1.0506339243375358
0.25,250,1026,strong,0.7000000000000001,0,0.044,0.384,0.11395125663584797,0.281,0.2041664933135024,0.6644328653395323
0.25,250,1027,strong,0.8119999999999999,0,0.056,0.412,0.12631530214330944,0.321,0.6308314264485255,0.2689473593932274
0.25,250,1028,strong,0.764,0,0.06,0.368,0.11367008792505129,0.29700000000000004,0.35333298662700485,0.6930590831261338
0.25,250,1029,strong,0.7880000000000001,0,0.044,0.388,0.12164794376487514,0.281,0.16833402674599052,0.644622491751869
0.25,500,1000,none,0.04000000000000001,0,0.086,0.21,0.04224794538067963,0.25300000000000006,0.5358293462105541,0.5285938508328016
0.25,500,1001,none,0.096,0,0.09,0.226,0.04394946593026536,0.24900000000000005,0.20166389301603765,0.30120287662655526
0.25,500,1002,none,0.08400000000000002,0,0.098,0.204,0.032917405055009355,0.21700000000000008,0.37499999999999994,0.375
0.25,500,1003,none,0.10399999999999998,0,0.108,0.242,0.04796758164519959,0.2730000000000001,0.4266649331350234,0.5200262783119843
0.25,500,1004,none,0.076,0,0.106,0.232,0.04007770230717103,0.29700000000000004,0.38041519316477007,0.3940683415439364
0.25,500,1005,none,0.048,0,0.108,0.212,0.03505551153369309,0.22100000000000003,0.4395960026527576,0.4442883088680101
0.25,500,1006,none,0.06,0,0.09,0.228,0.047168727870156614,0.273,0.10291675334324873,0.08169339251633939
0.25,500,1007,none,0.059999999999999984,0,0.11,0.22,0.03719617662550219,0.25300000000000006,0.3133309063890326,0.25108120653478605
0.25,500,1008,none,0.168,0,0.128,0.244,0.0385342560443158,0.36500000000000005,1.139578566121315,1.1591886954285386
0.25,500,1009,none,0.060000000000000026,0,0.092,0.22,0.040260264391691336,0.24900000000000005,0.22083142644852544,0.20543209269822388
0.25,500,1010,none,0.05199999999999996,0,0.09,0.214,0.044522154285504004,0.3370000000000001,0.7849999999999999,0.7849999999999999
0.25,500,1011,none,0.07200000000000001,0,0.094,0.23,0.04461190673152429,0.26100000000000007,0.1195816864782718,0.10935428638676017
0.25,500,1012,none,0.05599999999999998,0,0.102,0.224,0.04434210439550905,0.36500000000000005,0.896867583753597,0.89890004954624
0.25,500,1013,none,0.07200000000000001,0,0.134,0.198,0.028440972010268722,0.2730000000000001,0.2879157132242627,0.3034147862227145
0.25,500,1014,none,0.06399999999999997,0,0.118,0.21,0.03652700675147394,0.26100000000000007,0.16583142644852536,0.14522331464944305
0.25,500,1015,none,0.14799999999999996,0,0.072,0.246,0.062350265080074484,0.30900000000000005,0.5191644130755309,0.5998981118108462
0.25,500,1016,none,0.04000000000000001,0,0.088,0.214,0.043888748241687446,0.18500000000000005,0.6474662693747797,0.6840410442663186
0.25,500,1017,none,0.05200000000000002,0,0.094,0.202,0.03760614606978788,0.2770000000000001,0.2504162332837555,0.2848508133446243
0.25,500,1018,none,0.10399999999999995,0,0.118,0.22,0.044251804734069575,0.26500000000000007,0.6745785661213148,0.7713971007207459
0.25,500,1019,none,0.12399999999999997,0,0.084,0.21,0.050776197398212305,0.34900000000000003,0.9545796062403006,0.9617951681437669
0.25,500,1020,none,0.06399999999999995,0,0.12,0.21,0.03717824931626316,0.21300000000000002,0.3868244323096031,0.3806381476507157
0.25,500,1021,none,0.11199999999999999,0,0.09,0.234,0.04948624949305503,0.26500000000000007,0.22083142644852544,0.3289018178351209
0.25,500,1022,none,0.08400000000000005,0,0.086,0.216,0.0416119640915393,0.2810000000000001,0.4729146731052771,0.43470712881701207
0.25,500,1023,none,0.1,0,0.122,0.212,0.030014811158641144,0.25300000000000006,0.26708116641877905,0.1860003546485199
0.25,500,1024,none,0.108,0,0.072,0.212,0.04820327328673392,0.23700000000000004,0.44332986627004684,0.4966163721553445
0.25,500,1025,none,0.04799999999999996,0,0.1,0.22,0.044206585733601075,0.25700000000000006,0.3970801262997934,0.34017186464044424
0.25,500,1026,none,0.07599999999999998,0,0.092,0.216,0.042483983910279514,0.24900000000000005,0.8595775260023292,0.8990401548245616
0.25,500,1027,none,0.060000000000000026,0,0.088,0.222,0.04306068069854705,0.321,0.6308314264485254,0.6218390441092292
0.25,500,1028,none,0.10799999999999998,0,0.118,0.232,0.04210568713236834,0.317,0.584581686478272,0.6446921842213307
0.25,500,1029,none,0.084,0,0.102,0.226,0.0410149024407254,0.201,0.5872204887556525,0.5894045644030692
0.25,500,1000,moderate,0.436,0,0.104,0.296,0.063609922356675,0.24900000000000005,0.45208012629979344,0.4237726882311988
0.25,500,1001,moderate,0.404,0,0.096,0.28,0.06326311897323925,0.2770000000000001,0.472914673105277,0.68934652052118
0.25,500,1002,moderate,0.328,0,0.122,0.25,0.045572896428566934,0.21700000000000003,1.015073142186133,0.848095528740485
0.25,500,1003,moderate,0.36,0,0.104,0.242,0.05430367288580846,0.2890000000000001,0.6116638930160377,0.7597792811677365
0.25,500,1004,moderate,0.4,0,0.094,0.248,0.05101198116347004,0.2770000000000001,0.24166597325400913,0.6911093646734543
0.25,500,1005,moderate,0.3960000000000001,0,0.104,0.264,0.04933783763220904,0.24500000000000005,0.24791363298629152,0.3595608140402851
0.25,500,1006,moderate,0.276,0,0.116,0.23,0.03778300617414602,0.3090000000000001,0.6666638930160378,0.6455205175401033
0.25,500,1007,moderate,0.36800000000000005,0,0.112,0.28,0.05493834928556029,0.341,0.8620801262997935,1.0075791393125182
0.25,500,1008,moderate,0.396,0,0.09,0.274,0.0625104435718989,0.24100000000000005,0.3508303863295398,0.37500000000000006
0.25,500,1009,moderate,0.4400000000000001,0,0.1,0.278,0.056316565551847685,0.20900000000000007,0.37499999999999994,0.5649594151085929
0.25,500,1010,moderate,0.42000000000000004,0,0.096,0.276,0.059538969498042965,0.22500000000000003,0.6985626336744846,0.6827157926344758
0.25,500,1011,moderate,0.29200000000000004,0,0.118,0.234,0.0377653574353828,0.30900000000000005,0.4920822065377654,0.33347431427703744
0.25,500,1012,moderate,0.34800000000000003,0,0.108,0.246,0.04674279504788828,0.23300000000000004,0.37499999999999994,0.49927174511380606
0.25,500,1013,moderate,0.34400000000000003,0,0.102,0.252,0.05160964595456508,0.25700000000000006,0.35958064635928616,0.4509921968028424
0.25,500,1014,moderate,0.36400000000000005,0,0.102,0.28,0.05609119558560169,0.281,0.16833402674599046,0.21393674034667606
0.25,500,1015,moderate,0.37600000000000006,0,0.122,0.25,0.04426686746942408,0.28900000000000003,0.26083350668649774,0.15617606579117516
0.25,500,1016,moderate,0.384,0,0.094,0.264,0.0555297717945568,0.21300000000000002,0.3868244323096031,0.37499999999999994
0.25,500,1017,moderate,0.336,0,0.114,0.244,0.04899886620003455,0.22900000000000004,0.6319561670119727,0.845351807180599
0.25,500,1018,moderate,0.4120000000000001,0,0.09,0.258,0.05942689252817748,0.26100000000000007,0.9116971989224363,0.833215782043298
0.25,500,1019,moderate,0.368,0,0.12,0.288,0.06120639037079561,0.277,0.1579167533432489,0.6864385339557204
0.25,500,1020,moderate,0.36800000000000005,0,0.114,0.262,0.048092503458323825,0.22100000000000003,0.7956993901249588,0.5437157308505295
0.25,500,1021,moderate,0.36800000000000005,0,0.108,0.256,0.05321236280748634,0.22100000000000003,0.40856646337498587,0.2609538706582103
0.25,500,1022,moderate,0.392,0,0.114,0.242,0.050022217286144185,0.36500000000000005,1.139578566121315,1.1494299533254615
0.25,500,1023,moderate,0.38399999999999995,0,0.09,0.22,0.049701330185642136,0.25300000000000006,0.1554141530457841,0.22518087489181193
0.25,500,1024,moderate,0.45599999999999996,0,0.096,0.268,0.06366230351541553,0.20900000000000002,0.9803531540783139,0.752399233231065
0.25,500,1025,moderate,0.35600000000000004,0,0.104,0.268,0.05471948667725441,0.2850000000000001,0.7129136329862913,0.7026993432786108
0.25,500,1026,moderate,0.37600000000000006,0,0.098,0.262,0.05706915882408719,0.24100000000000005,0.9608272659725828,0.9020841100415289
0.25,500,1027,moderate,0.42,0,0.08,0.26,0.05601983775612191,0.23700000000000004,0.8133277860320756,0.8708305282016979
0.25,500,1028,moderate,0.41200000000000003,0,0.092,0.258,0.05306180882287708,0.24900000000000005,0.25833090638903256,0.14069041960716083
0.25,500,1029,moderate,0.4120000000000001,0,0.106,0.254,0.05256953067657686,0.2810000000000001,0.43541519316476984,0.5334175315447269
0.25,500,1000,strong,0.7600000000000001,0,0.044,0.4,0.12217291934885662,0.26500000000000007,0.26708116641877905,0.3749999999999999
0.25,500,1001,strong,0.8080000000000002,0,0.038,0.414,0.12991621231479242,0.21700000000000003,0.4126546764798312,0.9195303923877269
0.25,500,1002,strong,0.8160000000000001,0,0.032,0.4,0.12935566817456778,0.325,0.677081166418779,0.4411989186215508
0.25,500,1003,strong,0.7680000000000001,0,0.03,0.386,0.12312956139322877,0.26100000000000007,0.16583142644852536,0.9432745479139328
0.25,500,1004,strong,0.884,0,0.03,0.42,0.13915778414766775,0.197,0.7674266451175084,0.8400000000000001
0.25,500,1005,strong,0.8400000000000001,0,0.024,0.362,0.128331168812915,0.325,0.6770811664187791,0.599831151188821
0.25,500,1006,strong,0.7760000000000001,0,0.046,0.386,0.1198925444813906,0.25700000000000006,0.17458168647827185,0.6744156063540223
0.25,500,1007,strong,0.8240000000000001,0,0.026,0.406,0.13282904635491272,0.20900000000000002,0.725706192606981,0.4370596035577334
0.25,500,1008,strong,0.8240000000000001,0,0.028,0.418,0.13456431754204215,0.23300000000000004,1.04266882956124,0.21627788132121573
0.25,500,1009,strong,0.776,0,0.036,0.39,0.12230926193692593,0.2850000000000001,0.34291571322426273,0.5599309612363419
0.25,500,1010,strong,0.8280000000000001,0,0.038,0.374,0.12635751747411872,0.35700000000000004,1.0470790861808077,0.45659760446658304
0.25,500,1011,strong,0.8200000000000001,0,0.03,0.36,0.12523400319224628,0.24900000000000005,0.3133309063890326,0.7195255900074635
0.25,500,1012,strong,0.852,0,0.03,0.404,0.13123854447362465,0.2970000000000001,0.8054131129267986,0.7002485230118648
0.25,500,1013,strong,0.844,0,0.044,0.414,0.1306836723627792,0.21300000000000002,0.6067876558074967,0.9513718180888605
0.25,500,1014,strong,0.7040000000000001,0,0.034,0.368,0.11350575120034913,0.25700000000000006,0.22083142644852538,0.6166841952504507
0.25,500,1015,strong,0.7120000000000001,0,0.04,0.36,0.10962765263482667,0.2890000000000001,0.5654141530457841,0.4973768711386876
0.25,500,1016,strong,0.844,0,0.034,0.404,0.13126901978591735,0.26500000000000007,0.12833194650801827,0.8400000000000001
0.25,500,1017,strong,0.8760000000000001,0,0.032,0.412,0.13448006874213328,0.26100000000000007,0.2208314264485254,0.6228563254051285
0.25,500,1018,strong,0.7680000000000001,0,0.04,0.372,0.11560661265208358,0.2930000000000001,0.5279146731052771,0.5973892566503337
0.25,500,1019,strong,0.7880000000000001,0,0.046,0.414,0.12663157408622683,0.2730000000000001,0.6666638930160379,1.2149999999999999
0.25,500,1020,strong,0.76,0,0.036,0.37,0.11822953193776174,0.2370000000000001,0.34041311292679843,1.05837242182718
0.25,500,1021,strong,0.8280000000000001,0,0.032,0.394,0.13108606163721434,0.2450000000000001,0.24791363298629127,0.937681049693291
0.25,500,1022,strong,0.8000000000000002,0,0.046,0.41,0.12606171328185078,0.24500000000000005,0.3595806463592861,0.7219421205473431
0.25,500,1023,strong,0.8000000000000002,0,0.032,0.38,0.12236375643501997,0.24900000000000005,0.6833288261510612,0.442688805152573
0.25,500,1024,strong,0.7040000000000001,0,0.042,0.332,0.10744714462883083,0.3090000000000001,0.6666638930160378,0.46692463243188986
0.25,500,1025,strong,0.7640000000000001,0,0.046,0.362,0.11524273898553822,0.21700000000000008,0.37500000000000006,0.7222681832192905
0.25,500,1026,strong,0.856,0,0.038,0.402,0.1297775875188864,0.24500000000000005,1.05332674591309,1.2149999999999999
0.25,500,1027,strong,0.8480000000000001,0,0.028,0.384,0.1307295766925841,0.3410000000000001,0.7850000000000001,1.1669195653788902
0.25,500,1028,strong,0.7520000000000001,0,0.032,0.358,0.11485449732402975,0.325,0.677081166418779,0.789612009859084
0.25,500,1029,strong,0.684,0,0.046,0.334,0.10360609162699953,0.2250000000000001,0.3749999999999999,0.37499999999999994
0.25,1000,1000,none,0.009999999999999981,0,0.099,0.205,0.038002923864121595,0.25100000000000006,0.5908293462105542,0.5858740177377654
0.25,1000,1001,none,0.046,0,0.102,0.215,0.03662270091380786,0.277,0.12208428677573702,0.09843313882430049
0.25,1000,1002,none,0.06999999999999999,0,0.107,0.209,0.03441253001774531,0.24300000000000005,0.613954216195681,0.5887730062132258
0.25,1000,1003,none,0.05199999999999999,0,0.09,0.217,0.04508756911709578,0.2390000000000001,0.3172882429416717,0.3584695987968961
0.25,1000,1004,none,0.08200000000000003,0,0.114,0.211,0.031626290048347785,0.24700000000000005,0.2902060364039058,0.2736044635956269
0.25,1000,1005,none,0.08199999999999999,0,0.094,0.214,0.04116497972252088,0.23300000000000004,0.6748160164229109,0.6389146998250679
0.25,1000,1006,none,0.05000000000000002,0,0.099,0.199,0.034247465437443524,0.275,0.09895941679061032,0.11911613641081245
0.25,1000,1007,none,0.035999999999999976,0,0.096,0.209,0.0397310402022846,0.28300000000000003,0.19145889673111727,0.1921854833527346
0.25,1000,1008,none,0.048000000000000015,0,0.099,0.195,0.03373260868786891,0.23700000000000004,0.34041311292679843,0.34503560687123785
0.25,1000,1009,none,0.07600000000000001,0,0.09,0.208,0.039512304693882665,0.23700000000000004,0.6745785661213148,0.720135434524401
0.25,1000,1010,none,0.06399999999999996,0,0.108,0.214,0.04131854574186054,0.30500000000000005,0.4458324665675119,0.4575899389800899
0.25,1000,1011,none,0.10799999999999998,0,0.122,0.232,0.04005690396867381,0.2290000000000001,0.3749999999999999,0.37499999999999983
0.25,1000,1012,none,0.07600000000000001,0,0.099,0.226,0.0433192284736877,0.28300000000000003,0.19145889673111732,0.1476387443422506
0.25,1000,1013,none,0.06600000000000003,0,0.097,0.2,0.03386082626805724,0.275,0.09895941679061032,0.08704915604795829
0.25,1000,1014,none,0.059999999999999984,0,0.112,0.213,0.03534905310691583,0.3010000000000001,0.6116638930160379,0.6573231446659258
0.25,1000,1015,none,0.037999999999999964,0,0.112,0.204,0.036930866343600564,0.26700000000000007,0.6579136329862914,0.6503784618464945
0.25,1000,1016,none,0.06000000000000001,0,0.112,0.21,0.033079029946814074,0.28900000000000003,0.27354110326888276,0.28359145971464306
0.25,1000,1017,none,0.05399999999999999,0,0.099,0.226,0.04216106682183879,0.22500000000000003,0.7754433519493441,0.7785253709181574
0.25,1000,1018,none,0.04200000000000001,0,0.095,0.216,0.040949833807829905,0.28500000000000003,0.2735411032688827,0.2622316645787047
0.25,1000,1019,none,0.09599999999999999,0,0.111,0.22,0.04311483374534673,0.22900000000000004,0.4971115478656946,0.48580070495731925
0.25,1000,1020,none,0.07800000000000003,0,0.085,0.214,0.04059419772441486,0.29500000000000004,0.330208116641878,0.36294759500360313
0.25,1000,1021,none,0.05800000000000005,0,0.095,0.198,0.03446576401139091,0.267,0.08854214338786853,0.06581294060081228
0.25,1000,1022,none,0.07599999999999997,0,0.103,0.235,0.042244000231459564,0.21900000000000008,0.3750000000000001,0.3749999999999998
0.25,1000,1023,none,0.05600000000000002,0,0.095,0.209,0.038844419018552574,0.24300000000000005,0.27103850297141807,0.2898442551439543
0.25,1000,1024,none,0.05799999999999998,0,0.105,0.223,0.03949964838099477,0.21900000000000003,0.37499999999999983,0.3859296039865781
0.25,1000,1025,none,0.082,0,0.082,0.233,0.05072693783604745,0.2750000000000001,0.3341654531945163,0.25994931437870816
0.25,1000,1026,none,0.035999999999999976,0,0.1,0.211,0.03950386760249629,0.24700000000000005,0.327705516344413,0.31149083712543324
0.25,1000,1027,none,0.054000000000000006,0,0.109,0.205,0.03282614134429381,0.2330000000000001,0.37499999999999983,0.37499999999999983
0.25,1000,1028,none,0.08200000000000005,0,0.127,0.193,0.02524986248587417,0.2810000000000001,0.24166597325400918,0.3041818576360261
0.25,1000,1029,none,0.03800000000000002,0,0.102,0.201,0.03470190516703979,0.2850000000000001,0.5654141530457841,0.5583776133950339
0.25,1000,1000,moderate,0.4000000000000001,0,0.104,0.27,0.055195611741836466,0.23500000000000004,0.3635379829119252,0.22263129349615707
0.25,1000,1001,moderate,0.396,0,0.097,0.262,0.055583770612972594,0.275,0.12604162332837548,0.37034791477978624
0.25,1000,1002,moderate,0.36800000000000005,0,0.116,0.245,0.04814445854809138,0.2810000000000001,0.4585400631498968,0.1779837820616491
0.25,1000,1003,moderate,0.4040000000000001,0,0.11,0.262,0.05154178455928312,0.24700000000000005,0.5445796062403006,0.3196563551696182
0.25,1000,1004,moderate,0.37800000000000006,0,0.106,0.251,0.051506202431249856,0.21900000000000008,0.37500000000000006,0.37499999999999994
0.25,1000,1005,moderate,0.34800000000000003,0,0.111,0.26,0.05190268672129497,0.28300000000000003,0.20416649331350245,0.2876724956279899
0.25,1000,1006,moderate,0.334,0,0.121,0.268,0.05116856673996471,0.25900000000000006,0.47520499628492013,0.3370614848607859
0.25,1000,1007,moderate,0.326,0,0.106,0.268,0.05389392874485545,0.2270000000000001,0.37499999999999994,0.37499999999999983
0.25,1000,1008,moderate,0.34,0,0.118,0.262,0.04659995231280345,0.26300000000000007,0.17458168647827185,0.2341099064648354
0.25,1000,1009,moderate,0.36800000000000005,0,0.105,0.243,0.04751724833035778,0.2430000000000001,0.27103850297141807,0.20713869984586936
0.25,1000,1010,moderate,0.36400000000000005,0,0.108,0.266,0.05074993158178202,0.25300000000000006,0.40583038632953977,0.1918679464922321
0.25,1000,1011,moderate,0.434,0,0.104,0.292,0.06086506021976446,0.317,0.6204141530457842,0.5717702285310814
0.25,1000,1012,moderate,0.39000000000000007,0,0.107,0.255,0.05026153819992204,0.25100000000000006,0.4058303863295398,0.5313562549726117
0.25,1000,1013,moderate,0.4380000000000001,0,0.097,0.268,0.05620102806493451,0.23900000000000005,0.3508303863295398,0.1958117869805931
0.25,1000,1014,moderate,0.34600000000000003,0,0.106,0.26,0.051373361017381595,0.29700000000000004,0.35333298662700485,0.22457011101149624
0.25,1000,1015,moderate,0.37200000000000005,0,0.108,0.253,0.04733802793620462,0.24500000000000005,0.327705516344413,0.21062847649172664
0.25,1000,1016,moderate,0.35600000000000004,0,0.103,0.248,0.04683185051033348,0.275,0.09895941679061032,0.3232849351519408
0.25,1000,1017,moderate,0.39000000000000007,0,0.11,0.267,0.05038408037818648,0.30100000000000005,0.39958272659725835,0.3430039305409378
0.25,1000,1018,moderate,0.3980000000000001,0,0.114,0.266,0.05243302606394392,0.26700000000000007,0.5654141530457841,0.7849999999999999
0.25,1000,1019,moderate,0.36000000000000004,0,0.12,0.259,0.04850658603621666,0.20700000000000007,0.3749999999999999,0.375
0.25,1000,1020,moderate,0.36800000000000005,0,0.112,0.267,0.051142502437361785,0.28300000000000003,0.19145889673111727,0.25846259147775763
0.25,1000,1021,moderate,0.39200000000000007,0,0.108,0.271,0.05997128942715469,0.26700000000000007,0.5510395430904038,0.6271860285187973
0.25,1000,1022,moderate,0.36000000000000004,0,0.114,0.264,0.05147059570494811,0.26700000000000007,0.21854110326888235,0.7079043181826545
0.25,1000,1023,moderate,0.35200000000000004,0,0.106,0.257,0.05083852432511742,0.265,0.02708220653776533,0.20484704654216396
0.25,1000,1024,moderate,0.36400000000000005,0,0.105,0.247,0.04626974053189502,0.29300000000000004,0.3891654531945166,0.5676037201095028
0.25,1000,1025,moderate,0.36800000000000005,0,0.116,0.259,0.050165282372927555,0.24700000000000005,0.6833288261510613,0.7404340839980796
0.25,1000,1026,moderate,0.4000000000000001,0,0.104,0.284,0.059748547169691815,0.26700000000000007,0.34291571322426273,0.14544132808477295
0.25,1000,1027,moderate,0.416,0,0.094,0.289,0.06386096007908292,0.28500000000000003,0.21458376671624418,0.13847210325177864
0.25,1000,1028,moderate,0.338,0,0.104,0.253,0.049249929497975485,0.24700000000000005,0.45208012629979344,0.22700256790881468
0.25,1000,1029,moderate,0.34600000000000003,0,0.113,0.242,0.04390773153886327,0.21900000000000003,0.5448177065340183,0.49200679952868226
0.25,1000,1000,strong,0.8620000000000001,0,0.041,0.416,0.13360222885699008,0.25500000000000006,0.47520499628492013,0.277034057250883
0.25,1000,1001,strong,0.728,0,0.042,0.374,0.11435568294677018,0.25300000000000006,0.19770655646339863,0.4360446655435458
0.25,1000,1002,strong,0.7720000000000001,0,0.04,0.381,0.1220746583948619,0.315,0.5972892830606574,0.883744003708612
0.25,1000,1003,strong,0.8080000000000002,0,0.05,0.388,0.12276762150049536,0.24300000000000005,0.2710385029714181,0.7213956184453333
0.25,1000,1004,strong,0.798,0,0.036,0.367,0.12132280174073719,0.2690000000000001,0.34291571322426273,0.5394137334343041
0.25,1000,1005,strong,0.8180000000000001,0,0.041,0.432,0.1340393806146371,0.25700000000000006,0.1514568164931451,0.5650707972409256
0.25,1000,1006,strong,0.7820000000000001,0,0.045,0.377,0.11815620546077506,0.32300000000000006,0.7504131129267986,0.7850000000000001
0.25,1000,1007,strong,0.8160000000000001,0,0.041,0.419,0.13139085034946518,0.29100000000000004,0.28395837667162455,0.5894956429657339
0.25,1000,1008,strong,0.804,0,0.027,0.379,0.1266736840161453,0.24300000000000005,0.3595806463592862,0.32485919125016627
0.25,1000,1009,strong,0.7840000000000001,0,0.047,0.385,0.1202354172261882,0.30500000000000005,0.44583246656751185,0.9308953433355709
0.25,1000,1010,strong,0.784,0,0.047,0.386,0.1189280828437459,0.2770000000000001,0.27354110326888237,0.19806630648948592
0.25,1000,1011,strong,0.8020000000000002,0,0.036,0.396,0.12434852454112817,0.23300000000000004,0.5598620123171829,0.4463603441383504
0.25,1000,1012,strong,0.8400000000000001,0,0.035,0.387,0.12828830378833794,0.22100000000000009,0.37500000000000006,0.1696863730830284
0.25,1000,1013,strong,0.7640000000000001,0,0.034,0.383,0.12038364599156409,0.275,0.09895941679061021,0.6188798921317697
0.25,1000,1014,strong,0.8240000000000001,0,0.045,0.377,0.12292906717109488,0.317,0.5845816864782719,0.32699498398653837
0.25,1000,1015,strong,0.79,0,0.04,0.368,0.11998564728981362,0.30300000000000005,0.42270759658238516,0.3532035721723322
0.25,1000,1016,strong,0.8000000000000002,0,0.039,0.396,0.1257082159429349,0.3030000000000001,0.84,0.8400000000000001
0.25,1000,1017,strong,0.8100000000000002,0,0.036,0.382,0.12270244043575046,0.28900000000000003,0.3660405832093899,0.3955301024966633
0.25,1000,1018,strong,0.8300000000000001,0,0.041,0.38,0.12440078599251517,0.25700000000000006,0.22083142644852538,0.36453627656734827
0.25,1000,1019,strong,0.802,0,0.041,0.409,0.1295076145337494,0.31700000000000006,0.8400000000000001,0.9151694776713117
0.25,1000,1020,strong,0.768,0,0.042,0.361,0.11676567227666795,0.3090000000000001,0.8400000000000002,0.849898960579359
0.25,1000,1021,strong,0.8080000000000002,0,0.05,0.392,0.1232378008386857,0.26500000000000007,0.613954216195681,0.47192711560445394
0.25,1000,1022,strong,0.81,0,0.037,0.402,0.1275116552406964,0.24500000000000005,0.24791363298629152,0.685071503933785
0.25,1000,1023,strong,0.8260000000000001,0,0.038,0.397,0.12848043517291738,0.25900000000000006,0.6602039561659345,0.16458902156246807
0.25,1000,1024,strong,0.7960000000000002,0,0.045,0.377,0.12045284923524595,0.25100000000000006,0.4289552563146666,0.4278728847296315
0.25,1000,1025,strong,0.8320000000000001,0,0.041,0.393,0.1279513796547562,0.275,0.18104162332837553,0.3469739858500291
0.25,1000,1026,strong,0.7640000000000001,0,0.04,0.38,0.11917167821629807,0.21300000000000002,0.3749999999999999,0.375
0.25,1000,1027,strong,0.788,0,0.049,0.391,0.12268206425100978,0.29100000000000004,0.3197908432391362,0.1574381390668383
0.25,1000,1028,strong,0.796,0,0.036,0.408,0.12835584218188986,0.31700000000000006,0.7822882429416718,0.49172217073638963
0.25,1000,1029,strong,0.824,0,0.041,0.402,0.12797873087179587,0.2750000000000001,0.7822882429416718,0.47326391101047616
0.25,2000,1000,none,0.030999999999999986,0,0.1105,0.203,0.03481339142086307,0.2760000000000001,0.3082284082465725,0.31050571357551177
0.25,2000,1001,none,0.04799999999999996,0,0.092,0.2105,0.04331634282295258,0.25300000000000006,0.15541415304578415,0.13830304494375018
0.25,2000,1002,none,0.036999999999999963,0,0.1025,0.208,0.037632728073077854,0.281,0.18385379829119253,0.17656743056980706
0.25,2000,1003,none,0.03500000000000002,0,0.1045,0.198,0.03261730965130155,0.26000000000000006,0.14270655646339864,0.15256672679616937
0.25,2000,1004,none,0.03399999999999999,0,0.1045,0.211,0.03624760528488591,0.276,0.15791675334324887,0.16078028883482925
0.25,2000,1005,none,0.061,0,0.0995,0.216,0.04126708400435172,0.25200000000000006,0.3855176913072299,0.3637363536546927
0.25,2000,1006,none,0.018000000000000002,0,0.103,0.198,0.03511607735623228,0.276,0.14635431835068538,0.1342602764636945
0.25,2000,1007,none,0.04400000000000004,0,0.1005,0.2025,0.03376964448863637,0.276,0.1607289283060657,0.17304679490068334
0.25,2000,1008,none,0.03800000000000002,0,0.1055,0.2025,0.03355426781929371,0.2690000000000001,0.2504162332837556,0.2290939903471999
0.25,2000,1009,none,0.02899999999999997,0,0.0955,0.207,0.04161897270343045,0.267,0.0451045783804318,0.03769316857336208
0.25,2000,1010,none,0.03799999999999999,0,0.1035,0.208,0.03531957279218171,0.331,0.7464557763741594,0.7444373265837874
0.25,2000,1011,none,0.03900000000000001,0,0.095,0.2035,0.038127709375495165,0.2700000000000001,0.3197908432391359,0.32060853372731657
0.25,2000,1012,none,0.03399999999999996,0,0.102,0.2145,0.03978029942348628,0.278,0.13760405832093897,0.15171348179095256
0.25,2000,1013,none,0.052000000000000005,0,0.111,0.215,0.0367601082092471,0.26100000000000007,0.22364360141134235,0.2395139733819303
0.25,2000,1014,none,0.033,0,0.095,0.2085,0.03926583190963304,0.2440000000000001,0.25947606797885464,0.2482455381306452
0.25,2000,1015,none,0.02999999999999993,0,0.1065,0.2045,0.03758176271662744,0.26000000000000006,0.09645681649314503,0.0912735825623677
0.25,2000,1016,none,0.034999999999999976,0,0.0905,0.2135,0.043000645989979686,0.259,0.11676951151545559,0.14091646165770202
0.25,2000,1017,none,0.03499999999999995,0,0.0935,0.2115,0.04287740922936252,0.2710000000000001,0.24166597325400918,0.23868758730837641
0.25,2000,1018,none,0.037000000000000005,0,0.091,0.216,0.041580911753137675,0.2780000000000001,0.3429157132242627,0.3142187824991012
0.25,2000,1019,none,0.04599999999999996,0,0.097,0.212,0.041728953444288,0.30100000000000005,0.39958272659725835,0.40368246926062795
0.25,2000,1020,none,0.03899999999999998,0,0.1185,0.201,0.03292246784323571,0.24900000000000005,0.22364360141134237,0.21981216900848366
0.25,2000,1021,none,0.03499999999999999,0,0.105,0.2095,0.034898264840660616,0.25700000000000006,0.2555187314262156,0.24983156033658083
0.25,2000,1022,none,0.021999999999999992,0,0.099,0.205,0.037094099560741764,0.25900000000000006,0.3970801262997934,0.3947767333465773
0.25,2000,1023,none,0.06399999999999996,0,0.107,0.221,0.04175989570016775,0.27,0.1463543183506855,0.1571734621766392
0.25,2000,1024,none,0.037000000000000005,0,0.093,0.205,0.0380500401518258,0.29000000000000004,0.272395941679061,0.28406537766894463
0.25,2000,1025,none,0.055999999999999994,0,0.098,0.219,0.042295258468165065,0.25400000000000006,0.17458168647827188,0.194139231209562
0.25,2000,1026,none,0.03600000000000003,0,0.101,0.202,0.03476308706404284,0.268,0.10010457838043191,0.10203600495047885
0.25,2000,1027,none,0.056000000000000036,0,0.115,0.193,0.02794737117432614,0.26200000000000007,0.1977065564633986,0.1860975443830278
0.25,2000,1028,none,0.03599999999999999,0,0.102,0.216,0.037731139512197205,0.23800000000000004,0.37114308135184954,0.36735671970389816
0.25,2000,1029,none,0.02899999999999997,0,0.0945,0.209,0.04161396667252741,0.25000000000000006,0.3508303863295397,0.3476738447630478
0.25,2000,1000,moderate,0.37300000000000005,0,0.1065,0.275,0.056042146838091625,0.25300000000000006,0.2786436014113425,0.1427057457593847
0.25,2000,1001,moderate,0.34400000000000003,0,0.1115,0.25,0.046339028426970234,0.26400000000000007,0.209268991455962,0.04365259879400596
0.25,2000,1002,moderate,0.34400000000000003,0,0.1155,0.25,0.047067917830395774,0.26800000000000007,0.3082284082465726,0.13966277565446378
0.25,2000,1003,moderate,0.36500000000000005,0,0.1145,0.2545,0.04932263397490266,0.23700000000000004,0.382705516344413,0.14358499106703013
0.25,2000,1004,moderate,0.3420000000000001,0,0.1135,0.2625,0.04915169263503434,0.2720000000000001,0.5741644130755306,0.39776847685914085
0.25,2000,1005,moderate,0.37700000000000006,0,0.1105,0.251,0.04907364080870933,0.26000000000000006,0.2670811664187791,0.2979248542805404
0.25,2000,1006,moderate,0.33799999999999997,0,0.1155,0.2655,0.05152561391083942,0.2690000000000001,0.18385379829119217,0.2849914922291964
0.25,2000,1007,moderate,0.3670000000000001,0,0.1105,0.266,0.05389392874485545,0.23700000000000004,0.613954216195681,0.4456798220601671
0.25,2000,1008,moderate,0.38500000000000006,0,0.116,0.267,0.053164576761432256,0.25800000000000006,0.5098923012626103,0.46218388291459933
0.25,2000,1009,moderate,0.3830000000000001,0,0.1015,0.2725,0.05630768646957142,0.28300000000000003,0.25041623328375595,0.2139312718436303
0.25,2000,1010,moderate,0.37000000000000005,0,0.114,0.2665,0.05192034497402943,0.26300000000000007,0.24395629643365233,0.35079931811576637
0.25,2000,1011,moderate,0.37000000000000005,0,0.101,0.2695,0.05548998908712174,0.24000000000000005,0.3057258079491083,0.3423099284940009
0.25,2000,1012,moderate,0.3720000000000001,0,0.1075,0.269,0.05134334317989908,0.2700000000000001,0.16947918833581177,0.06866937246754073
0.25,2000,1013,moderate,0.34800000000000003,0,0.1245,0.2605,0.04702363471938577,0.27,0.12322944836555869,0.10184044498508624
0.25,2000,1014,moderate,0.35000000000000003,0,0.1155,0.2505,0.04641000849912537,0.2790000000000001,0.3891654531945164,0.2698833952948678
0.25,2000,1015,moderate,0.34400000000000003,0,0.113,0.244,0.04591628856468645,0.2860000000000001,0.34572788818707967,0.49409395727820116
0.25,2000,1016,moderate,0.38400000000000006,0,0.1145,0.258,0.04932939173443039,0.2810000000000001,0.4585400631498968,0.3354062752304296
0.25,2000,1017,moderate,0.37400000000000005,0,0.1095,0.2585,0.05001805229670139,0.274,0.08739698179804692,0.2740840201270409
0.25,2000,1018,moderate,0.38000000000000006,0,0.1055,0.2535,0.05112539051738926,0.2440000000000001,0.25947606797885464,0.15463818668602675
0.25,2000,1019,moderate,0.394,0,0.1015,0.2645,0.055353911836071315,0.29200000000000004,0.29666597325400956,0.25061910684546956
0.25,2000,1020,moderate,0.4040000000000001,0,0.1155,0.275,0.05413383620456085,0.2820000000000001,0.45854006314989665,0.39712927069897813
0.25,2000,1021,moderate,0.37400000000000005,0,0.107,0.268,0.05405989476702875,0.24700000000000005,0.2786436014113424,0.19735509078672073
0.25,2000,1022,moderate,0.364,0,0.092,0.2635,0.0545234404229553,0.26800000000000007,0.3660405832093895,0.4620795514675331
0.25,2000,1023,moderate,0.381,0,0.0985,0.2525,0.05312066975816057,0.23900000000000005,0.3172882429416718,0.37500000000000006
0.25,2000,1024,moderate,0.384,0,0.1105,0.2665,0.052693031375653045,0.29600000000000004,0.3417705516344413,0.43882227948905134
0.25,2000,1025,moderate,0.37600000000000006,0,0.1095,0.263,0.05337029968895518,0.2960000000000001,0.4497898031201502,0.694032154095622
0.25,2000,1026,moderate,0.36800000000000005,0,0.1145,0.2585,0.04941041275772637,0.24800000000000005,0.3133309063890326,0.241152582098888
0.25,2000,1027,moderate,0.3610000000000001,0,0.1135,0.2615,0.052210045861777306,0.23100000000000004,0.7264141085226903,0.7551469763294443
0.25,2000,1028,moderate,0.35700000000000004,0,0.121,0.258,0.04774032769984816,0.25300000000000006,0.16583142644852533,0.1826520971512552
0.25,2000,1029,moderate,0.38,0,0.1085,0.253,0.0525933033337473,0.30300000000000005,0.4227075965823852,0.6248004710568631
0.25,2000,1000,strong,0.8250000000000002,0,0.0375,0.3945,0.12744105391208213,0.28600000000000003,0.2735411032688827,0.2687914529005488
0.25,2000,1001,strong,0.8210000000000001,0,0.038,0.4025,0.1300107901504931,0.26,0.07447710809784058,0.21817950273117387
0.25,2000,1002,strong,0.804,0,0.037,0.4035,0.12711434047956807,0.26100000000000007,0.24395629643365227,0.5158897897231274
0.25,2000,1003,strong,0.81,0,0.043,0.3905,0.1246376971688564,0.23000000000000004,0.4918633278402417,0.464517446566706
0.25,2000,1004,strong,0.8,0,0.0415,0.3905,0.12320398622699764,0.24500000000000005,0.3133309063890326,0.3266238362688807
0.25,2000,1005,strong,0.8350000000000002,0,0.0425,0.4015,0.12761389248649835,0.269,0.09135431835068542,0.31821532043128886
0.25,2000,1006,strong,0.792,0,0.039,0.374,0.12107906048895857,0.2760000000000001,0.3082284082465725,0.37499999999999983
0.25,2000,1007,strong,0.7930000000000001,0,0.0475,0.375,0.11891757182556702,0.256,0.12072684806809422,0.23995780615209122
0.25,2000,1008,strong,0.767,0,0.047,0.382,0.11837006472171173,0.2730000000000001,0.5741644130755307,0.42670713219767054
0.25,2000,1009,strong,0.8160000000000001,0,0.042,0.3905,0.12583476820373968,0.23700000000000004,0.34041311292679843,0.5391639592215798
0.25,2000,1010,strong,0.796,0,0.042,0.396,0.12522169229898716,0.26200000000000007,0.5445796062403006,0.457335580933182
0.25,2000,1011,strong,0.7930000000000001,0,0.046,0.3945,0.12298227062828565,0.25200000000000006,0.1669765880383475,0.2750641539400762
0.25,2000,1012,strong,0.803,0,0.0395,0.383,0.12254953646949829,0.25900000000000006,0.5677044762254273,0.6508778573507218
0.25,2000,1013,strong,0.832,0,0.0375,0.4145,0.1324064659381188,0.26600000000000007,0.39426795133697645,0.31929269597470245
0.25,2000,1014,strong,0.8200000000000001,0,0.0395,0.382,0.12494420977202408,0.24900000000000005,0.23239386144108892,0.06164100221834054
0.25,2000,1015,strong,0.799,0,0.0385,0.3965,0.125596465803072,0.2690000000000001,0.11447918833581175,0.6057366296471678
0.25,2000,1016,strong,0.7980000000000002,0,0.047,0.399,0.12460158729147698,0.25700000000000006,0.44051769130723,0.3011626136315225
0.25,2000,1017,strong,0.8450000000000001,0,0.0345,0.4035,0.13130075738124625,0.2790000000000001,0.7129136329862915,0.5232429392735243
0.25,2000,1018,strong,0.807,0,0.0325,0.3885,0.12410166083587368,0.21100000000000002,0.5313545662139847,0.37499999999999983
0.25,2000,1019,strong,0.774,0,0.04,0.382,0.12025655445292321,0.319,0.6077065564633986,0.5846374200254276
0.25,2000,1020,strong,0.8150000000000002,0,0.046,0.4055,0.127292532730278,0.2730000000000001,0.27354110326888237,0.32535762431390236
0.25,2000,1021,strong,0.7670000000000001,0,0.0455,0.387,0.11949221267048699,0.2820000000000001,0.5163522381127136,0.6378123612608857
0.25,2000,1022,strong,0.764,0,0.037,0.3815,0.11961628465871843,0.2870000000000001,0.31104058320938943,0.5899634353696781
0.25,2000,1023,strong,0.8280000000000001,0,0.046,0.392,0.1257032440136513,0.24400000000000005,0.40583038632953977,0.45325264320405095
0.25,2000,1024,strong,0.7990000000000002,0,0.041,0.388,0.12393669979290055,0.2750000000000001,0.5741644130755307,0.39400167365800803
0.25,2000,1025,strong,0.8270000000000001,0,0.04,0.381,0.12530152521905796,0.2730000000000001,0.37760301820195297,0.36421889572577815
0.25,2000,1026,strong,0.8280000000000001,0,0.033,0.3805,0.12675161625092685,0.25700000000000006,0.4867674312774836,0.6351931761228647
0.25,2000,1027,strong,0.795,0,0.0395,0.3895,0.12295143576044794,0.2820000000000001,0.45854006314989665,0.3759421815250617
0.25,2000,1028,strong,0.8320000000000001,0,0.0485,0.3955,0.12648737310718236,0.26400000000000007,0.6602039561659345,0.6281115834600434
0.25,2000,1029,strong,0.8,0,0.0435,0.3875,0.12318031047569612,0.26000000000000006,0.2902060364039058,0.6809006030242181
0.5,250,1000,none,0.0959999999999999,0,0.116,0.212,0.04180377441757568,0.26500000000000007,0.14333609467941105,0.19695710487683182
0.5,250,1001,none,0.148,0,0.092,0.24,0.04792586868163047,0.2810000000000001,0.2333278106411774,0.16614020432255627
0.5,250,1002,none,0.12400000000000004,0,0.072,0.228,0.05182877793487149,0.193,0.4866059170529534,0.46766362709568104
0.5,250,1003,none,0.084,0,0.112,0.2,0.03052139504602559,0.25700000000000006,0.2233236686220606,0.2445173698449406
0.5,250,1004,none,0.15199999999999997,0,0.12,0.256,0.044701478971307225,0.20900000000000007,0.1732905324691263,0.1791670923524838
0.5,250,1005,none,0.059999999999999984,0,0.112,0.204,0.03263263533472111,0.24900000000000005,0.13333195266029416,0.1698068692588353
0.5,250,1006,none,0.08799999999999997,0,0.112,0.224,0.04582090740650555,0.19300000000000006,0.2716307691676545,0.20549223852412646
0.5,250,1007,none,0.07199999999999997,0,0.108,0.224,0.040770359603788414,0.21700000000000003,0.22663491118677104,0.25239489515138963
0.5,250,1008,none,0.104,0,0.076,0.212,0.044701478971307225,0.26500000000000007,0.4133112425647104,0.45388676659161986
0.5,250,1009,none,0.112,0,0.076,0.236,0.048698619647332464,0.24900000000000005,0.23332781064117744,0.2581112753854377
0.5,250,1010,none,0.096,0,0.1,0.224,0.048037022759071527,0.24100000000000005,0.09834023669852784,0.11221913835389757
0.5,250,1011,none,0.09999999999999998,0,0.104,0.24,0.047253453724451604,0.20900000000000002,0.39661420109118706,0.29683991200018195
0.5,250,1012,none,0.03199999999999999,0,0.116,0.2,0.034615346628659116,0.26500000000000007,0.22332366862206066,0.18875904985156405
0.5,250,1013,none,0.048,0,0.084,0.208,0.04173993557999608,0.1770000000000001,0.35327396439265857,0.3750000000000001
0.5,250,1014,none,0.084,0,0.108,0.232,0.03930507459462314,0.24100000000000005,0.22332366862206063,0.24346391834494852
0.5,250,1015,none,0.10799999999999997,0,0.108,0.22,0.040770359603788414,0.21700000000000003,0.21663076916765417,0.18157094221818051
0.5,250,1016,none,0.132,0,0.108,0.216,0.03855155278613589,0.2810000000000001,0.368315384583827,0.3601641827147506
0.5,250,1017,none,0.08800000000000002,0,0.092,0.204,0.035452628800822214,0.265,0.14168047339705608,0.16419949344783624
0.5,250,1018,none,0.1,0,0.1,0.228,0.03944053188733077,0.3530000000000001,0.6366349111867713,0.6093034675257312
0.5,250,1019,none,0.16799999999999995,0,0.108,0.244,0.05550575545732973,0.1690000000000001,0.37499999999999994,0.37499999999999994
0.5,250,1020,none,0.13999999999999999,0,0.068,0.224,0.05151914423029774,0.2730000000000001,0.32331952660294383,0.4155121270006873
0.5,250,1021,none,0.06,0,0.1,0.216,0.04030991055421593,0.201,0.45161420109118705,0.4712653705290286
0.5,250,1022,none,0.07199999999999995,0,0.1,0.236,0.045470381079946484,0.26500000000000007,0.5932946744882432,0.5520263077334149
0.5,250,1023,none,0.144,0,0.088,0.264,0.05872724145478731,0.22500000000000003,0.1266390532058877,0.10989783494654046
0.5,250,1024,none,0.18000000000000005,0,0.076,0.248,0.054438548433582944,0.201,0.48660591705295336,0.44727659137286796
0.5,250,1025,none,0.06400000000000002,0,0.104,0.216,0.034692298216687165,0.2730000000000001,0.2783236686220607,0.30642937381476315
0.5,250,1026,none,0.12400000000000001,0,0.076,0.22,0.04775865250285951,0.2730000000000001,0.32331952660294383,0.4462622862767187
0.5,250,1027,none,0.072,0,0.112,0.216,0.0365634912021389,0.20900000000000007,0.1732905324691263,0.13845463741385208
0.5,250,1028,none,0.09199999999999997,0,0.088,0.236,0.0470838495546922,0.25700000000000006,0.4583071005455934,0.4499034246433511
0.5,250,1029,none,0.096,0,0.092,0.212,0.03827386691841953,0.321,0.4566514792632382,0.5133906612524923
0.5,250,1000,moderate,0.4160000000000001,0,0.108,0.228,0.04416132043114452,0.20100000000000007,0.21828639045000953,0.375
0.5,250,1001,moderate,0.35600000000000004,0,0.1,0.228,0.045352936937853194,0.1690000000000001,0.39291342502443927,0.3749999999999999
0.5,250,1002,moderate,0.4520000000000001,0,0.108,0.28,0.05868181622577437,0.24100000000000005,0.22332366862206063,0.4698359969380952
0.5,250,1003,moderate,0.42,0,0.104,0.252,0.05593647190240809,0.24100000000000005,0.32331952660294383,0.3837331582023242
0.5,250,1004,moderate,0.36400000000000005,0,0.12,0.228,0.04523518787649967,0.28900000000000003,0.7182781064117755,0.7850000000000001
0.5,250,1005,moderate,0.4000000000000001,0,0.116,0.248,0.04482063017059096,0.1610000000000001,0.3749999999999999,0.37499999999999994
0.5,250,1006,moderate,0.38400000000000006,0,0.1,0.244,0.04523518787649967,0.20100000000000007,0.21828639045000947,0.21332783050858228
0.5,250,1007,moderate,0.34800000000000003,0,0.12,0.256,0.04587906809089401,0.13600000000000007,0.4351510655944263,0.37500000000000006
0.5,250,1008,moderate,0.336,0,0.12,0.264,0.04891716354091771,0.21700000000000008,0.12829467448824297,0.2118531863469648
0.5,250,1009,moderate,0.39599999999999996,0,0.116,0.236,0.050473315281993864,0.24100000000000005,0.4583071005455934,0.6249874718028882
0.5,250,1010,moderate,0.392,0,0.1,0.28,0.06047221584239236,0.265,0.14168047339705608,0.18975795614313118
0.5,250,1011,moderate,0.32400000000000007,0,0.096,0.228,0.042121517330483506,0.2970000000000001,0.45830710054559354,0.5168631831145718
0.5,250,1012,moderate,0.32800000000000007,0,0.128,0.232,0.03430581421404962,0.22500000000000003,0.27163076916765416,0.33387665509312225
0.5,250,1013,moderate,0.324,0,0.128,0.22,0.030868898407440604,0.19200000000000006,0.5866017750338364,0.6786012344641212
0.5,250,1014,moderate,0.4480000000000001,0,0.104,0.272,0.054780369557797706,0.13700000000000007,0.3749999999999999,0.375
0.5,250,1015,moderate,0.37200000000000005,0,0.104,0.244,0.05369874817493939,0.21700000000000008,0.18163905320588805,0.4474041169208152
0.5,250,1016,moderate,0.348,0,0.1,0.244,0.04787019485604331,0.21700000000000008,0.12829467448824297,0.24022612226446183
0.5,250,1017,moderate,0.37200000000000005,0,0.112,0.28,0.05379797600488538,0.20100000000000007,0.22663491118677126,0.06032384967842083
0.5,250,1018,moderate,0.34400000000000003,0,0.128,0.26,0.04293664583494565,0.193,0.36162248512942063,0.18199959693970885
0.5,250,1019,moderate,0.36400000000000005,0,0.112,0.268,0.054340490326172886,0.21700000000000003,0.22663491118677104,0.3315973150859086
0.5,250,1020,moderate,0.48,0,0.068,0.236,0.06306257914872249,0.29700000000000004,0.32166390532058886,0.5083599523271315
0.5,250,1021,moderate,0.32000000000000006,0,0.1,0.252,0.04730985333122713,0.2810000000000001,0.6832863904500095,0.5714423937395057
0.5,250,1022,moderate,0.46,0,0.108,0.288,0.06047221584239235,0.329,0.5016473372441212,0.5172420461459959
0.5,250,1023,moderate,0.504,0,0.068,0.304,0.07616356667652117,0.20100000000000007,0.21828639045000953,0.4002579189433928
0.5,250,1024,moderate,0.45199999999999996,0,0.088,0.292,0.07033886234191988,0.28,0.7732781064117754,0.6098172872306047
0.5,250,1025,moderate,0.4160000000000001,0,0.104,0.268,0.05073679357450787,0.2810000000000001,0.2333278106411774,0.5194839778323428
0.5,250,1026,moderate,0.38000000000000006,0,0.12,0.252,0.04787019485604331,0.18500000000000005,0.4066183431103034,0.375
0.5,250,1027,moderate,0.436,0,0.108,0.304,0.06510162995057975,0.26500000000000007,0.17832781064117748,0.3972229213012296
0.5,250,1028,moderate,0.32,0,0.104,0.252,0.049026070162267295,0.2890000000000001,0.5932946744882431,0.6265114264191657
0.5,250,1029,moderate,0.4400000000000001,0,0.104,0.256,0.05136362742468859,0.29700000000000004,0.8182739643926586,0.6828227471329522
0.5,250,1000,strong,0.78,0,0.036,0.388,0.12289109903578137,0.264,0.7665852069573694,0.6892973083804663
0.5,250,1001,strong,0.716,0,0.06,0.4,0.11534682002070491,0.1610000000000001,0.37499999999999983,0.45586085601708437
0.5,250,1002,strong,0.784,0,0.044,0.372,0.11820133482983836,0.18500000000000005,0.49661005907206984,0.13909735748169252
0.5,250,1003,strong,0.7400000000000001,0,0.048,0.412,0.12215109041219765,0.23300000000000004,0.3166266271485375,0.16554607155488194
0.5,250,1004,strong,0.788,0,0.04,0.368,0.1189883280923899,0.1770000000000001,0.40661834311030387,0.6912527615751466
0.5,250,1005,strong,0.7400000000000001,0,0.052,0.384,0.11573917035971684,0.321,0.8399999999999999,1.0640384223959514
0.5,250,1006,strong,0.836,0,0.04,0.4,0.12730366146432012,0.11300000000000004,0.37499999999999994,0.37500000000000006
0.5,250,1007,strong,0.7280000000000001,0,0.032,0.372,0.11504588456592245,0.32100000000000006,0.4583071005455934,0.5613667841433121
0.5,250,1008,strong,0.7000000000000001,0,0.048,0.336,0.10498677165349082,0.31300000000000006,0.4116556212823551,0.5007804364168946
0.5,250,1009,strong,0.788,0,0.048,0.352,0.11763597333393482,0.176,0.6234492592317864,0.5620266987313485
0.5,250,1010,strong,0.7960000000000002,0,0.032,0.388,0.12403583711528249,0.2970000000000001,0.4133112425647103,0.32443134746715857
0.5,250,1011,strong,0.804,0,0.044,0.384,0.12197631828442038,0.201,0.5416059170529534,0.3355256510033304
0.5,250,1012,strong,0.8040000000000002,0,0.044,0.396,0.12284769251213291,0.25700000000000006,0.09668461541617307,0.7849034183058758
0.5,250,1013,strong,0.8200000000000002,0,0.036,0.34,0.12116471800358754,0.24000000000000005,0.6315976330147199,0.4768602356573239
0.5,250,1014,strong,0.932,0,0.036,0.44,0.1461262772019081,0.25700000000000006,0.4133112425647103,0.2492836020140801
0.5,250,1015,strong,0.8840000000000001,0,0.044,0.428,0.13770822617242426,0.25700000000000006,0.32331952660294383,0.1684293155900335
0.5,250,1016,strong,0.684,0,0.028,0.328,0.10707422140220722,0.329,0.5016473372441215,0.9446812248347011
0.5,250,1017,strong,0.7880000000000001,0,0.044,0.44,0.1376694914964419,0.4010000000000001,0.9066100590720703,0.8548870249931836
0.5,250,1018,strong,0.8119999999999999,0,0.036,0.388,0.12551051306121289,0.3050000000000001,0.36665976330147226,0.8816251137518394
0.5,250,1019,strong,0.636,0,0.048,0.356,0.10309003616041443,0.17700000000000005,0.4516142010911867,0.3749999999999999
0.5,250,1020,strong,0.772,0,0.028,0.388,0.12048051940274643,0.2250000000000001,0.1366431952250048,0.6327978108574059
0.5,250,1021,strong,0.8840000000000002,0,0.028,0.44,0.14212983110131697,0.15200000000000008,0.5152059985378541,0.5196365701960445
0.5,250,1022,strong,0.868,0,0.04,0.424,0.1361110657596296,0.2810000000000001,0.2333278106411774,0.776233885583446
0.5,250,1023,strong,0.836,0,0.044,0.404,0.12772192015816586,0.14500000000000007,0.3749999999999999,0.5990959499583364
0.5,250,1024,strong,0.796,0,0.04,0.376,0.1222601961210416,0.192,0.6945094113087409,0.5342829277571425
0.5,250,1025,strong,0.788,0,0.04,0.388,0.12349718845202734,0.28900000000000003,0.2766680473397057,0.3749999999999998
0.5,250,1026,strong,0.756,0,0.028,0.408,0.12793053670731716,0.2720000000000001,0.7282822484308927,0.6827843835674559
0.5,250,1027,strong,0.796,0,0.048,0.348,0.11649701951361482,0.12900000000000006,0.5402609314812812,0.3749999999999999
0.5,250,1028,strong,0.724,0,0.024,0.364,0.11376388804107489,0.19300000000000006,0.26328224843089265,0.20961788390316727
0.5,250,1029,strong,0.7720000000000001,0,0.032,0.38,0.12021462288571869,0.176,0.6234492592317864,0.37499999999999994
0.5,500,1000,none,0.07599999999999996,0,0.086,0.22,0.04876701982100426,0.24500000000000005,0.12083816568896943,0.13317256052783705
0.5,500,1001,none,0.04400000000000001,0,0.118,0.2,0.030695638488590242,0.2930000000000001,0.5258008875169182,0.5039869546768125
0.5,500,1002,none,0.06399999999999997,0,0.09,0.21,0.0430451958862878,0.21700000000000003,0.35161834311030377,0.33975053864618665
0.5,500,1003,none,0.09200000000000004,0,0.114,0.194,0.026449112566503164,0.25300000000000006,0.1558298816507358,0.17064566889524022
0.5,500,1004,none,0.03599999999999996,0,0.102,0.208,0.039927712459170796,0.25300000000000006,0.16583402366985267,0.15639082071296923
0.5,500,1005,none,0.08800000000000005,0,0.096,0.192,0.03319973226130329,0.1770000000000001,0.3532739643926587,0.3429903076611289
0.5,500,1006,none,0.09599999999999999,0,0.102,0.216,0.038499639247949094,0.26500000000000007,0.3683153845838272,0.345158205519034
0.5,500,1007,none,0.06799999999999999,0,0.082,0.214,0.045441048501205256,0.26500000000000007,0.35831124256471036,0.3507870175039218
0.5,500,1008,none,0.09199999999999997,0,0.12,0.204,0.032386554137309655,0.30100000000000005,0.3441618343110305,0.34804460806799736
0.5,500,1009,none,0.10000000000000003,0,0.118,0.194,0.025051058970741252,0.22500000000000003,0.1266390532058877,0.16796010406408127
0.5,500,1010,none,0.051999999999999894,0,0.102,0.21,0.042998707990925596,0.16900000000000004,0.40463095940860355,0.40863133187803224
0.5,500,1011,none,0.05999999999999997,0,0.098,0.22,0.04504318915095698,0.313,0.4116556212823549,0.37611444567924707
0.5,500,1012,none,0.04799999999999999,0,0.122,0.202,0.03213858878185053,0.21700000000000003,0.39661420109118695,0.3820170957718904
0.5,500,1013,none,0.108,0,0.076,0.212,0.04652836649710464,0.21700000000000003,0.14913698219632926,0.12935871978906957
0.5,500,1014,none,0.07600000000000004,0,0.1,0.216,0.03535848161646965,0.20900000000000007,0.20413698219632967,0.19292030770454732
0.5,500,1015,none,0.08000000000000002,0,0.088,0.236,0.04519095288021953,0.1770000000000001,0.35327396439265857,0.36389647323802476
0.5,500,1016,none,0.088,0,0.086,0.222,0.049080432851482565,0.26100000000000007,0.1658340236698526,0.19233731723831451
0.5,500,1017,none,0.104,0,0.09,0.22,0.04773072618578333,0.2690000000000001,0.1641784023874978,0.20532088374020163
0.5,500,1018,none,0.06399999999999997,0,0.1,0.21,0.03982740541665025,0.21300000000000002,0.17163491118677085,0.17476535649060262
0.5,500,1019,none,0.08399999999999998,0,0.104,0.232,0.042703109436615455,0.25300000000000006,0.3808091715551519,0.35069736110466165
0.5,500,1020,none,0.036000000000000004,0,0.096,0.212,0.039642849992849345,0.1850000000000001,0.30827810641177533,0.3258459151525955
0.5,500,1021,none,0.06800000000000002,0,0.078,0.224,0.0475207556991913,0.2250000000000001,0.08329881650735982,0.06756376932383437
0.5,500,1022,none,0.08799999999999995,0,0.104,0.21,0.040491425704160575,0.25300000000000006,0.2683195266029438,0.2520471278635664
0.5,500,1023,none,0.06400000000000003,0,0.09,0.2,0.03767698973585278,0.25700000000000006,0.09834023669852782,0.13063642623134963
0.5,500,1024,none,0.08800000000000004,0,0.114,0.226,0.03446092795552023,0.1730000000000001,0.3750000000000001,0.3607375575155125
0.5,500,1025,none,0.052000000000000046,0,0.1,0.194,0.03246878843169578,0.20900000000000002,0.2391286981580958,0.2268682707126762
0.5,500,1026,none,0.104,0,0.106,0.244,0.041931160516043696,0.1690000000000001,0.41515260315249425,0.45309716937764327
0.5,500,1027,none,0.02399999999999998,0,0.102,0.208,0.036690901082178706,0.22500000000000003,0.1591411242154461,0.14704069752919824
0.5,500,1028,none,0.084,0,0.116,0.202,0.03142539666504714,0.22100000000000003,0.3166266271485375,0.34378319341585584
0.5,500,1029,none,0.04399999999999997,0,0.11,0.208,0.035993826631181565,0.2730000000000001,0.18667633137793943,0.18867681200341163
0.5,500,1000,moderate,0.4080000000000001,0,0.106,0.28,0.056411188803483156,0.2690000000000001,0.25582573963161903,0.038907538160123156
0.5,500,1001,moderate,0.372,0,0.086,0.254,0.05277204647243547,0.13300000000000006,0.37499999999999994,0.3749999999999999
0.5,500,1002,moderate,0.4280000000000001,0,0.114,0.27,0.05404524853202999,0.20500000000000002,0.339124556138979,0.2899075064882465
0.5,500,1003,moderate,0.43599999999999994,0,0.1,0.286,0.0591119465270957,0.1770000000000001,0.35327396439265857,0.23953491513811082
0.5,500,1004,moderate,0.38,0,0.096,0.278,0.05963965869192151,0.24500000000000005,0.2783236686220607,0.30479363770786616
0.5,500,1005,moderate,0.36400000000000005,0,0.112,0.242,0.04507278065036098,0.18900000000000006,0.2857801774213344,0.4470455911592852
0.5,500,1006,moderate,0.38800000000000007,0,0.102,0.252,0.053723572314415415,0.14900000000000008,0.37499999999999994,0.375
0.5,500,1007,moderate,0.31200000000000006,0,0.112,0.234,0.03986086914367133,0.313,0.41165562128235483,0.46839025176119786
0.5,500,1008,moderate,0.4040000000000001,0,0.116,0.238,0.043060680698547044,0.25300000000000006,0.16583402366985267,0.1978669065435913
0.5,500,1009,moderate,0.42000000000000004,0,0.094,0.278,0.06167297265055055,0.25300000000000006,0.21082988165073585,0.23315832248736942
0.5,500,1010,moderate,0.336,0,0.108,0.25,0.04939185717864388,0.25300000000000006,0.21082988165073585,0.07303937960345211
0.5,500,1011,moderate,0.38800000000000007,0,0.126,0.276,0.05073679357450787,0.2850000000000001,0.45830710054559354,0.46257739743160864
0.5,500,1012,moderate,0.38800000000000007,0,0.086,0.242,0.051532082779134354,0.1610000000000001,0.37499999999999983,0.3749999999999999
0.5,500,1013,moderate,0.3320000000000001,0,0.116,0.25,0.04161196409153929,0.24900000000000005,0.21082988165073588,0.06879351794857017
0.5,500,1014,moderate,0.328,0,0.124,0.234,0.03614169644914613,0.24100000000000005,0.30082159761250227,0.3983155920068069
0.5,500,1015,moderate,0.37600000000000006,0,0.108,0.266,0.050486521853747156,0.24500000000000005,0.09834023669852782,0.1895272680064341
0.5,500,1016,moderate,0.38800000000000007,0,0.11,0.266,0.0576040122059412,0.2730000000000001,0.30082159761250227,0.21041561623930993
0.5,500,1017,moderate,0.34,0,0.11,0.22,0.041403166813931296,0.24500000000000005,0.20082573963161898,0.4292285815411478
0.5,500,1018,moderate,0.34800000000000003,0,0.11,0.24,0.04574810257146069,0.1770000000000001,0.3532739643926587,0.37499999999999994
0.5,500,1019,moderate,0.37600000000000006,0,0.09,0.262,0.055769366342305005,0.29300000000000004,0.29916597633014724,0.39925798001524865
0.5,500,1020,moderate,0.4160000000000001,0,0.092,0.256,0.05304924337087403,0.26100000000000007,0.4808050295360352,0.45343934377955053
0.5,500,1021,moderate,0.4040000000000001,0,0.11,0.274,0.058840651102976614,0.23700000000000004,0.22663491118677104,0.1929084796904838
0.5,500,1022,moderate,0.34800000000000003,0,0.104,0.212,0.04117712417781936,0.25700000000000006,0.42580502953603505,0.4172148931409897
0.5,500,1023,moderate,0.31200000000000006,0,0.12,0.25,0.04544104850120526,0.24100000000000005,0.16583402366985264,0.20588433744420237
0.5,500,1024,moderate,0.44799999999999995,0,0.094,0.308,0.07396095065791286,0.22100000000000009,0.10579674549780149,0.1961189375182135
0.5,500,1025,moderate,0.32400000000000007,0,0.118,0.276,0.053299989576817836,0.22500000000000003,0.1266390532058877,0.2790591027549324
0.5,500,1026,moderate,0.39200000000000007,0,0.096,0.256,0.052328025208507746,0.20100000000000007,0.21828639045000953,0.3749999999999998
0.5,500,1027,moderate,0.48000000000000004,0,0.094,0.284,0.061510613357009816,0.23300000000000004,0.11414526623456292,0.1496511040918515
0.5,500,1028,moderate,0.4200000000000001,0,0.092,0.272,0.05904423953462541,0.18900000000000006,0.28578017742133444,0.31401572024867824
0.5,500,1029,moderate,0.35600000000000004,0,0.112,0.252,0.04908043285148256,0.23700000000000004,0.15914112421544618,0.15591751361719447
0.5,500,1000,strong,0.7040000000000001,0,0.052,0.364,0.10872391130238503,0.20500000000000002,0.4066183431103038,0.06942932940037089
0.5,500,1001,strong,0.7640000000000001,0,0.038,0.354,0.11508644094283604,0.24500000000000005,0.4583071005455934,0.14212196505054225
0.5,500,1002,strong,0.8520000000000001,0,0.022,0.378,0.13095885698272652,0.25700000000000006,0.30082159761250227,0.3242864501009838
0.5,500,1003,strong,0.8360000000000001,0,0.048,0.386,0.12596648584268577,0.2890000000000001,0.54829881650736,0.4216047538863997
0.5,500,1004,strong,0.8240000000000002,0,0.032,0.412,0.12985975340942071,0.24100000000000005,0.3458174555933855,0.4254374032504107
0.5,500,1005,strong,0.8400000000000002,0,0.042,0.398,0.12826881495082462,0.2730000000000001,0.3458174555933855,0.4362137022578851
0.5,500,1006,strong,0.8480000000000001,0,0.038,0.436,0.1381528943678786,0.23700000000000004,0.33912455613897896,0.4767869825178764
0.5,500,1007,strong,0.8240000000000001,0,0.026,0.4,0.12897889577584218,0.21300000000000002,0.47411213008162856,0.35161761486280607
0.5,500,1008,strong,0.7600000000000001,0,0.048,0.364,0.1144707628853567,0.2290000000000001,0.09164733724412155,0.21309033721680176
0.5,500,1009,strong,0.7800000000000001,0,0.046,0.388,0.12097750020377986,0.341,0.5691411242154462,0.7649401769801227
0.5,500,1010,strong,0.8000000000000002,0,0.042,0.382,0.1223909945852045,0.23700000000000004,0.14913698219632934,0.4641352243926719
0.5,500,1011,strong,0.8440000000000001,0,0.034,0.392,0.12947415014417185,0.24500000000000005,0.16583402366985261,0.28207257227980653
0.5,500,1012,strong,0.772,0,0.038,0.4,0.12429355932182846,0.19700000000000006,0.2407843194404512,0.43631868695112663
0.5,500,1013,strong,0.776,0,0.038,0.366,0.11862920757085453,0.26500000000000007,0.31331538458382713,0.7849999999999999
0.5,500,1014,strong,0.856,0,0.032,0.374,0.1285699118076318,0.2330000000000001,0.0691494082536799,0.6094056699976454
0.5,500,1015,strong,0.896,0,0.034,0.42,0.13796456872045887,0.2690000000000001,0.5707967454978016,0.12760122227772824
0.5,500,1016,strong,0.78,0,0.034,0.384,0.12299412813445834,0.273,0.1866763313779392,0.20487649451800594
0.5,500,1017,strong,0.74,0,0.032,0.376,0.11786244336325102,0.24500000000000005,0.5258008875169182,0.36440685622918856
0.5,500,1018,strong,0.7800000000000001,0,0.032,0.422,0.13066326526185118,0.1610000000000001,0.37499999999999983,0.338307378291713
0.5,500,1019,strong,0.8720000000000001,0,0.032,0.398,0.13460889850063984,0.19700000000000006,0.27163076916765444,0.37499999999999994
0.5,500,1020,strong,0.7360000000000001,0,0.042,0.376,0.11395125663584797,0.20500000000000002,0.49661005907207023,0.15255497899716997
0.5,500,1021,strong,0.788,0,0.036,0.386,0.12193258611034032,0.26100000000000007,0.25582573963161903,0.18414528743899974
0.5,500,1022,strong,0.84,0,0.044,0.378,0.12468449070442653,0.20100000000000007,0.21828639045000953,0.12475323396887036
0.5,500,1023,strong,0.8400000000000001,0,0.042,0.394,0.12818042838991536,0.18800000000000006,0.6438948391342157,0.5947222486167556
0.5,500,1024,strong,0.796,0,0.038,0.41,0.12707303236940384,0.193,0.36162248512942063,0.4950006058411289
0.5,500,1025,strong,0.788,0,0.032,0.39,0.1265578479940651,0.22500000000000003,0.29412869815809584,0.07313736879003935
0.5,500,1026,strong,0.8520000000000001,0,0.036,0.446,0.1406540278682255,0.23700000000000004,0.33912455613897896,0.1237764596787807
0.5,500,1027,strong,0.7000000000000001,0,0.028,0.346,0.11116754122594517,0.20100000000000007,0.24913284017721296,0.3809453296697568
0.5,500,1028,strong,0.8360000000000002,0,0.048,0.42,0.13144157975651727,0.29300000000000004,0.29916597633014724,0.64744484933049
0.5,500,1029,strong,0.816,0,0.038,0.382,0.12334594530110109,0.13300000000000006,0.3749999999999999,0.375
0.5,1000,1000,none,0.04400000000000001,0,0.099,0.21,0.0370794941832934,0.25500000000000006,0.1883319526602942,0.17410611008952395
0.5,1000,1001,none,0.032,0,0.093,0.207,0.03881866675826063,0.2330000000000001,0.08039837274890074,0.0827614128787253
0.5,1000,1002,none,0.07399999999999995,0,0.121,0.216,0.03754848717177417,0.2310000000000001,0.049551923021697336,0.05105433010785629
0.5,1000,1003,none,0.07000000000000002,0,0.107,0.224,0.037446257786622986,0.23500000000000004,0.2941286981580958,0.2455109365005368
0.5,1000,1004,none,0.03200000000000003,0,0.09,0.2,0.0388100788742077,0.25100000000000006,0.11083402366985262,0.12408144737584997
0.5,1000,1005,none,0.07599999999999997,0,0.112,0.217,0.038239014399199966,0.30500000000000005,0.3666597633014721,0.34039760480144293
0.5,1000,1006,none,0.05000000000000002,0,0.097,0.222,0.04076627146169844,0.24900000000000005,0.05168875743528972,0.04067369347341476
0.5,1000,1007,none,0.030000000000000013,0,0.103,0.198,0.03347967874530592,0.24700000000000005,0.200825739631619,0.20096308892076603
0.5,1000,1008,none,0.057999999999999954,0,0.103,0.22,0.041611964091539284,0.2430000000000001,0.030846449727203296,0.03638165768898266
0.5,1000,1009,none,0.076,0,0.109,0.213,0.03827386691841953,0.2370000000000001,0.05790044375845915,0.08277490284791197
0.5,1000,1010,none,0.07,0,0.086,0.219,0.044891226561792924,0.1870000000000001,0.2970291419165546,0.2954774778514254
0.5,1000,1011,none,0.08399999999999998,0,0.116,0.217,0.037552925614687094,0.2270000000000001,0.11414526623456314,0.11645670251183554
0.5,1000,1012,none,0.06200000000000001,0,0.085,0.201,0.04032644569289764,0.25900000000000006,0.10793357991139382,0.1356120801336536
0.5,1000,1013,none,0.046,0,0.082,0.206,0.04269139908173022,0.18900000000000006,0.28578017742133444,0.3021974818202693
0.5,1000,1014,none,0.06800000000000002,0,0.11,0.218,0.034783457115256516,0.2230000000000001,0.0945477810025806,0.11176860159880148
0.5,1000,1015,none,0.054000000000000006,0,0.109,0.209,0.0342182537381569,0.1630000000000001,0.3749999999999999,0.3749999999999999
0.5,1000,1016,none,0.043999999999999984,0,0.101,0.216,0.03904982572161992,0.1830000000000001,0.31952707090699617,0.318259450214011
0.5,1000,1017,none,0.08800000000000005,0,0.101,0.189,0.03167368343313139,0.21100000000000008,0.16204156797390545,0.14190792835543786
0.5,1000,1018,none,0.060000000000000026,0,0.092,0.218,0.04074173399462631,0.24900000000000005,0.22332366862206068,0.21735558904323937
0.5,1000,1019,none,0.06400000000000003,0,0.093,0.217,0.039322032274823004,0.197,0.32912041411986226,0.3308358631966728
0.5,1000,1020,none,0.06799999999999998,0,0.087,0.22,0.04758034141206733,0.24900000000000005,0.05168875743528972,0.0416756452977656
0.5,1000,1021,none,0.027999999999999997,0,0.094,0.211,0.0396512575112344,0.22700000000000004,0.10414112421544611,0.08846888910280101
0.5,1000,1022,none,0.04400000000000001,0,0.1,0.21,0.03563550040183088,0.20100000000000007,0.21828639045000955,0.23084475821980616
0.5,1000,1023,none,0.025999999999999995,0,0.1,0.207,0.036449356037597636,0.269,0.16417840238749765,0.159453087280702
0.5,1000,1024,none,0.08200000000000002,0,0.086,0.224,0.04526097165942813,0.25500000000000006,0.21082988165073588,0.21248728139106482
0.5,1000,1025,none,0.04399999999999997,0,0.103,0.206,0.035164691887681246,0.24500000000000005,0.029190828444848216,0.038096352708284986
0.5,1000,1026,none,0.04200000000000004,0,0.096,0.195,0.035050756847114665,0.23100000000000004,0.14789215972022535,0.14480106273171298
0.5,1000,1027,none,0.034,0,0.097,0.205,0.036957934045193715,0.21900000000000003,0.22663491118677098,0.22713339515472003
0.5,1000,1028,none,0.06399999999999997,0,0.098,0.22,0.04260933648339945,0.24500000000000005,0.088336094679411,0.08161837688384962
0.5,1000,1029,none,0.07600000000000001,0,0.09,0.224,0.04622288995244192,0.22300000000000003,0.1703900887106669,0.2023697037039988
0.5,1000,1000,moderate,0.36800000000000005,0,0.114,0.257,0.047239343301485,0.20500000000000007,0.19578846145956785,0.23949267811882152
0.5,1000,1001,moderate,0.39000000000000007,0,0.112,0.25,0.044958005096114105,0.21100000000000008,0.16204156797390543,0.16284123558255345
0.5,1000,1002,moderate,0.3940000000000001,0,0.116,0.276,0.05417769118578442,0.29900000000000004,0.33291286981580964,0.3302403955479469
0.5,1000,1003,moderate,0.35400000000000004,0,0.109,0.254,0.04820327328673392,0.199,0.33912455613897896,0.25785330878590856
0.5,1000,1004,moderate,0.30800000000000005,0,0.126,0.247,0.04419904473578084,0.2270000000000001,0.12539423072978398,0.04718417865316277
0.5,1000,1005,moderate,0.326,0,0.117,0.243,0.04186751591495355,0.24900000000000005,0.30082159761250227,0.17834265322734877
0.5,1000,1006,moderate,0.342,0,0.109,0.251,0.04777260953959101,0.1690000000000001,0.37499999999999994,0.3122581180818903
0.5,1000,1007,moderate,0.37000000000000005,0,0.107,0.269,0.05362731476485551,0.2350000000000001,0.08039837274890074,0.09187455897817629
0.5,1000,1008,moderate,0.4020000000000001,0,0.103,0.276,0.05690245064045037,0.23500000000000004,0.15914112421544618,0.09355783666948422
0.5,1000,1009,moderate,0.35000000000000003,0,0.108,0.257,0.049239776152573606,0.25300000000000006,0.18833195266029423,0.17491013821873147
0.5,1000,1010,moderate,0.38200000000000006,0,0.109,0.281,0.05748236444529942,0.20900000000000002,0.3166266271485375,0.18888315497444094
0.5,1000,1011,moderate,0.408,0,0.115,0.286,0.057473665467083455,0.23500000000000004,0.11414526623456289,0.16468408002218582
0.5,1000,1012,moderate,0.31400000000000006,0,0.118,0.223,0.0410270913205192,0.22700000000000004,0.2041369821963294,0.04129914473546259
0.5,1000,1013,moderate,0.38200000000000006,0,0.102,0.277,0.056482052213267034,0.25700000000000006,0.25582573963161903,0.06975411949519317
0.5,1000,1014,moderate,0.38400000000000006,0,0.103,0.267,0.054920144047719166,0.20900000000000007,0.18163905320588802,0.24195029698822934
0.5,1000,1015,moderate,0.34800000000000003,0,0.109,0.25,0.04939860546839578,0.203,0.5191079880625119,0.30232810539970645
0.5,1000,1016,moderate,0.42000000000000004,0,0.099,0.272,0.05558676900926055,0.23700000000000004,0.21538594669155023,0.07714011798533335
0.5,1000,1017,moderate,0.38600000000000007,0,0.106,0.25,0.049617425254530174,0.24900000000000005,0.23332781064117744,0.027332490711018037
0.5,1000,1018,moderate,0.36400000000000005,0,0.114,0.248,0.04416509431163433,0.2270000000000001,0.08039837274890074,0.11355334300590725
0.5,1000,1019,moderate,0.36400000000000005,0,0.097,0.257,0.05112946530350403,0.23900000000000005,0.17163491118677096,0.2886015603537593
0.5,1000,1020,moderate,0.4060000000000001,0,0.11,0.268,0.051444684424686256,0.24900000000000005,0.25707056210772306,0.39766067244483533
0.5,1000,1021,moderate,0.37200000000000005,0,0.114,0.258,0.04999888887654294,0.2270000000000001,0.08039837274890074,0.0596462036349312
0.5,1000,1022,moderate,0.37800000000000006,0,0.104,0.261,0.054091486288406695,0.24700000000000005,0.043340236698527795,0.29796397851534684
0.5,1000,1023,moderate,0.32800000000000007,0,0.118,0.255,0.04843781809931391,0.2810000000000001,0.3583112425647102,0.49939940901166113
0.5,1000,1024,moderate,0.39200000000000007,0,0.115,0.27,0.05293916844412609,0.15300000000000008,0.37499999999999994,0.3750000000000001
0.5,1000,1025,moderate,0.37200000000000005,0,0.106,0.249,0.051931578917734526,0.26700000000000007,0.33456849109816467,0.2899824789570209
0.5,1000,1026,moderate,0.36800000000000005,0,0.106,0.25,0.04861641240934542,0.23100000000000004,0.27163076916765416,0.2913683926127302
0.5,1000,1027,moderate,0.3940000000000001,0,0.09,0.265,0.05530722275516001,0.21500000000000002,0.2053818046724334,0.29958993964062747
0.5,1000,1028,moderate,0.428,0,0.099,0.285,0.06181064273695554,0.195,0.3503735206341999,0.3459345534879651
0.5,1000,1029,moderate,0.38200000000000006,0,0.105,0.255,0.05035761003948548,0.25100000000000006,0.24457677513639836,0.2578981379767166
0.5,1000,1000,strong,0.8440000000000001,0,0.042,0.394,0.12949088341998788,0.29100000000000004,0.2879170118349264,0.15279100704618379
0.5,1000,1001,strong,0.7980000000000002,0,0.043,0.384,0.12168082109446099,0.20500000000000002,0.4853610945768494,0.37499999999999994
0.5,1000,1002,strong,0.794,0,0.038,0.37,0.12146833149243286,0.22500000000000003,0.3503735206341998,0.37499999999999994
0.5,1000,1003,strong,0.7800000000000001,0,0.043,0.383,0.12087137332258986,0.22400000000000003,0.564103846043395,0.35740779754089175
0.5,1000,1004,strong,0.8099999999999999,0,0.04,0.407,0.12826621621542525,0.256,0.8003321004430319,0.43406225086003997
0.5,1000,1005,strong,0.8200000000000002,0,0.034,0.419,0.13159998311381182,0.24900000000000005,0.23332781064117744,0.24807719311213638
0.5,1000,1006,strong,0.832,0,0.049,0.417,0.1304385764343594,0.22500000000000003,0.14913698219632934,0.3637878770781848
0.5,1000,1007,strong,0.852,0,0.028,0.411,0.133809150990838,0.22900000000000004,0.3841204141198622,0.3644698452799496
0.5,1000,1008,strong,0.802,0,0.038,0.406,0.12652228613524533,0.22700000000000004,0.30537766265331656,0.2372402311850651
0.5,1000,1009,strong,0.8380000000000001,0,0.037,0.391,0.1274998910674916,0.19200000000000006,0.5753528105386155,0.3268981142026004
0.5,1000,1010,strong,0.782,0,0.036,0.358,0.11714900293595709,0.26500000000000007,0.19958091715551513,0.28983198934986265
0.5,1000,1011,strong,0.874,0,0.037,0.399,0.13308977755218052,0.22900000000000004,0.3841204141198622,0.15714146883943364
0.5,1000,1012,strong,0.7320000000000001,0,0.049,0.37,0.11213632576268742,0.26300000000000007,0.24457677513639836,0.34863143352282727
0.5,1000,1013,strong,0.7480000000000001,0,0.038,0.392,0.12071822103099801,0.23900000000000005,0.18163905320588775,0.10875840506876938
0.5,1000,1014,strong,0.7780000000000001,0,0.042,0.393,0.12233514985027356,0.22900000000000004,0.29412869815809584,0.08179513061665047
0.5,1000,1015,strong,0.786,0,0.042,0.379,0.12027976647060062,0.1790000000000001,0.3420249998974379,0.3749999999999999
0.5,1000,1016,strong,0.838,0,0.04,0.408,0.1301968594944679,0.20500000000000007,0.2153859466915506,0.3228400795820804
0.5,1000,1017,strong,0.7580000000000001,0,0.044,0.397,0.12113307649945255,0.24500000000000005,0.5482988165073599,0.5483124124394051
0.5,1000,1018,strong,0.7800000000000001,0,0.047,0.372,0.11722438123340875,0.28500000000000003,0.25417011834926406,0.3452262993956904
0.5,1000,1019,strong,0.764,0,0.049,0.377,0.11770396009575135,0.22300000000000003,0.5191079880625118,0.3856811850469816
0.5,1000,1020,strong,0.774,0,0.039,0.347,0.11536849175094945,0.24700000000000005,0.2220788461459566,0.0718495339694381
0.5,1000,1021,strong,0.802,0,0.039,0.385,0.1227309614110836,0.23500000000000004,0.451614201091187,0.3491107488653097
0.5,1000,1022,strong,0.8220000000000001,0,0.049,0.419,0.12956422688724262,0.26700000000000007,0.4470581360503728,0.29162152748924763
0.5,1000,1023,strong,0.79,0,0.039,0.408,0.12658418367061325,0.21000000000000002,0.5641038460433951,0.4058760886618395
0.5,1000,1024,strong,0.8300000000000001,0,0.041,0.399,0.12876162299208394,0.2690000000000001,0.2670747041268398,0.2895988795276842
0.5,1000,1025,strong,0.7560000000000001,0,0.047,0.376,0.11685556136625344,0.23500000000000004,0.3166266271485374,0.3353124269846658
0.5,1000,1026,strong,0.848,0,0.039,0.383,0.12749204768228575,0.23900000000000005,0.09164733724412136,0.37750186063614954
0.5,1000,1027,strong,0.8280000000000002,0,0.042,0.418,0.13049989357168926,0.22300000000000003,0.2491328401772126,0.11565799847037547
0.5,1000,1028,strong,0.7960000000000002,0,0.048,0.39,0.1226181969457316,0.22300000000000003,0.3616224851294206,0.1452692565391624
0.5,1000,1029,strong,0.806,0,0.042,0.392,0.12462031223770154,0.20700000000000002,0.5303569525577327,0.461031822055611
0.5,2000,1000,none,0.038000000000000006,0,0.093,0.211,0.04084795656523782,0.24400000000000005,0.15582988165073583,0.16516067560031192
0.5,2000,1001,none,0.036999999999999936,0,0.106,0.207,0.03959973344466966,0.198,0.2391286981580958,0.2460883887184183
0.5,2000,1002,none,0.044,0,0.105,0.2075,0.03432402786516887,0.22900000000000004,0.12539423072978376,0.12075588203692553
0.5,2000,1003,none,0.04099999999999998,0,0.0925,0.2045,0.03923504669155994,0.26700000000000007,0.31331538458382713,0.3112229794726718
0.5,2000,1004,none,0.032,0,0.0935,0.204,0.03792939346850789,0.23100000000000004,0.08164319522500446,0.08241115250239206
0.5,2000,1005,none,0.044000000000000025,0,0.1045,0.203,0.032572568554263916,0.2300000000000001,0.05517640526930773,0.05339388049607552
0.5,2000,1006,none,0.05799999999999997,0,0.089,0.2205,0.04659101010090061,0.22200000000000003,0.3009980028818101,0.27498828675786346
0.5,2000,1007,none,0.02700000000000001,0,0.106,0.2015,0.03337372552706029,0.2230000000000001,0.11976974848217353,0.11013105414849378
0.5,2000,1008,none,0.04500000000000001,0,0.0935,0.211,0.03915106072069511,0.2260000000000001,0.12539423072978392,0.11513259442012994
0.5,2000,1009,none,0.03399999999999995,0,0.096,0.206,0.04162798204199777,0.25600000000000006,0.0910601331685626,0.08846986922681954
0.5,2000,1010,none,0.04600000000000003,0,0.1065,0.2015,0.031914817178789474,0.2290000000000001,0.060800887516918145,0.07206364420117556
0.5,2000,1011,none,0.03899999999999995,0,0.0995,0.2125,0.04185457627972782,0.22700000000000004,0.14351249994871887,0.1336351284712818
0.5,2000,1012,none,0.03600000000000003,0,0.098,0.1985,0.03494241294218564,0.21300000000000002,0.23350421591048534,0.23706428980037483
0.5,2000,1013,none,0.030999999999999986,0,0.1025,0.206,0.03535376767600434,0.25800000000000006,0.10230909766378338,0.10885507655754262
0.5,2000,1014,none,0.057999999999999954,0,0.1065,0.211,0.04253103442063089,0.24800000000000005,0.10520954142224223,0.0973383452480148
0.5,2000,1015,none,0.05299999999999995,0,0.102,0.2145,0.04143234109833632,0.264,0.1360559911494456,0.14007534868460508
0.5,2000,1016,none,0.05600000000000001,0,0.1045,0.2195,0.03736717216428821,0.25500000000000006,0.09958505917463176,0.11037866735300142
0.5,2000,1017,none,0.03299999999999999,0,0.1025,0.208,0.03628551899709978,0.22700000000000004,0.1210145709582773,0.12522078232379968
0.5,2000,1018,none,0.015,0,0.106,0.2005,0.034421004569238765,0.2360000000000001,0.02415355027279678,0.021029346367353374
0.5,2000,1019,none,0.07599999999999997,0,0.0805,0.2105,0.04579907810814051,0.23000000000000004,0.21538594669155028,0.2165402926218117
0.5,2000,1020,none,0.029999999999999943,0,0.1015,0.2085,0.039715306313253526,0.24800000000000005,0.0770871301841902,0.06683576756158
0.5,2000,1021,none,0.034999999999999976,0,0.1015,0.2055,0.03757289211948186,0.23200000000000004,0.047896301739342034,0.04136358307915991
0.5,2000,1022,none,0.03600000000000003,0,0.097,0.1985,0.03658513662981488,0.30400000000000005,0.3610352810538617,0.3677011127896709
0.5,2000,1023,none,0.05199999999999999,0,0.101,0.213,0.04138404147601934,0.20200000000000007,0.21266190820239916,0.20974144823967483
0.5,2000,1024,none,0.059000000000000025,0,0.088,0.2205,0.042707012174687295,0.24700000000000005,0.12208298816507338,0.10427007610501521
0.5,2000,1025,none,0.011999999999999969,0,0.1025,0.2035,0.03632798125718276,0.22700000000000004,0.14789215972022532,0.1448168983460798
0.5,2000,1026,none,0.04200000000000004,0,0.099,0.2025,0.03438588211590462,0.23700000000000004,0.12101457095827733,0.12241075066302826
0.5,2000,1027,none,0.049,0,0.108,0.209,0.0337758131738609,0.19000000000000006,0.28015569517372396,0.27667913827965257
0.5,2000,1028,none,0.04200000000000002,0,0.107,0.199,0.03133244679596891,0.23100000000000004,0.19851249994871895,0.19245242443496244
0.5,2000,1029,none,0.035,0,0.0995,0.206,0.035451453504130905,0.257,0.09668461541617285,0.09541916888330257
0.5,2000,1000,moderate,0.37600000000000006,0,0.1065,0.2565,0.050633212639750826,0.265,0.14168047339705603,0.1711076663377371
0.5,2000,1001,moderate,0.402,0,0.1115,0.2745,0.05454559764290994,0.29300000000000004,0.2991659763301473,0.2796355839687881
0.5,2000,1002,moderate,0.386,0,0.1075,0.252,0.048095102545777875,0.2350000000000001,0.0691494082536799,0.03541725488334499
0.5,2000,1003,moderate,0.3440000000000001,0,0.1105,0.256,0.04975662993232382,0.201,0.282879733662875,0.16801849742390929
0.5,2000,1004,moderate,0.396,0,0.104,0.256,0.05181752170410657,0.22100000000000003,0.2828797336628751,0.17161405373733352
0.5,2000,1005,moderate,0.3720000000000001,0,0.1195,0.274,0.05218370328837241,0.2390000000000001,0.018529068025186307,0.14263350672099423
0.5,2000,1006,moderate,0.36100000000000004,0,0.1185,0.248,0.04435243949197033,0.24700000000000005,0.37393986683143754,0.26129307473264507
0.5,2000,1007,moderate,0.371,0,0.113,0.26,0.050101286299743725,0.23700000000000004,0.12539423072978376,0.022567802237195622
0.5,2000,1008,moderate,0.4010000000000001,0,0.104,0.2805,0.05973111044971085,0.2290000000000001,0.060800887516918145,0.2747716001942033
0.5,2000,1009,moderate,0.35700000000000004,0,0.116,0.2485,0.04742420853905266,0.25000000000000006,0.17708298816507345,0.06623064016494276
0.5,2000,1010,moderate,0.41400000000000003,0,0.107,0.2595,0.051049540209051406,0.24900000000000005,0.1208381656889694,0.07577979733198498
0.5,2000,1011,moderate,0.36100000000000004,0,0.1145,0.258,0.048552949332547134,0.2370000000000001,0.052275961510848734,0.12003066565193293
0.5,2000,1012,moderate,0.37900000000000006,0,0.105,0.2665,0.054067601718178294,0.21400000000000008,0.14516812123107425,0.1461890985746213
0.5,2000,1013,moderate,0.34800000000000003,0,0.1155,0.253,0.04867208873905272,0.21900000000000008,0.14226767747261523,0.12502173570621042
0.5,2000,1014,moderate,0.36099999999999993,0,0.109,0.246,0.04851603400480665,0.25000000000000006,0.2108298816507359,0.10679786269389008
0.5,2000,1015,moderate,0.366,0,0.1085,0.2435,0.049347970801464795,0.26700000000000007,0.23895229288878783,0.2019412290408683
0.5,2000,1016,moderate,0.38700000000000007,0,0.106,0.2565,0.051221469023143895,0.26000000000000006,0.11355806215900424,0.25360711384675205
0.5,2000,1017,moderate,0.37400000000000005,0,0.107,0.2685,0.052895074334846054,0.22900000000000004,0.226634911186771,0.05556726681892224
0.5,2000,1018,moderate,0.34,0,0.1215,0.256,0.048343964348084745,0.24500000000000005,0.06021368344135897,0.0975416653155235
0.5,2000,1019,moderate,0.38200000000000006,0,0.103,0.263,0.055027013568085106,0.24200000000000005,0.20520539940312543,0.09797738620570925
0.5,2000,1020,moderate,0.34900000000000003,0,0.1085,0.247,0.04798234629064689,0.23000000000000004,0.11976974848217334,0.07357900220712302
0.5,2000,1021,moderate,0.355,0,0.1115,0.252,0.049283758875403254,0.25900000000000006,0.143336094679411,0.18827606127499202
0.5,2000,1022,moderate,0.37700000000000006,0,0.1155,0.265,0.05051539919228151,0.267,0.1529294378922768,0.28810315959386873
0.5,2000,1023,moderate,0.37200000000000005,0,0.1225,0.2695,0.05099400836263893,0.2700000000000001,0.283948150869671,0.2041362559668654
0.5,2000,1024,moderate,0.37200000000000005,0,0.1135,0.257,0.04826978581081775,0.22600000000000003,0.2772552514152645,0.16543580778515046
0.5,2000,1025,moderate,0.3680000000000001,0,0.1115,0.27,0.05487536383073516,0.191,0.37849593187225183,0.31255348079107326
0.5,2000,1026,moderate,0.34400000000000003,0,0.1145,0.2465,0.047646849027215034,0.19300000000000006,0.26328224843089276,0.20732931944950178
0.5,2000,1027,moderate,0.3670000000000001,0,0.1105,0.2725,0.0522347798140494,0.21800000000000008,0.12267019224063264,0.22278269406090312
0.5,2000,1028,moderate,0.3630000000000001,0,0.11,0.261,0.051162866308377304,0.24800000000000005,0.17708298816507348,0.03574213613781313
0.5,2000,1029,moderate,0.374,0,0.1185,0.264,0.05101606500788638,0.24200000000000005,0.19958091715551507,0.12675040389560316
0.5,2000,1000,strong,0.7970000000000002,0,0.0395,0.393,0.12443695413965884,0.25100000000000006,0.31769504435533347,0.12414314332940907
0.5,2000,1001,strong,0.788,0,0.0445,0.395,0.12295821331746092,0.23100000000000004,0.20976146444393978,0.13816342213894117
0.5,2000,1002,strong,0.8220000000000001,0,0.0445,0.409,0.12893624608912557,0.2310000000000001,0.06352492600606954,0.2585593498019799
0.5,2000,1003,strong,0.7880000000000001,0,0.0435,0.3855,0.12154925841905505,0.24700000000000005,0.13208713018419024,0.20668833618297922
0.5,2000,1004,strong,0.7940000000000002,0,0.04,0.3855,0.12314411160190415,0.24000000000000005,0.3795643490790479,0.182104410362333
0.5,2000,1005,strong,0.8110000000000002,0,0.04,0.3855,0.12503388429630674,0.24200000000000005,0.23332781064117752,0.13300319256733148
0.5,2000,1006,strong,0.7750000000000001,0,0.04,0.3765,0.12006028578269429,0.202,0.37287144962464136,0.19956997592954248
0.5,2000,1007,strong,0.7950000000000002,0,0.047,0.3875,0.12183823519550649,0.21800000000000008,0.12539423072978406,0.34549743882277617
0.5,2000,1008,strong,0.826,0,0.0375,0.402,0.12915193464374516,0.19300000000000006,0.26328224843089276,0.11727015248022707
0.5,2000,1009,strong,0.793,0,0.0405,0.3755,0.12079827077496691,0.21100000000000002,0.2603818046724334,0.34336026165356015
0.5,2000,1010,strong,0.8270000000000001,0,0.049,0.3975,0.12614134488298787,0.24100000000000005,0.21645436389834624,0.2756717414965631
0.5,2000,1011,strong,0.839,0,0.036,0.393,0.1290512387473372,0.21100000000000002,0.4178673076055246,0.10016513738614913
0.5,2000,1012,strong,0.746,0,0.043,0.3595,0.1136348929197757,0.22100000000000003,0.3222511093961479,0.17557549392856858
0.5,2000,1013,strong,0.7780000000000001,0,0.0485,0.375,0.11808389202408412,0.23200000000000004,0.11976974848217328,0.19237863394491306
0.5,2000,1014,strong,0.7920000000000001,0,0.043,0.3785,0.12169485974719264,0.21800000000000003,0.2547573224248231,0.1325334352481119
0.5,2000,1015,strong,0.786,0,0.038,0.3825,0.12192575154121008,0.22700000000000004,0.2547573224248231,0.2587189164599434
0.5,2000,1016,strong,0.8190000000000001,0,0.0335,0.3745,0.1255865128993644,0.22800000000000004,0.32225110939614776,0.4748894733883334
0.5,2000,1017,strong,0.8,0,0.0405,0.384,0.12313328370329264,0.22100000000000009,0.10579674549780144,0.21956428169485992
0.5,2000,1018,strong,0.8140000000000001,0,0.0405,0.3895,0.1251737681074682,0.24900000000000005,0.19958091715551504,0.25134046435628427
0.5,2000,1019,strong,0.8410000000000002,0,0.0475,0.4055,0.12930669828830302,0.21200000000000008,0.15641708572629504,0.0754417624940138
0.5,2000,1020,strong,0.79,0,0.044,0.384,0.12099162046283297,0.21300000000000008,0.15914112421544646,0.05237177117173092
0.5,2000,1021,strong,0.8110000000000002,0,0.0435,0.368,0.12044281722968049,0.23000000000000004,0.226634911186771,0.13616436852837804
0.5,2000,1022,strong,0.7630000000000001,0,0.0425,0.387,0.12076239296881938,0.196,0.30537766265331656,0.34701791728573617
0.5,2000,1023,strong,0.8260000000000001,0,0.034,0.4055,0.12951855293955208,0.19700000000000006,0.28850421591048575,0.431748456854773
0.5,2000,1024,strong,0.7780000000000001,0,0.049,0.3885,0.1195622803767513,0.24400000000000005,0.2052053994031254,0.12959640861953636
0.5,2000,1025,strong,0.794,0,0.0455,0.382,0.12044177938830952,0.23900000000000005,0.2547573224248231,0.1414315123325532
0.5,2000,1026,strong,0.786,0,0.0455,0.398,0.12386607911593699,0.23600000000000004,0.34474903838658943,0.02723751844657102
0.5,2000,1027,strong,0.768,0,0.0465,0.3755,0.11691402349114878,0.22900000000000004,0.35599800288181027,0.26027550381374204
0.5,2000,1028,strong,0.788,0,0.046,0.3795,0.1198925444813906,0.21800000000000003,0.2041369821963294,0.14325726302974268
0.5,2000,1029,strong,0.7950000000000002,0,0.0455,0.393,0.12265489073910679,0.24400000000000005,0.2220788461459566,0.05244376723845806
1.0,250,1000,none,0.14400000000000002,0,0.084,0.224,0.04141926551202418,0.12100000000000005,0.17697207391709507,0.1817249961524332
1.0,250,1001,none,0.14799999999999996,0,0.136,0.228,0.03619699189466194,0.19300000000000006,0.09278604979549934,0.11888308267174863
1.0,250,1002,none,0.11999999999999995,0,0.076,0.24,0.05785806387665902,0.14500000000000007,0.2367255646774581,0.19684442064103652
1.0,250,1003,none,0.132,0,0.124,0.216,0.03303869784897031,0.20900000000000002,0.18065581365495453,0.17974492540238587
1.0,250,1004,none,0.06799999999999996,0,0.116,0.208,0.03771236166328253,0.23300000000000004,0.27942790040900145,0.25521977116641253
1.0,250,1005,none,0.16400000000000003,0,0.128,0.2,0.031382939455839524,0.201,0.24655813654954611,0.19318341704303552
1.0,250,1006,none,0.14399999999999996,0,0.096,0.236,0.05564969801255788,0.22500000000000003,0.2574604594441376,0.23066496037019807
1.0,250,1007,none,0.08799999999999997,0,0.1,0.228,0.049781745873585255,0.26400000000000007,0.4222976642684569,0.44587469069101454
1.0,250,1008,none,0.09999999999999999,0,0.084,0.236,0.04940535283639707,0.15300000000000002,0.19279068274773045,0.2136067785330392
1.0,250,1009,none,0.11200000000000002,0,0.12,0.2,0.025051058970741252,0.201,0.10368837269009062,0.13669677679155806
1.0,250,1010,none,0.06,0,0.1,0.208,0.03567756842735907,0.20100000000000007,0.04885116786577162,0.05614237902000402
1.0,250,1011,none,0.068,0,0.1,0.212,0.035602746460849835,0.20899999999999996,0.36729766426845684,0.3893464225530456
1.0,250,1012,none,0.14,0,0.084,0.228,0.047083849554692206,0.15300000000000008,0.18188835985313917,0.2192765391597961
1.0,250,1013,none,0.10400000000000002,0,0.084,0.2,0.03792390040887438,0.21700000000000003,0.25746045944413765,0.2672671323771577
1.0,250,1014,none,0.156,0,0.088,0.256,0.05612684047959784,0.23300000000000004,0.16959069558468215,0.1429952646707382
1.0,250,1015,none,0.04000000000000001,0,0.1,0.212,0.036344035121170695,0.1690000000000001,0.04516742812791194,0.05804837475018271
1.0,250,1016,none,0.15999999999999998,0,0.12,0.232,0.04422166387140534,0.313,0.3502465092396368,0.29342722740668725
1.0,250,1017,none,0.084,0,0.104,0.216,0.03552776691859794,0.24900000000000005,0.1745069815207263,0.17073967382792632
1.0,250,1018,none,0.12000000000000004,0,0.084,0.212,0.03971006029822781,0.13700000000000007,0.18188835985313917,0.16975652764629046
1.0,250,1019,none,0.10799999999999997,0,0.108,0.22,0.039101008796307145,0.21600000000000003,0.3795953285369135,0.3681810269676401
1.0,250,1020,none,0.0559999999999999,0,0.108,0.212,0.04116093077448835,0.23300000000000004,0.191558136549546,0.19410687260920517
1.0,250,1021,none,0.10799999999999998,0,0.108,0.224,0.04775865250285951,0.22500000000000003,0.13672093172522687,0.14597382378630525
1.0,250,1022,none,0.116,0,0.112,0.228,0.037853518844209046,0.12899999999999995,0.34656276950177733,0.3215472147188224
1.0,250,1023,none,0.12,0,0.1,0.228,0.04379751388175158,0.24100000000000005,0.35639534137386536,0.4145548728188439
1.0,250,1024,none,0.21200000000000002,0,0.104,0.232,0.050314566037635226,0.12900000000000006,0.203855800818003,0.18373737294938314
1.0,250,1025,none,0.12800000000000003,0,0.124,0.2,0.022350739485653616,0.15300000000000008,0.08910231005763963,0.07238945866734633
1.0,250,1026,none,0.12400000000000001,0,0.084,0.244,0.04962078417580905,0.1850000000000001,0.3026278875720496,0.31254819463815997
1.0,250,1027,none,0.18399999999999997,0,0.08,0.24,0.06534693735916183,0.3050000000000001,0.3282790682747732,0.35283080153705343
1.0,250,1028,none,0.132,0,0.084,0.228,0.047981477907857555,0.25700000000000006,0.24655813654954611,0.2614246057042982
1.0,250,1029,none,0.023999999999999966,0,0.1,0.204,0.03678163793102326,0.16900000000000004,0.181888359853139,0.17855849074699895
1.0,250,1000,moderate,0.38000000000000006,0,0.124,0.256,0.04570436400267363,0.16799999999999998,0.2917255646774581,0.22723814567292633
1.0,250,1001,moderate,0.34,0,0.12,0.228,0.04391911757866828,0.15900000000000003,0.5414332778641787,0.5323728170705424
1.0,250,1002,moderate,0.36800000000000005,0,0.104,0.224,0.04011095721731019,0.19300000000000006,0.32336278233872917,0.31886626163478077
1.0,250,1003,moderate,0.46,0,0.072,0.3,0.0698060806011116,0.193,0.15868837269009067,0.15148706042388094
1.0,250,1004,moderate,0.46,0,0.1,0.272,0.06436009805945157,0.24000000000000005,0.3795953285369135,0.3802509574115205
1.0,250,1005,moderate,0.37999999999999995,0,0.112,0.236,0.04458200932613463,0.25600000000000006,0.4235302104666412,0.3430688805272376
1.0,250,1006,moderate,0.23200000000000004,0,0.152,0.196,0.014173527750312869,0.12100000000000005,0.17697207391709502,0.14206476681146663
1.0,250,1007,moderate,0.4280000000000001,0,0.104,0.276,0.0644842788765,0.1610000000000001,0.10492091888827526,0.11292403631235143
1.0,250,1008,moderate,0.4,0,0.108,0.264,0.049781745873585255,0.15300000000000008,0.11598603695854753,0.01656951753234412
1.0,250,1009,moderate,0.316,0,0.12,0.264,0.0511033810579648,0.2730000000000001,0.33442790040900156,0.32177610160259223
1.0,250,1010,moderate,0.336,0,0.124,0.252,0.04355328792282953,0.256,0.40033022330359297,0.24679397175440845
1.0,250,1011,moderate,0.36400000000000005,0,0.112,0.284,0.058362849675304765,0.1770000000000001,0.023199987163048108,0.025045562879727312
1.0,250,1012,moderate,0.41600000000000004,0,0.116,0.228,0.039169148857515684,0.13700000000000007,0.15992091888827525,0.1465393269817743
1.0,250,1013,moderate,0.36000000000000004,0,0.104,0.22,0.045352936937853194,0.35300000000000004,0.4600837140639561,0.47386015910822843
1.0,250,1014,moderate,0.36400000000000005,0,0.104,0.212,0.0450579873299088,0.22500000000000003,0.13672093172522687,0.06701599616597473
1.0,250,1015,moderate,0.36800000000000005,0,0.108,0.28,0.05429139485733956,0.16000000000000003,0.2258232417828667,0.10511927913908867
1.0,250,1016,moderate,0.388,0,0.1,0.276,0.059179576056459064,0.2250000000000001,0.10860465862613478,0.1311576706105072
1.0,250,1017,moderate,0.348,0,0.096,0.248,0.05063156678946006,0.13700000000000007,0.18188835985313917,0.20996397773030123
1.0,250,1018,moderate,0.332,0,0.116,0.244,0.044522154285504,0.264,0.4222976642684569,0.3917785922443484
1.0,250,1019,moderate,0.516,0,0.104,0.34,0.08127867015535026,0.21700000000000003,0.22459069558468223,0.13074486657984102
1.0,250,1020,moderate,0.35600000000000004,0,0.128,0.276,0.05146735750831676,0.192,0.37959532853691347,0.2525186384170981
1.0,250,1021,moderate,0.28400000000000003,0,0.128,0.228,0.031382939455839524,0.20900000000000002,0.13672093172522687,0.06297900343816212
1.0,250,1022,moderate,0.348,0,0.096,0.212,0.04293664583494564,0.16900000000000004,0.17082324178286667,0.3570017444653423
1.0,250,1023,moderate,0.41200000000000003,0,0.104,0.3,0.07672171936435095,0.21700000000000003,0.20262325461981837,0.16502088592861158
1.0,250,1024,moderate,0.324,0,0.112,0.232,0.04446221866808818,0.1610000000000001,0.13795347792341145,0.08361420295870067
1.0,250,1025,moderate,0.36800000000000005,0,0.092,0.264,0.055071670474835695,0.13700000000000007,0.13303719198736735,0.11717558181862534
1.0,250,1026,moderate,0.348,0,0.108,0.24,0.04662855586678856,0.12900000000000006,0.15992091888827528,0.16200464470302584
1.0,250,1027,moderate,0.38800000000000007,0,0.092,0.252,0.0511033810579648,0.14500000000000007,0.18188835985313914,0.21068857606009186
1.0,250,1028,moderate,0.34800000000000003,0,0.124,0.248,0.04361447262345633,0.24900000000000005,0.3344279004090015,0.28918287161342016
1.0,250,1029,moderate,0.40399999999999997,0,0.112,0.284,0.06186724137664095,0.19300000000000006,0.026883726900907706,0.16527548584610166
1.0,250,1000,strong,0.8360000000000002,0,0.036,0.416,0.13148721948877345,0.22500000000000003,0.1806558136549546,0.43818043844863286
1.0,250,1001,strong,0.7000000000000001,0,0.06,0.376,0.10931707196143804,0.21700000000000003,0.1586883726900907,0.11597550964097719
1.0,250,1002,strong,0.868,0,0.028,0.4,0.1337991861792224,0.16900000000000004,0.181888359853139,0.2485367367029211
1.0,250,1003,strong,0.8360000000000002,0,0.032,0.34,0.1248928429583626,0.20800000000000002,0.31369300564232194,0.16741224237655367
1.0,250,1004,strong,0.8680000000000001,0,0.024,0.424,0.13896122560708155,0.13700000000000007,0.20385580081800297,0.4591110431381379
1.0,250,1005,strong,0.8840000000000001,0,0.044,0.42,0.13620898975063608,0.22400000000000006,0.577302297220688,0.2694091473042478
1.0,250,1006,strong,0.7719999999999999,0,0.04,0.38,0.11711343029540018,0.06400000000000003,0.3746790426008695,0.37499999999999994
1.0,250,1007,strong,0.7160000000000001,0,0.048,0.396,0.11651990769344477,0.19200000000000006,0.2477906827477305,0.26204211822984547
1.0,250,1008,strong,0.876,0,0.048,0.396,0.13253762568501906,0.15300000000000008,0.13795347792341145,0.23742240667737208
1.0,250,1009,strong,0.852,0,0.036,0.42,0.13365960081074943,0.23200000000000004,0.3344279004090015,0.13758776965753924
1.0,250,1010,strong,0.836,0,0.016,0.38,0.12944325225965064,0.24900000000000005,0.3344279004090015,0.5000200744213723
1.0,250,1011,strong,0.8360000000000001,0,0.028,0.428,0.13634596518497427,0.22500000000000003,0.24655813654954611,0.6088513397954116
1.0,250,1012,strong,0.844,0,0.024,0.4,0.12991621231479245,0.20800000000000002,0.2685255775144099,0.5600557176959582
1.0,250,1013,strong,0.812,0,0.028,0.4,0.12983408215445164,0.18400000000000002,0.5113999743260965,0.4712051287641616
1.0,250,1014,strong,0.8520000000000001,0,0.044,0.396,0.12828440625769327,0.14400000000000004,0.3795953285369137,0.33193834036234526
1.0,250,1015,strong,0.852,0,0.036,0.396,0.13053054133888445,0.12900000000000006,0.18188835985313914,0.21784605883512836
1.0,250,1016,strong,0.74,0,0.036,0.384,0.11898832809238989,0.26400000000000007,0.4222976642684569,0.41259466960683167
1.0,250,1017,strong,0.7160000000000001,0,0.044,0.372,0.11189677783068147,0.25600000000000006,0.46746509239636896,0.30798047169361054
1.0,250,1018,strong,0.8040000000000002,0,0.04,0.408,0.12763837806692607,0.23199999999999998,0.3344279004090015,0.5249257413104822
1.0,250,1019,strong,0.7880000000000001,0,0.028,0.4,0.12551051306121289,0.29600000000000004,0.510167428127912,0.04369651058579241
1.0,250,1020,strong,0.8280000000000001,0,0.036,0.392,0.12707303236940384,0.17700000000000005,0.20385580081800286,0.27951683028311747
1.0,250,1021,strong,0.7560000000000001,0,0.048,0.32,0.11086728803193283,0.12100000000000005,0.17697207391709507,0.22767069582495353
1.0,250,1022,strong,0.7719999999999999,0,0.036,0.348,0.11322347616795535,0.20000000000000007,0.2697581237125944,0.03611631176410807
1.0,250,1023,strong,0.7720000000000001,0,0.04,0.416,0.12757568559704296,0.20800000000000002,0.2917255646774581,0.3058904155685313
1.0,250,1024,strong,0.7560000000000001,0,0.044,0.404,0.1206132478443208,0.21600000000000003,0.3795953285369135,0.06363257187762689
1.0,250,1025,strong,0.78,0,0.036,0.396,0.12803471751399653,0.16799999999999998,0.33566044660718586,0.1331874701633669
1.0,250,1026,strong,0.78,0,0.016,0.376,0.12616743724995852,0.272,0.6651720610801435,0.8092929676939747
1.0,250,1027,strong,0.812,0,0.048,0.392,0.12448650082996505,0.23200000000000004,0.4454976514315051,0.4056733601870415
1.0,250,1028,strong,0.868,0,0.04,0.44,0.13989837581457318,0.24900000000000005,0.31246045944413764,0.14413123789146715
1.0,250,1029,strong,0.796,0,0.036,0.376,0.12105462495180522,0.24100000000000005,0.24655813654954611,0.3713577716398577
1.0,500,1000,none,0.08400000000000003,0,0.11,0.22,0.033698005216266966,0.21700000000000003,0.14770465220765874,0.15679139320214874
1.0,500,1001,none,0.03599999999999999,0,0.102,0.212,0.036563491202138906,0.22500000000000003,0.2026232546198184,0.1967745852226592
1.0,500,1002,none,0.04799999999999999,0,0.092,0.21,0.0400610645001963,0.17700000000000005,0.12688835985313893,0.13738375271591144
1.0,500,1003,none,0.11599999999999998,0,0.112,0.224,0.034788248335066,0.1810000000000001,0.012216266680616122,0.018942951317555023
1.0,500,1004,none,0.07999999999999995,0,0.102,0.228,0.042010580677835065,0.189,0.09270465220765872,0.09895636956761009
1.0,500,1005,none,0.08000000000000004,0,0.128,0.198,0.02510422717835031,0.15300000000000008,0.08910231005763963,0.07646445741998639
1.0,500,1006,none,0.11600000000000002,0,0.088,0.232,0.049188977988524576,0.15300000000000008,0.10500231647611563,0.13789376149693905
1.0,500,1007,none,0.08,0,0.082,0.214,0.043338461235053354,0.1850000000000001,0.02803487551125175,0.04849693886263773
1.0,500,1008,none,0.11599999999999998,0,0.114,0.216,0.03619699189466194,0.24900000000000005,0.20254185703197797,0.2054846386068962
1.0,500,1009,none,0.104,0,0.108,0.24,0.044522154285504,0.23300000000000004,0.2245906955846822,0.24054928466118874
1.0,500,1010,none,0.096,0,0.09,0.204,0.03739280976634709,0.21300000000000002,0.21360697510225032,0.21121205176467958
1.0,500,1011,none,0.088,0,0.096,0.212,0.038706875645319425,0.24500000000000005,0.16967209317252258,0.16403995502794583
1.0,500,1012,none,0.07999999999999999,0,0.118,0.208,0.03554652663138209,0.15300000000000008,0.08910231005763963,0.10112723131810358
1.0,500,1013,none,0.05600000000000002,0,0.1,0.206,0.035093525835338285,0.21300000000000008,0.07565349717883901,0.09054006465271949
1.0,500,1014,none,0.11200000000000002,0,0.088,0.21,0.04237399621885521,0.1810000000000001,0.02803487551125175,0.03661424215769729
1.0,500,1015,none,0.09999999999999998,0,0.118,0.222,0.03977715704047013,0.1610000000000001,0.06713486909277583,0.06888628268135638
1.0,500,1016,none,0.09199999999999998,0,0.08,0.232,0.05195724738239658,0.1810000000000001,0.017051155028819848,0.029272606730414263
1.0,500,1017,none,0.03999999999999998,0,0.092,0.212,0.04293664583494565,0.19300000000000006,0.07081860883063543,0.08601022879265122
1.0,500,1018,none,0.084,0,0.076,0.23,0.04916186417223099,0.14900000000000008,0.1268883598531391,0.14528901626528307
1.0,500,1019,none,0.04799999999999999,0,0.098,0.214,0.03974362282877034,0.21300000000000008,0.07565349717883901,0.07792853085260956
1.0,500,1020,none,0.09999999999999999,0,0.112,0.214,0.03434465832637669,0.14900000000000008,0.11598603695854753,0.09680806149247376
1.0,500,1021,none,0.05999999999999994,0,0.098,0.212,0.045689775175147836,0.1810000000000001,0.028116273099092176,0.048594429785053184
1.0,500,1022,none,0.12,0,0.07,0.228,0.049324323501583764,0.1690000000000001,0.04516742812791194,0.05194662585358309
1.0,500,1023,none,0.10799999999999998,0,0.094,0.238,0.05128569217844507,0.1730000000000001,0.13795347792341145,0.17274460945947717
1.0,500,1024,none,0.072,0,0.11,0.226,0.03872409528388695,0.21300000000000002,0.1477046522076588,0.14927953900563448
1.0,500,1025,none,0.04000000000000001,0,0.094,0.214,0.04099864496405813,0.26500000000000007,0.21844186345045397,0.21887389309339156
1.0,500,1026,none,0.11200000000000003,0,0.072,0.24,0.051661290042825,0.12900000000000006,0.15500463295223119,0.16348871155780448
1.0,500,1027,none,0.07200000000000001,0,0.098,0.232,0.04358389100981641,0.1770000000000001,0.028116273099092204,0.04529773452680941
1.0,500,1028,none,0.04799999999999996,0,0.088,0.216,0.04527937965809848,0.189,0.14762325461981834,0.14217792695695877
1.0,500,1029,none,0.112,0,0.108,0.202,0.03482655436429061,0.15300000000000008,0.12688835985313912,0.17600354781723196
1.0,500,1000,moderate,0.376,0,0.088,0.256,0.054682924411759676,0.1770000000000001,0.12696975744097955,0.05550051247645829
1.0,500,1001,moderate,0.38400000000000006,0,0.114,0.26,0.049714741833339085,0.189,0.13672093172522687,0.012441125447038626
1.0,500,1002,moderate,0.42400000000000004,0,0.104,0.292,0.06186724137664096,0.18,0.31369300564232194,0.20212704752049365
1.0,500,1003,moderate,0.436,0,0.1,0.262,0.05289822513300633,0.25700000000000006,0.257541857031978,0.25887275600581766
1.0,500,1004,moderate,0.452,0,0.112,0.288,0.06255308856394613,0.18500000000000005,0.17090463937070705,0.09601475886312644
1.0,500,1005,moderate,0.38800000000000007,0,0.122,0.256,0.046728530423666814,0.22000000000000003,0.3014767389617057,0.2880666869386619
1.0,500,1006,moderate,0.4360000000000001,0,0.096,0.272,0.05613871708148981,0.12100000000000005,0.17697207391709502,0.12612515791754902
1.0,500,1007,moderate,0.39200000000000007,0,0.108,0.264,0.05284778982028378,0.16399999999999998,0.34664416708961776,0.24111127625228393
1.0,500,1008,moderate,0.4039999999999999,0,0.084,0.24,0.05453643022991349,0.19300000000000006,0.09278604979549934,0.08709376569006069
1.0,500,1009,moderate,0.4000000000000001,0,0.118,0.268,0.04906684782575254,0.1650000000000001,0.09393719840584333,0.15136175458255213
1.0,500,1010,moderate,0.4400000000000001,0,0.104,0.26,0.05080244963472617,0.20500000000000002,0.257541857031978,0.12627519294777717
1.0,500,1011,moderate,0.4000000000000001,0,0.088,0.272,0.05733720917131872,0.189,0.1806558136549546,0.05888204013644868
1.0,500,1012,moderate,0.376,0,0.092,0.272,0.05756928193248743,0.17200000000000004,0.2477906827477305,0.14861280323896806
1.0,500,1013,moderate,0.36400000000000005,0,0.13,0.26,0.04444722213542209,0.201,0.21360697510225032,0.18984102972925715
1.0,500,1014,moderate,0.36400000000000005,0,0.112,0.252,0.05179017495840522,0.193,0.13672093172522684,0.17956900606558968
1.0,500,1015,moderate,0.38400000000000006,0,0.108,0.248,0.05155795013596082,0.12900000000000006,0.15500463295223124,0.1237034175978099
1.0,500,1016,moderate,0.26,0,0.128,0.204,0.028790430508918913,0.197,0.07073721124279483,0.20021954304223816
1.0,500,1017,moderate,0.35999999999999993,0,0.112,0.282,0.058647724214632185,0.20900000000000007,0.07081860883063545,0.15367199405109222
1.0,500,1018,moderate,0.324,0,0.112,0.24,0.04773072618578332,0.1690000000000001,0.0720511550288199,0.09694905183782318
1.0,500,1019,moderate,0.384,0,0.1,0.268,0.05235349929936765,0.1850000000000001,0.03909999358152408,0.09687624840313822
1.0,500,1020,moderate,0.38000000000000006,0,0.102,0.298,0.06658995586589785,0.2,0.31369300564232194,0.12056754198932859
1.0,500,1021,moderate,0.39200000000000007,0,0.108,0.262,0.05146735750831676,0.20100000000000007,0.04885116786577162,0.12729845537832618
1.0,500,1022,moderate,0.4120000000000001,0,0.112,0.28,0.05526501806950056,0.24100000000000005,0.2136069751022503,0.07845196729593173
1.0,500,1023,moderate,0.4160000000000001,0,0.102,0.28,0.05950536857199432,0.1650000000000001,0.06106743454638794,0.22634279233655893
1.0,500,1024,moderate,0.472,0,0.092,0.27,0.06054933709151755,0.15300000000000008,0.09401859599368373,0.11617552849795751
1.0,500,1025,moderate,0.376,0,0.11,0.22,0.043645032808887756,0.22100000000000003,0.12573721124279488,0.18742286880035047
1.0,500,1026,moderate,0.36000000000000004,0,0.106,0.27,0.05347481234708128,0.2770000000000001,0.2513930248977498,0.3042748261151044
1.0,500,1027,moderate,0.4080000000000001,0,0.096,0.262,0.060372915192898294,0.1770000000000001,0.12696975744097955,0.02284210950727214
1.0,500,1028,moderate,0.38799999999999996,0,0.106,0.282,0.0598516684999025,0.15700000000000008,0.09401859599368373,0.1359510580200824
1.0,500,1029,moderate,0.34400000000000003,0,0.116,0.258,0.04879435304304064,0.08000000000000004,0.330744160671142,0.28447448468216996
1.0,500,1000,strong,0.8120000000000002,0,0.034,0.38,0.12430964921875089,0.201,0.07073721124279483,0.3921726540966007
1.0,500,1001,strong,0.8240000000000001,0,0.054,0.384,0.12361589254173143,0.13700000000000007,0.20385580081800297,0.3190139531494713
1.0,500,1002,strong,0.784,0,0.032,0.374,0.12188336865854815,0.1650000000000001,0.14893719840584338,0.06414277798770474
1.0,500,1003,strong,0.8000000000000002,0,0.04,0.386,0.12148891124524723,0.23300000000000004,0.3344279004090015,0.38947568086275225
1.0,500,1004,strong,0.7240000000000001,0,0.054,0.39,0.11710773767015663,0.21600000000000003,0.2904930184792738,0.07926296877590874
1.0,500,1005,strong,0.7960000000000002,0,0.042,0.394,0.12358353000658658,0.201,0.1916395341373865,0.20728523976532276
1.0,500,1006,strong,0.8720000000000001,0,0.018,0.396,0.1357088386542634,0.23600000000000004,0.3454116208914334,0.15958082999273693
1.0,500,1007,strong,0.7959999999999999,0,0.04,0.394,0.12220565544287311,0.236,0.3454116208914334,0.07775301181161862
1.0,500,1008,strong,0.7720000000000001,0,0.04,0.378,0.11888743508976136,0.24500000000000005,0.31246045944413764,0.41098205402746235
1.0,500,1009,strong,0.7840000000000001,0,0.046,0.374,0.11934078189044273,0.17600000000000005,0.21483952130043477,0.1928466319104417
1.0,500,1010,strong,0.768,0,0.036,0.37,0.1200370313232083,0.23200000000000004,0.3344279004090015,0.1441543884711273
1.0,500,1011,strong,0.8040000000000002,0,0.036,0.4,0.12539891901004924,0.172,0.35762788757204966,0.205527633901484
1.0,500,1012,strong,0.772,0,0.028,0.372,0.11833098589220925,0.296,0.510167428127912,0.5899333466472815
1.0,500,1013,strong,0.816,0,0.052,0.402,0.12533510637043754,0.193,0.12573721124279486,0.14205353175270438
1.0,500,1014,strong,0.7960000000000002,0,0.05,0.394,0.122232928823983,0.26000000000000006,0.5333674152909605,0.2618110323919814
1.0,500,1015,strong,0.876,0,0.034,0.43,0.13843249457968876,0.19700000000000006,0.04885116786577165,0.4026178634668653
1.0,500,1016,strong,0.756,0,0.05,0.356,0.112727794068524,0.19200000000000006,0.26975812371259433,0.21168462650172462
1.0,500,1017,strong,0.804,0,0.052,0.378,0.12160409349835044,0.1770000000000001,0.13795347792341145,0.23326517946251604
1.0,500,1018,strong,0.884,0,0.044,0.416,0.13598856161048578,0.284,0.4772162666806162,0.3163470484359164
1.0,500,1019,strong,0.7480000000000001,0,0.038,0.398,0.12153280307070277,0.24000000000000005,0.3563953413738653,0.3443840111884562
1.0,500,1020,strong,0.7840000000000001,0,0.048,0.424,0.1281232045944666,0.16800000000000004,0.2807418441950263,0.09518606900890605
1.0,500,1021,strong,0.8560000000000001,0,0.03,0.416,0.13743685418725535,0.22800000000000004,0.5113999743260966,0.5239489146172593
1.0,500,1022,strong,0.7720000000000001,0,0.036,0.376,0.11925136849901928,0.21300000000000002,0.20262325461981842,0.12754581264017528
1.0,500,1023,strong,0.824,0,0.036,0.39,0.1260775775288991,0.26,0.411313943786025,0.253238632998274
1.0,500,1024,strong,0.8280000000000002,0,0.034,0.384,0.1251008482074451,0.13600000000000007,0.2477906827477307,0.18947070112800346
1.0,500,1025,strong,0.8200000000000001,0,0.034,0.39,0.1274606693149782,0.18000000000000005,0.26975812371259433,0.3241855130084489
1.0,500,1026,strong,0.812,0,0.028,0.426,0.13310981264438101,0.20400000000000001,0.3795953285369135,0.21877480576458946
1.0,500,1027,strong,0.808,0,0.03,0.41,0.13002392942155772,0.1730000000000001,0.14893719840584335,0.1643193044288186
1.0,500,1028,strong,0.7719999999999999,0,0.04,0.394,0.12100505039965159,0.22800000000000004,0.3905790490193454,0.2330876814264245
1.0,500,1029,strong,0.7880000000000001,0,0.03,0.364,0.12077343342897155,0.18900000000000006,0.08180232931306738,0.3508757280892897
1.0,1000,1000,none,0.05599999999999994,0,0.089,0.218,0.04643155057597031,0.13600000000000007,0.21483952130043488,0.2279324313728513
1.0,1000,1001,none,0.038000000000000034,0,0.099,0.201,0.0344222150491349,0.1870000000000001,0.09827791003671543,0.09568912830949752
1.0,1000,1002,none,0.09000000000000005,0,0.097,0.224,0.039190418330108306,0.189,0.08721279196644277,0.06980684874242368
1.0,1000,1003,none,0.06200000000000003,0,0.096,0.213,0.03849098018439587,0.20700000000000007,0.09278604979549943,0.09436591171686709
1.0,1000,1004,none,0.09200000000000001,0,0.104,0.223,0.03752628708281999,0.1770000000000001,0.07205115502881992,0.07395441945514541
1.0,1000,1005,none,0.034,0,0.096,0.204,0.036777106405419605,0.15300000000000008,0.08910231005763969,0.08268898752481468
1.0,1000,1006,none,0.04800000000000003,0,0.106,0.201,0.03237626016423488,0.20500000000000007,0.05368605621397515,0.05548580579259227
1.0,1000,1007,none,0.03799999999999998,0,0.091,0.21,0.04268359039360312,0.1650000000000001,0.13795347792341142,0.14700323518097352
1.0,1000,1008,none,0.053999999999999965,0,0.089,0.215,0.046045870848776684,0.19100000000000006,0.03237558714212371,0.04462177919385485
1.0,1000,1009,none,0.05600000000000002,0,0.093,0.212,0.03888301542947626,0.19300000000000006,0.04885116786577162,0.04315285897446078
1.0,1000,1010,none,0.07400000000000004,0,0.094,0.205,0.03509352583533828,0.19900000000000007,0.03721047549032716,0.03265726340095243
1.0,1000,1011,none,0.03199999999999999,0,0.104,0.207,0.035616787552438745,0.1790000000000001,0.039099993581524106,0.03643727965984864
1.0,1000,1012,none,0.07800000000000003,0,0.107,0.217,0.033569165746096356,0.1730000000000001,0.05557557430517196,0.03242655420366436
1.0,1000,1013,none,0.058000000000000024,0,0.1,0.225,0.03883154502320103,0.19500000000000006,0.026226755007895258,0.02634788336814095
1.0,1000,1014,none,0.057999999999999996,0,0.096,0.218,0.04140719207523683,0.203,0.06524535100157891,0.07471134990938069
1.0,1000,1015,none,0.03599999999999999,0,0.106,0.209,0.03737497677442608,0.22900000000000004,0.11958837910856668,0.116914470341863
1.0,1000,1016,none,0.04799999999999997,0,0.108,0.214,0.039676469376977365,0.1830000000000001,0.0067244064394002545,0.005861954839427724
1.0,1000,1017,none,0.061999999999999986,0,0.114,0.205,0.03553714801287364,0.19300000000000006,0.09278604979549934,0.09690744340701002
1.0,1000,1018,none,0.04000000000000001,0,0.097,0.217,0.04078262157123083,0.1830000000000001,0.06655929478760386,0.06643324272415621
1.0,1000,1019,none,0.059999999999999915,0,0.094,0.222,0.04615433048178927,0.2370000000000001,0.14155582007343065,0.1403733689729587
1.0,1000,1020,none,0.038000000000000006,0,0.1,0.208,0.03564485314257243,0.22100000000000003,0.09762093814370273,0.09581330958506051
1.0,1000,1021,none,0.061999999999999986,0,0.116,0.205,0.03119650977629103,0.13700000000000007,0.13303719198736735,0.1325158122651897
1.0,1000,1022,none,0.08400000000000003,0,0.102,0.217,0.03440768647975171,0.1750000000000001,0.033608133340308155,0.025295053083511626
1.0,1000,1023,none,0.05200000000000002,0,0.099,0.209,0.035396170539888756,0.19700000000000006,0.04885116786577165,0.03915649962998219
1.0,1000,1024,none,0.025999999999999968,0,0.098,0.207,0.0403718824045757,0.13900000000000007,0.1275453317461514,0.12758501260602134
1.0,1000,1025,none,0.07399999999999998,0,0.091,0.221,0.04746109517863611,0.1710000000000001,0.07196975744097944,0.05110456958154816
1.0,1000,1026,none,0.034000000000000016,0,0.102,0.199,0.03354433219222321,0.1850000000000001,0.006148832134228316,0.0029482116878941644
1.0,1000,1027,none,0.036000000000000004,0,0.1,0.217,0.039465878370505775,0.14300000000000007,0.13246161768219547,0.13667044111378712
1.0,1000,1028,none,0.04199999999999998,0,0.094,0.216,0.04196691818828519,0.19100000000000006,0.0433593076245557,0.05496654311102592
1.0,1000,1029,none,0.044000000000000025,0,0.109,0.202,0.031340424729448424,0.15300000000000008,0.14885580081800293,0.15991759884692094
1.0,1000,1000,moderate,0.38200000000000006,0,0.098,0.276,0.0572237324504052,0.21100000000000002,0.23557441606711416,0.2094262536152524
1.0,1000,1001,moderate,0.4220000000000001,0,0.106,0.265,0.05676755724492253,0.13100000000000006,0.1495127727110153,0.1712185250098407
1.0,1000,1002,moderate,0.36000000000000004,0,0.11,0.266,0.05022836737232148,0.16500000000000004,0.176396499611923,0.11451404246411803
1.0,1000,1003,moderate,0.41400000000000003,0,0.107,0.25,0.049412099283025354,0.1650000000000001,0.0830348755112518,0.10107366248915295
1.0,1000,1004,moderate,0.34,0,0.106,0.237,0.0450912654759458,0.13000000000000006,0.2148395213004349,0.16160707480319636
1.0,1000,1005,moderate,0.34400000000000003,0,0.115,0.246,0.043667938912764,0.193,0.15868837269009067,0.06838785030600586
1.0,1000,1006,moderate,0.3980000000000001,0,0.107,0.27,0.055397553094779284,0.21700000000000003,0.12024535100157893,0.059897607855110696
1.0,1000,1007,moderate,0.4040000000000001,0,0.109,0.297,0.062339571880325115,0.15400000000000003,0.22582324178286667,0.08742868286208688
1.0,1000,1008,moderate,0.336,0,0.114,0.248,0.04676061970884855,0.191,0.21909883534346625,0.15720056857930453
1.0,1000,1009,moderate,0.4000000000000001,0,0.108,0.274,0.0585680990149264,0.203,0.14770465220765877,0.041919987712032813
1.0,1000,1010,moderate,0.42999999999999994,0,0.099,0.29,0.06220575178836403,0.17500000000000004,0.14893719840584319,0.04900480239473254
1.0,1000,1011,moderate,0.324,0,0.127,0.245,0.03945320716438089,0.203,0.19713139437860244,0.13512288793949814
1.0,1000,1012,moderate,0.36200000000000004,0,0.117,0.248,0.04872257063096003,0.21900000000000003,0.1036883726900906,0.23067834922320285
1.0,1000,1013,moderate,0.34800000000000003,0,0.114,0.25,0.04929390316143457,0.13500000000000006,0.1385290522285833,0.10360870044859172
1.0,1000,1014,moderate,0.37000000000000005,0,0.115,0.251,0.047629356027092735,0.23500000000000004,0.15868837269009073,0.15796781086841166
1.0,1000,1015,moderate,0.416,0,0.104,0.293,0.06410841511758723,0.1850000000000001,0.11049417671733161,0.07707366605049484
1.0,1000,1016,moderate,0.4260000000000001,0,0.112,0.271,0.05579625634594334,0.1790000000000001,0.11049417671733161,0.04645428026364329
1.0,1000,1017,moderate,0.36000000000000004,0,0.11,0.268,0.05324054428305139,0.197,0.1311476738961705,0.25142725740585975
1.0,1000,1018,moderate,0.31200000000000006,0,0.124,0.237,0.03839126057957577,0.191,0.14770465220765877,0.06633143560441454
1.0,1000,1019,moderate,0.38600000000000007,0,0.101,0.252,0.05318730007143518,0.18500000000000005,0.14344533816462723,0.05674575702294618
1.0,1000,1020,moderate,0.38800000000000007,0,0.107,0.248,0.052452094545615835,0.1650000000000001,0.05615114861034384,0.2016044335863347
1.0,1000,1021,moderate,0.336,0,0.11,0.228,0.042307078472625465,0.2270000000000001,0.11409651886735075,0.1700754585353656
1.0,1000,1022,moderate,0.318,0,0.113,0.242,0.043709902259734645,0.18500000000000005,0.1599209188882751,0.031680951260232876
1.0,1000,1023,moderate,0.38600000000000007,0,0.111,0.265,0.052194082252897435,0.17000000000000004,0.2368069622652986,0.1371516604937631
1.0,1000,1024,moderate,0.36000000000000004,0,0.105,0.262,0.0522323867176508,0.19300000000000006,0.1092616305191472,0.039437077009325056
1.0,1000,1025,moderate,0.34400000000000003,0,0.116,0.23,0.042730421117617004,0.22100000000000009,0.09827791003671535,0.11377876805959133
1.0,1000,1026,moderate,0.4060000000000001,0,0.103,0.267,0.05791276965306433,0.15300000000000008,0.08910231005763969,0.14718941315728676
1.0,1000,1027,moderate,0.36600000000000005,0,0.114,0.249,0.04873283173476469,0.203,0.22459069558468225,0.13659853975761896
1.0,1000,1028,moderate,0.35800000000000004,0,0.116,0.256,0.04528306035986918,0.195,0.12573721124279488,0.04587238864278004
1.0,1000,1029,moderate,0.3540000000000001,0,0.104,0.269,0.05105443717793348,0.21100000000000002,0.12573721124279486,0.1598816701714832
1.0,1000,1000,strong,0.7800000000000001,0,0.045,0.378,0.11990088499349044,0.20000000000000007,0.24655813654954614,0.0962469463849478
1.0,1000,1001,strong,0.79,0,0.036,0.401,0.12560475928704118,0.20100000000000007,0.10926163051914725,0.2230284597613205
1.0,1000,1002,strong,0.8220000000000002,0,0.039,0.387,0.12575461113701644,0.14600000000000002,0.3356604466071861,0.17082873616194533
1.0,1000,1003,strong,0.7780000000000001,0,0.047,0.389,0.11972700428706783,0.17000000000000004,0.28074184419502624,0.0489106679941832
1.0,1000,1004,strong,0.8220000000000001,0,0.041,0.415,0.13142255852359933,0.196,0.2862337044362422,0.26354633558569146
1.0,1000,1005,strong,0.7580000000000001,0,0.041,0.367,0.11518487555037576,0.18100000000000005,0.1928720803355709,0.2749992804597031
1.0,1000,1006,strong,0.8079999999999999,0,0.043,0.405,0.1263970815415539,0.15100000000000008,0.15992091888827528,0.11376300805174808
1.0,1000,1007,strong,0.8480000000000001,0,0.035,0.381,0.12806985940840604,0.16399999999999998,0.33566044660718586,0.2838147810883666
1.0,1000,1008,strong,0.808,0,0.037,0.365,0.12224383647266455,0.18400000000000005,0.26975812371259433,0.06144835697937978
1.0,1000,1009,strong,0.808,0,0.037,0.4,0.1255808725704498,0.1670000000000001,0.14344533816462743,0.1492381536468931
1.0,1000,1010,strong,0.7880000000000001,0,0.038,0.391,0.12300632323403361,0.23200000000000004,0.3344279004090015,0.16728588290869675
1.0,1000,1011,strong,0.8660000000000001,0,0.027,0.428,0.13723054405715304,0.1730000000000001,0.1324616176821955,0.23867367328485734
1.0,1000,1012,strong,0.8540000000000001,0,0.034,0.415,0.13507487635464346,0.192,0.3301685863659698,0.04110092283931155
1.0,1000,1013,strong,0.7420000000000001,0,0.055,0.391,0.116702851531381,0.197,0.19713139437860244,0.16570983208941703
1.0,1000,1014,strong,0.806,0,0.036,0.385,0.12333108106051596,0.17600000000000005,0.2807418441950263,0.17085416006850002
1.0,1000,1015,strong,0.8260000000000002,0,0.043,0.385,0.12551582458886298,0.186,0.31369300564232194,0.04803164652254746
1.0,1000,1016,strong,0.8100000000000002,0,0.035,0.408,0.1285543551274021,0.19800000000000006,0.2697581237125944,0.0719504904005216
1.0,1000,1017,strong,0.7700000000000001,0,0.055,0.392,0.11825772232242972,0.17700000000000005,0.20385580081800286,0.07833686232432577
1.0,1000,1018,strong,0.7360000000000001,0,0.047,0.396,0.11918845954575001,0.17300000000000004,0.18188835985313898,0.0922259777800449
1.0,1000,1019,strong,0.826,0,0.047,0.37,0.1225869306066334,0.21200000000000002,0.2795092979968419,0.11196771057761434
1.0,1000,1020,strong,0.8000000000000002,0,0.05,0.395,0.12287346698489829,0.191,0.13122907148401086,0.1615468468471231
1.0,1000,1021,strong,0.7800000000000001,0,0.044,0.372,0.11878645639222606,0.15000000000000008,0.2203313815416509,0.05512188627588946
1.0,1000,1022,strong,0.8340000000000001,0,0.043,0.428,0.13436476059178942,0.21000000000000002,0.37959532853691347,0.19044852096474962
1.0,1000,1023,strong,0.7899999999999999,0,0.042,0.387,0.12115233752961142,0.16600000000000004,0.2368069622652986,0.1220656395763888
1.0,1000,1024,strong,0.786,0,0.049,0.382,0.12059942878066307,0.19200000000000006,0.26975812371259433,0.09760165604423371
1.0,1000,1025,strong,0.804,0,0.04,0.391,0.12444499007816891,0.13600000000000007,0.21483952130043488,0.16406525691263985
1.0,1000,1026,strong,0.788,0,0.038,0.394,0.12426003201172754,0.194,0.3246767261247539,0.2169329370874306
1.0,1000,1027,strong,0.794,0,0.041,0.376,0.12108353406728027,0.15599999999999997,0.2917255646774581,0.12629603097311395
1.0,1000,1028,strong,0.7720000000000001,0,0.054,0.38,0.11626645642182826,0.19100000000000006,0.10376977027793133,0.1580760211673427
1.0,1000,1029,strong,0.802,0,0.037,0.399,0.12567108745539773,0.18700000000000006,0.15319651244887475,0.13664954373630675
1.0,2000,1000,none,0.02999999999999997,0,0.094,0.21,0.04042448378011634,0.1840000000000001,0.06381336466699591,0.06646731573929143
1.0,2000,1001,none,0.030999999999999986,0,0.105,0.204,0.03479423643204272,0.1800000000000001,0.04176452611429163,0.04651974208238696
1.0,2000,1002,none,0.03900000000000001,0,0.091,0.207,0.040124459151772034,0.18900000000000006,0.013154076297867828,0.017281496343060032
1.0,2000,1003,none,0.029999999999999957,0,0.102,0.2045,0.03732365946093115,0.1700000000000001,0.04242149800730405,0.04361557737075222
1.0,2000,1004,none,0.031,0,0.097,0.2125,0.03907649193853285,0.21200000000000002,0.08446686184583477,0.08323547861691499
1.0,2000,1005,none,0.033,0,0.099,0.205,0.036505326856349184,0.2,0.1201639534137385,0.12166712644642932
1.0,2000,1006,none,0.04600000000000001,0,0.093,0.216,0.04193414148664812,0.20800000000000007,0.061923846575799024,0.061112442596971905
1.0,2000,1007,none,0.039999999999999994,0,0.1045,0.209,0.03452736434900424,0.18800000000000006,0.06258081846881153,0.06018136538322999
1.0,2000,1008,none,0.05700000000000001,0,0.1125,0.213,0.03337622240790923,0.15600000000000008,0.0967645261142917,0.0972415740170555
1.0,2000,1009,none,0.03899999999999998,0,0.0995,0.2145,0.03893120713372356,0.1600000000000001,0.18463428997374715,0.19192923751608026
1.0,2000,1010,none,0.05500000000000002,0,0.09,0.2165,0.04076627146169844,0.21700000000000008,0.08663721766127092,0.08645574301149414
1.0,2000,1011,none,0.03199999999999999,0,0.104,0.212,0.037998537983571015,0.20300000000000007,0.04819419597275909,0.048509774860087174
1.0,2000,1012,none,0.04199999999999997,0,0.113,0.208,0.03678956675774019,0.18800000000000006,0.007580818468811479,0.005744145548823881
1.0,2000,1013,none,0.05100000000000003,0,0.1125,0.202,0.03143202542347888,0.1720000000000001,0.04451045623489963,0.0490154414400798
1.0,2000,1014,none,0.019999999999999976,0,0.103,0.204,0.03550312975249115,0.1800000000000001,0.07754301527003585,0.07136616245857544
1.0,2000,1015,none,0.03999999999999998,0,0.0905,0.2065,0.04126809367484226,0.21700000000000003,0.13114767389617046,0.1265151102060569
1.0,2000,1016,none,0.04300000000000001,0,0.0975,0.2145,0.038258622847957065,0.20500000000000002,0.12299128112218694,0.1243440520760136
1.0,2000,1017,none,0.039999999999999994,0,0.111,0.1985,0.032971789288555285,0.18900000000000006,0.018564538951243353,0.022460764378890913
1.0,2000,1018,none,0.020000000000000018,0,0.0935,0.2,0.038259711911559864,0.197,0.06799128112218686,0.07002212324039336
1.0,2000,1019,none,0.033,0,0.099,0.207,0.03801498242652348,0.19800000000000006,0.054261630519147175,0.05464592193423909
1.0,2000,1020,none,0.05500000000000002,0,0.101,0.2205,0.03808944152328248,0.19100000000000006,0.015243034525463328,0.011926413473920233
1.0,2000,1021,none,0.014999999999999986,0,0.1015,0.2045,0.03798537730349521,0.1830000000000001,0.017132552616660274,0.016851499105082324
1.0,2000,1022,none,0.04200000000000001,0,0.0935,0.2175,0.04058187882403781,0.1620000000000001,0.06438893897216785,0.06371768470860262
1.0,2000,1023,none,0.015,0,0.104,0.202,0.03731361086193021,0.1870000000000001,0.048769770277931335,0.049180939604768825
1.0,2000,1024,none,0.036999999999999936,0,0.1105,0.2045,0.036688629785746364,0.1770000000000001,0.08020754780280342,0.07691508662885213
1.0,2000,1025,none,0.04200000000000001,0,0.0975,0.2075,0.03624990421443283,0.1850000000000001,0.017051155028819848,0.025556086141194867
1.0,2000,1026,none,0.04999999999999999,0,0.0945,0.2185,0.043192077462835196,0.2260000000000001,0.11475349076036323,0.1306422564432414
1.0,2000,1027,none,0.04500000000000001,0,0.1175,0.2005,0.03070920962114714,0.1800000000000001,0.06106743454638794,0.05777403609703641
1.0,2000,1028,none,0.046999999999999986,0,0.0865,0.208,0.04263670823233061,0.21900000000000003,0.09545058232826667,0.09119711570023917
1.0,2000,1029,none,0.04200000000000001,0,0.1,0.216,0.03909781181714508,0.20100000000000007,0.046023840157323276,0.045544384420264844
1.0,2000,1000,moderate,0.37200000000000005,0,0.1035,0.257,0.052381347401107926,0.1800000000000001,0.0830348755112518,0.035113063060225574
1.0,2000,1001,moderate,0.38,0,0.0995,0.269,0.05704286886972717,0.18800000000000006,0.057088958227595576,0.04471353897760266
1.0,2000,1002,moderate,0.381,0,0.113,0.2665,0.05148354645472236,0.1800000000000001,0.07479708514942787,0.04981378265659481
1.0,2000,1003,moderate,0.36600000000000005,0,0.107,0.252,0.05163870210951817,0.1660000000000001,0.0830348755112518,0.06873759118169953
1.0,2000,1004,moderate,0.379,0,0.109,0.2745,0.05546745792704844,0.15300000000000008,0.12147789719976354,0.08507250881774797
1.0,2000,1005,moderate,0.384,0,0.104,0.267,0.05371348889142176,0.21000000000000002,0.2026232546198184,0.11462504657191422
1.0,2000,1006,moderate,0.3690000000000001,0,0.1145,0.2725,0.051879400750415604,0.20600000000000007,0.10651570039853922,0.13512166273325443
1.0,2000,1007,moderate,0.38500000000000006,0,0.105,0.2705,0.054092256582825446,0.17700000000000005,0.17365056949131505,0.11801126762179853
1.0,2000,1008,moderate,0.38000000000000006,0,0.1075,0.2695,0.05376931177622501,0.19200000000000006,0.0433593076245557,0.11003585379507644
1.0,2000,1009,moderate,0.3650000000000001,0,0.1045,0.267,0.051829581857811245,0.1680000000000001,0.1297156875615875,0.08043325743403745
1.0,2000,1010,moderate,0.372,0,0.0995,0.2505,0.0516967654264322,0.1690000000000001,0.08028894539064382,0.08131454784305336
1.0,2000,1011,moderate,0.3770000000000001,0,0.112,0.26,0.04947193368185867,0.1740000000000001,0.11598603695854753,0.029524383887541472
1.0,2000,1012,moderate,0.38100000000000006,0,0.1075,0.269,0.0525877573416306,0.14200000000000007,0.13520754780280347,0.1003589974421879
1.0,2000,1013,moderate,0.386,0,0.106,0.286,0.06022088969415476,0.16100000000000003,0.24779068274773056,0.12102167950440473
1.0,2000,1014,moderate,0.3470000000000001,0,0.1115,0.2545,0.04964429026137403,0.193,0.17241802329313055,0.04959700721856475
1.0,2000,1015,moderate,0.359,0,0.112,0.2425,0.043638349597063766,0.1800000000000001,0.052748246596723586,0.13786318648643092
1.0,2000,1016,moderate,0.402,0,0.1085,0.2705,0.05700779673771728,0.18800000000000006,0.2148395213004347,0.07619762914065109
1.0,2000,1017,moderate,0.375,0,0.113,0.2505,0.04822919816413658,0.18200000000000005,0.1571749887676671,0.07422855437158182
1.0,2000,1018,moderate,0.39200000000000007,0,0.1085,0.2525,0.047627606373708185,0.1810000000000001,0.11873196707915559,0.03946112726585116
1.0,2000,1019,moderate,0.35300000000000004,0,0.12,0.2585,0.04862069746745949,0.18100000000000005,0.1297156875615873,0.04660439876933023
1.0,2000,1020,moderate,0.32500000000000007,0,0.1175,0.25,0.04520017207440206,0.1680000000000001,0.0885267357524678,0.028375440165681914
1.0,2000,1021,moderate,0.38800000000000007,0,0.1035,0.262,0.05313635499563573,0.15900000000000009,0.14893719840584335,0.08461818358391554
1.0,2000,1022,moderate,0.3610000000000001,0,0.121,0.263,0.04873197672530385,0.1690000000000001,0.14069940804401945,0.06671150648196378
1.0,2000,1023,moderate,0.38600000000000007,0,0.1115,0.263,0.052008546306245566,0.1770000000000001,0.023199987163048108,0.10785755346423687
1.0,2000,1024,moderate,0.35000000000000003,0,0.11,0.2475,0.05008714627748542,0.17700000000000005,0.18738022009435493,0.06555953527333838
1.0,2000,1025,moderate,0.34900000000000003,0,0.114,0.262,0.050429543810041444,0.2,0.1531965124488747,0.0877336533793468
1.0,2000,1026,moderate,0.387,0,0.108,0.264,0.05317868202787864,0.1710000000000001,0.12147789719976354,0.034360911978263964
1.0,2000,1027,moderate,0.35100000000000003,0,0.1155,0.2565,0.049243160833651704,0.20900000000000002,0.1202453510015789,0.1090396494610674
1.0,2000,1028,moderate,0.37200000000000005,0,0.12,0.26,0.04833103442808657,0.1860000000000001,0.037786049795499405,0.18979288698506774
1.0,2000,1029,moderate,0.36600000000000005,0,0.1145,0.269,0.051912319240127285,0.1770000000000001,0.1214778971997636,0.006829908419071884
1.0,2000,1000,strong,0.804,0,0.0365,0.4075,0.12821520537318842,0.16900000000000004,0.19836394057678686,0.04403699571598935
1.0,2000,1001,strong,0.782,0,0.042,0.378,0.11973361636937592,0.17800000000000005,0.15992091888827512,0.12043277868956032
1.0,2000,1002,strong,0.788,0,0.044,0.3985,0.12371427654972655,0.196,0.15594244256948273,0.09789107035017516
1.0,2000,1003,strong,0.758,0,0.0475,0.3815,0.11736363245154872,0.20700000000000007,0.265779647393802,0.0717904794542927
1.0,2000,1004,strong,0.812,0,0.0425,0.4045,0.12815246995495466,0.20000000000000007,0.2532825429889465,0.09858724613369116
1.0,2000,1005,strong,0.794,0,0.045,0.382,0.12182626518484793,0.21000000000000002,0.260287787152586,0.16058379893156383
1.0,2000,1006,strong,0.778,0,0.038,0.3785,0.1206015017411567,0.15700000000000003,0.2450447526271226,0.053418212150335403
1.0,2000,1007,strong,0.7940000000000002,0,0.0475,0.3785,0.11995647358752906,0.189,0.1916395341373865,0.10134588332405942
1.0,2000,1008,strong,0.8320000000000002,0,0.0395,0.3865,0.12689387516959025,0.17900000000000005,0.23406103214469062,0.13805488816491054
1.0,2000,1009,strong,0.8210000000000002,0,0.039,0.3985,0.1280213740834796,0.20400000000000001,0.2917255646774581,0.18829276686187618
1.0,2000,1010,strong,0.83,0,0.048,0.39,0.12556760020890032,0.15400000000000003,0.23955289238590655,0.1250840056253157
1.0,2000,1011,strong,0.812,0,0.0335,0.394,0.1265799044960227,0.16499999999999998,0.305455215280498,0.11241628777245721
1.0,2000,1012,strong,0.758,0,0.05,0.3925,0.11918076839639671,0.17100000000000004,0.24504475262712258,0.1311201654572186
1.0,2000,1013,strong,0.7800000000000001,0,0.043,0.39,0.12198315002035687,0.15700000000000003,0.20385580081800278,0.07511043187606192
1.0,2000,1014,strong,0.778,0,0.0385,0.368,0.1185360938936135,0.17900000000000005,0.18738022009435495,0.08574796192673362
1.0,2000,1015,strong,0.762,0,0.047,0.369,0.11644085289202506,0.14700000000000008,0.19287208033557104,0.060717976409230406
1.0,2000,1016,strong,0.798,0,0.0405,0.403,0.12671413584214755,0.17900000000000005,0.20385580081800286,0.010049230291020561
1.0,2000,1017,strong,0.8150000000000001,0,0.038,0.393,0.12649560818024033,0.18700000000000006,0.16418023293130665,0.1413982206485235
1.0,2000,1018,strong,0.782,0,0.0425,0.3925,0.12220088197535874,0.192,0.21086104498164232,0.02275681050915157
1.0,2000,1019,strong,0.8130000000000001,0,0.045,0.393,0.12529553951447042,0.17800000000000005,0.19287208033557088,0.12803953178898297
1.0,2000,1020,strong,0.7450000000000001,0,0.0445,0.3685,0.11370160753285573,0.185,0.2834877743156342,0.14602747441415387
1.0,2000,1021,strong,0.812,0,0.044,0.3945,0.125155458885695,0.18400000000000005,0.26152033335077046,0.05903044105242919
1.0,2000,1022,strong,0.812,0,0.041,0.3925,0.12579039002333295,0.22099999999999997,0.30422266908231366,0.06723802984526522
1.0,2000,1023,strong,0.798,0,0.0365,0.3885,0.12371798126743296,0.21000000000000002,0.31094707552171397,0.26935213641896494
1.0,2000,1024,strong,0.793,0,0.0455,0.393,0.1234755936297624,0.17500000000000004,0.2615203333507705,0.09213121545371736
1.0,2000,1025,strong,0.8070000000000002,0,0.0485,0.3985,0.12487482621498308,0.16100000000000003,0.20385580081800284,0.057581485780804825
1.0,2000,1026,strong,0.8070000000000002,0,0.044,0.4045,0.12734783948784614,0.17300000000000004,0.17639649961192302,0.1304114905418654
1.0,2000,1027,strong,0.7920000000000001,0,0.041,0.398,0.12420636949135187,0.17400000000000004,0.2532825429889465,0.12274212121143199
1.0,2000,1028,strong,0.8220000000000001,0,0.0365,0.4055,0.13032448819090842,0.21400000000000002,0.28500115823805794,0.10965330490351652
1.0,2000,1029,strong,0.8210000000000001,0,0.042,0.3875,0.12444666416671128,0.193,0.22733662570529017,0.09539943985529623
2.0,250,1000,none,0.104,0,0.108,0.224,0.0436755716110912,0.192,0.2007649879939813,0.19108629715476688
2.0,250,1001,none,0.144,0,0.072,0.236,0.05172577264338885,0.10499999999999998,0.22246625534172987,0.20484194202386247
2.0,250,1002,none,0.11600000000000002,0,0.096,0.228,0.04312256434345661,0.12099999999999994,0.12225214114199726,0.13653721515086759
2.0,250,1003,none,0.124,0,0.1,0.248,0.05324993479390896,0.04900000000000007,0.06494484392175662,0.06711898186963519
2.0,250,1004,none,0.16799999999999998,0,0.092,0.248,0.060383956662529346,0.19300000000000006,0.146670777746099,0.11600837124141242
2.0,250,1005,none,0.148,0,0.068,0.216,0.05157087894883657,0.10500000000000004,0.01735012006018724,0.024025465767702897
2.0,250,1006,none,0.22000000000000006,0,0.096,0.26,0.054291394857339546,0.08900000000000005,0.010850633673874288,0.0145403761915604
2.0,250,1007,none,0.039999999999999966,0,0.112,0.208,0.035377331097124265,0.06500000000000003,0.041431997069772686,0.03937802733994206
2.0,250,1008,none,0.128,0,0.124,0.232,0.03271425105702746,0.08800000000000002,0.14814559765581808,0.11377862865852773
2.0,250,1009,none,0.15999999999999995,0,0.112,0.236,0.04552898954390366,0.12100000000000005,0.05968790688207756,0.06674182024166506
2.0,250,1010,none,0.128,0,0.076,0.244,0.05078932521264242,0.12100000000000005,0.04086296691217137,0.03936228424316224
2.0,250,1011,none,0.06799999999999999,0,0.116,0.208,0.035074523834575745,0.06500000000000003,0.041431997069772686,0.027681281788399986
2.0,250,1012,none,0.116,0,0.108,0.196,0.037499629627800624,0.11200000000000002,0.13638917422982613,0.11756972223437231
2.0,250,1013,none,0.10000000000000002,0,0.084,0.2,0.04476109421758538,0.07300000000000004,0.02967557364378054,0.046641662170002096
2.0,250,1014,none,0.09999999999999996,0,0.076,0.224,0.05424225495148798,0.04099999999999998,0.10490202108181002,0.09896392593527276
2.0,250,1015,none,0.08,0,0.076,0.212,0.044522154285504,0.13500000000000004,0.25395340848974596,0.23723634787385717
2.0,250,1016,none,0.09999999999999998,0,0.056,0.216,0.05394647553105043,0.09700000000000003,0.01644433030806955,0.03244647851526733
2.0,250,1017,none,0.13599999999999995,0,0.1,0.244,0.05188020388891658,0.07999999999999999,0.10111990395185025,0.1304341765711888
2.0,250,1018,none,0.156,0,0.096,0.252,0.05259488779550938,0.032999999999999974,0.13548338447770847,0.13824113966969961
2.0,250,1019,none,0.051999999999999935,0,0.1,0.212,0.04324606597393827,0.07200000000000001,0.187196985063754,0.18265981262356312
2.0,250,1020,none,0.048,0,0.104,0.204,0.033119312928997925,0.21700000000000003,0.19279068169794922,0.2009277590673441
2.0,250,1021,none,0.08799999999999998,0,0.108,0.228,0.042687494916218996,0.0810000000000001,0.05787632737784215,0.047075686875886535
2.0,250,1022,none,0.08800000000000002,0,0.096,0.228,0.04517619825625978,0.18500000000000005,0.13491435432010712,0.1383009413416192
2.0,250,1023,none,0.13999999999999996,0,0.112,0.244,0.04719698672114095,0.08900000000000005,0.010850633673874288,0.03987896122252818
2.0,250,1024,none,0.08,0,0.108,0.212,0.03287687468250121,0.12800000000000006,0.10671360058604556,0.09055467290574015
2.0,250,1025,none,0.104,0,0.072,0.252,0.05669411100125146,0.097,0.15192771478577807,0.12391924567422583
2.0,250,1026,none,0.18800000000000006,0,0.088,0.244,0.049134735393835414,0.12000000000000002,0.1128763273778422,0.13198947293317162
2.0,250,1027,none,0.16000000000000003,0,0.144,0.224,0.0278727266138225,0.06500000000000003,0.041431997069772686,0.03714131168186863
2.0,250,1028,none,0.13999999999999999,0,0.092,0.212,0.039844140793290496,0.13700000000000007,0.11049571771600533,0.10938324979995004
2.0,250,1029,none,0.12400000000000001,0,0.092,0.232,0.04775865250285951,0.15200000000000005,0.15990202108181012,0.16465455528301878
2.0,250,1000,moderate,0.5,0,0.088,0.26,0.06386096007908292,0.11300000000000004,0.07144433030806963,0.16246885734225
2.0,250,1001,moderate,0.44400000000000006,0,0.092,0.264,0.06896053621859068,0.20800000000000002,0.22427783484596528,0.08407868714627978
2.0,250,1002,moderate,0.43599999999999994,0,0.088,0.292,0.0647731082746193,0.15999999999999998,0.15373929429001323,0.1155797468828946
2.0,250,1003,moderate,0.34800000000000003,0,0.112,0.22,0.04293664583494565,0.06400000000000003,0.0893634805258583,0.1002843910548353
2.0,250,1004,moderate,0.42,0,0.096,0.268,0.06042810236599819,0.16900000000000004,0.16549571771600546,0.059113434268568577
2.0,250,1005,moderate,0.42000000000000004,0,0.1,0.256,0.05664705542999467,0.12100000000000005,0.0949571771600535,0.08550003004661591
2.0,250,1006,moderate,0.37200000000000005,0,0.12,0.268,0.049781745873585255,0.12800000000000006,0.23044056163776197,0.12963385708332265
2.0,250,1007,moderate,0.41200000000000003,0,0.1,0.276,0.05904423953462542,0.15200000000000005,0.17165844450780213,0.047740346137820217
2.0,250,1008,moderate,0.44799999999999995,0,0.08,0.288,0.06603702665087888,0.184,0.18900856456798923,0.054313013850772696
2.0,250,1009,moderate,0.39200000000000007,0,0.112,0.264,0.049781745873585255,0.10500000000000004,0.03617506003009366,0.11434833652118681
2.0,250,1010,moderate,0.43600000000000005,0,0.084,0.28,0.0629779502859709,0.184,0.31273552561970586,0.1545550179507717
2.0,250,1011,moderate,0.404,0,0.076,0.236,0.05564969801255788,0.168,0.21868413821176996,0.027924088650561008
2.0,250,1012,moderate,0.38400000000000006,0,0.104,0.256,0.05172577264338886,0.16,0.17165844450780204,0.10868070633670229
2.0,250,1013,moderate,0.34800000000000003,0,0.116,0.232,0.04517619825625977,0.15200000000000002,0.14198287086402148,0.06378761235325625
2.0,250,1014,moderate,0.37600000000000006,0,0.104,0.228,0.040309910554215934,0.1610000000000001,0.11847002401203754,0.09039830194314621
2.0,250,1015,moderate,0.42800000000000005,0,0.084,0.268,0.06160808027812225,0.184,0.1890085645679893,0.1232172365173852
2.0,250,1016,moderate,0.436,0,0.108,0.316,0.07287127158367845,0.07100000000000001,0.15990202108181006,0.17425088312445658
2.0,250,1017,moderate,0.3960000000000001,0,0.112,0.28,0.05688194402053745,0.15100000000000005,0.27746625534173003,0.1802321996460256
2.0,250,1018,moderate,0.388,0,0.092,0.244,0.05702241274758159,0.21600000000000005,0.26570983191573794,0.12903665509726947
2.0,250,1019,moderate,0.35200000000000004,0,0.124,0.208,0.030433899228035535,0.07299999999999998,0.10490202108181004,0.2854041625108532
2.0,250,1020,moderate,0.4040000000000001,0,0.104,0.276,0.05771962885843564,0.16000000000000003,0.1537392942900133,0.13737403473056942
2.0,250,1021,moderate,0.364,0,0.088,0.24,0.04972814986392404,0.11200000000000002,0.11287632737784217,0.029709564658616766
2.0,250,1022,moderate,0.5559999999999999,0,0.08,0.312,0.08341595903795762,0.192,0.20076498799398115,0.15678879391261974
2.0,250,1023,moderate,0.38400000000000006,0,0.108,0.244,0.04662855586678856,0.184,0.1890085645679893,0.14827486360537478
2.0,250,1024,moderate,0.35200000000000004,0,0.104,0.22,0.04318435930853772,0.216,0.3009791021937138,0.21897553379850673
2.0,250,1025,moderate,0.41600000000000004,0,0.088,0.256,0.05771962885843563,0.168,0.20692771478577804,0.08802902573966756
2.0,250,1026,moderate,0.384,0,0.072,0.252,0.05555377774933243,0.0890000000000001,0.04611990395185023,0.1507154365298414
2.0,250,1027,moderate,0.35600000000000004,0,0.116,0.292,0.06038395666252933,0.13600000000000004,0.13638917422982616,0.053188962830298225
2.0,250,1028,moderate,0.228,0,0.132,0.204,0.021374959389175188,0.06400000000000003,0.07760705709986634,0.09338003181330781
2.0,250,1029,moderate,0.336,0,0.112,0.22,0.03991101212558871,0.16,0.195171291359786,0.16096238031436091
2.0,250,1000,strong,0.804,0,0.032,0.392,0.12467914376065024,0.12800000000000006,0.20692771478577804,0.15219803091458148
2.0,250,1001,strong,0.9,0,0.052,0.376,0.13297953058856674,0.224,0.3362483724716898,0.14211069182980168
2.0,250,1002,strong,0.804,0,0.032,0.384,0.12474329195948329,0.21600000000000003,0.23603425827195723,0.39805016752214145
2.0,250,1003,strong,0.8360000000000001,0,0.032,0.368,0.1274711296289826,0.21600000000000003,0.3362483724716897,0.23382633062906705
2.0,250,1004,strong,0.8680000000000001,0,0.036,0.428,0.1376113690393671,0.14400000000000004,0.1599020210818101,0.21967738026133032
2.0,250,1005,strong,0.812,0,0.036,0.352,0.12072374340709544,0.263,0.4420561833056175,0.2195333156091804
2.0,250,1006,strong,0.804,0,0.032,0.388,0.12578641509408806,0.25600000000000006,0.29481637540191724,0.23887753928854694
2.0,250,1007,strong,0.756,0,0.036,0.356,0.11842672371086219,0.24000000000000005,0.2713035285499332,0.41073759811559485
2.0,250,1008,strong,0.78,0,0.02,0.396,0.12740835486297156,0.12800000000000003,0.1128763273778422,0.215193881033322
2.0,250,1009,strong,0.7480000000000001,0,0.04,0.376,0.11608426058495422,0.168,0.25395340848974596,0.10755244120313653
2.0,250,1010,strong,0.7799999999999999,0,0.036,0.376,0.11889864965124242,0.14400000000000004,0.21868413821177005,0.19578827543631067
2.0,250,1011,strong,0.836,0,0.036,0.376,0.12542549802793512,0.11200000000000007,0.0893634805258583,0.13692495778733083
2.0,250,1012,strong,0.788,0,0.036,0.408,0.12757568559704296,0.21600000000000003,0.3480047958976817,0.22518414845482299
2.0,250,1013,strong,0.852,0,0.036,0.396,0.12979299758547155,0.18400000000000002,0.27746625534173,0.08026527372193004
2.0,250,1014,strong,0.7560000000000001,0,0.048,0.388,0.11795290962451452,0.22400000000000003,0.24779068169794927,0.1531780241966802
2.0,250,1015,strong,0.972,0,0.036,0.492,0.16032744271923285,0.07200000000000001,0.12463275080383412,0.2847422974021956
2.0,250,1016,strong,0.6920000000000001,0,0.036,0.348,0.10697455564551579,0.192,0.20076498799398115,0.1348470875793264
2.0,250,1017,strong,0.804,0,0.028,0.392,0.12713597270464233,0.20800000000000005,0.23044056163776194,0.16278269692539188
2.0,250,1018,strong,0.7720000000000001,0,0.048,0.392,0.11817877229952181,0.22400000000000003,0.24779068169794927,0.18608539012398395
2.0,250,1019,strong,0.7800000000000001,0,0.044,0.376,0.11718172022783908,0.216,0.31273552561970586,0.1409859870959268
2.0,250,1020,strong,0.7320000000000001,0,0.024,0.364,0.11495313054554984,0.31200000000000006,0.377111339383861,0.1197072359813306
2.0,250,1021,strong,0.804,0,0.028,0.376,0.12254341634249019,0.055999999999999994,0.10111990395185017,0.21479424815030349
2.0,250,1022,strong,0.884,0,0.032,0.416,0.13795973647731025,0.16,0.15990202108181006,0.13179316603535773
2.0,250,1023,strong,0.8520000000000001,0,0.032,0.412,0.13439576712911094,0.16799999999999998,0.16549571771600535,0.1180461303275604
2.0,250,1024,strong,0.7800000000000001,0,0.044,0.412,0.1274711296289826,0.2,0.2125214114199732,0.03278991214390459
2.0,250,1025,strong,0.8200000000000002,0,0.048,0.428,0.13175060615504666,0.20000000000000004,0.25395340848974596,0.09800352042754343
2.0,250,1026,strong,0.788,0,0.044,0.4,0.12414328638937974,0.168,0.19517129135978603,0.06685182587730767
2.0,250,1027,strong,0.8200000000000002,0,0.044,0.404,0.1269470580815308,0.13600000000000004,0.20692771478577812,0.11497974895176288
2.0,250,1028,strong,0.7960000000000002,0,0.052,0.404,0.122977866120516,0.22400000000000003,0.24779068169794918,0.24228546223794428
2.0,250,1029,strong,0.86,0,0.032,0.376,0.1297519000074972,0.24700000000000005,0.4185433364536336,0.08690202704224223
2.0,500,1000,none,0.07999999999999997,0,0.102,0.21,0.03813426572286691,0.10500000000000004,0.04793148345608564,0.03645206408095228
2.0,500,1001,none,0.148,0,0.08,0.232,0.049754955085454106,0.15300000000000008,0.1302264474380295,0.11336830869124723
2.0,500,1002,none,0.07200000000000002,0,0.114,0.204,0.02865115859592573,0.08400000000000005,0.08348526881286228,0.0816974183330299
2.0,500,1003,none,0.06399999999999996,0,0.102,0.206,0.036527006751473926,0.037000000000000005,0.08257947906074464,0.08405379133161217
2.0,500,1004,none,0.096,0,0.086,0.228,0.05185449728701349,0.03200000000000003,0.09433590248673657,0.0949426276448462
2.0,500,1005,none,0.09599999999999999,0,0.116,0.218,0.04167599895490076,0.09200000000000005,0.07172884538687035,0.05974415618651277
2.0,500,1006,none,0.08000000000000004,0,0.096,0.224,0.040144184579532255,0.14100000000000007,0.07025402547715132,0.07282592385708295
2.0,500,1007,none,0.10000000000000002,0,0.102,0.228,0.04180377441757569,0.11200000000000002,0.15990202108181012,0.15826121657813874
2.0,500,1008,none,0.06399999999999996,0,0.104,0.21,0.03556527644893104,0.09300000000000005,0.04233778682189035,0.03479124219381771
2.0,500,1009,none,0.07999999999999997,0,0.106,0.21,0.038551552786135895,0.08400000000000005,0.08348526881286228,0.08635974639910027
2.0,500,1010,none,0.084,0,0.114,0.226,0.04120949189473491,0.06800000000000003,0.06585063367387431,0.073632125238274
2.0,500,1011,none,0.132,0,0.116,0.23,0.04355328792282953,0.06499999999999997,0.09314559765581812,0.09341316352871398
2.0,500,1012,none,0.07999999999999997,0,0.098,0.218,0.0475207556991913,0.10500000000000004,0.022322542021065567,0.013843496445377551
2.0,500,1013,none,0.03599999999999999,0,0.102,0.204,0.034596081987544325,0.1650000000000001,0.11847002401203746,0.10654400345550044
2.0,500,1014,none,0.08399999999999998,0,0.084,0.222,0.049175422949093404,0.09700000000000003,0.03995717716005351,0.03388846597761308
2.0,500,1015,none,0.06799999999999998,0,0.096,0.208,0.03940671121635106,0.05300000000000002,0.05906663220876049,0.05384139616163258
2.0,500,1016,none,0.07600000000000004,0,0.092,0.198,0.03614169644914613,0.14900000000000008,0.10671360058604554,0.10777369968693057
2.0,500,1017,none,0.08399999999999998,0,0.112,0.22,0.04009433321001305,0.10100000000000003,0.03617506003009363,0.037914869348901536
2.0,500,1018,none,0.08800000000000002,0,0.128,0.198,0.02801586851926759,0.06900000000000003,0.03555378535677667,0.023014788636618544
2.0,500,1019,none,0.06799999999999994,0,0.112,0.214,0.041563873202043564,0.11700000000000005,0.03498475519917521,0.0316861936753105
2.0,500,1020,none,0.055999999999999994,0,0.096,0.218,0.04161196409153929,0.01700000000000007,0.11197053762572451,0.11472767420905547
2.0,500,1021,none,0.07599999999999998,0,0.098,0.222,0.040933550488023336,0.06500000000000003,0.041431997069772686,0.046132169522188765
2.0,500,1022,none,0.076,0,0.106,0.222,0.04022713291078824,0.13300000000000006,0.0584976020511592,0.05960540141071782
2.0,500,1023,none,0.05999999999999997,0,0.094,0.208,0.04264061704785968,0.09700000000000003,0.04793148345608553,0.050470858618535674
2.0,500,1024,none,0.07999999999999997,0,0.116,0.224,0.041435357955360894,0.14500000000000007,0.07613223719014711,0.07938502572811379
2.0,500,1025,none,0.08400000000000003,0,0.112,0.23,0.037392809766347096,0.11600000000000008,0.08936348052585827,0.08185233968051028
2.0,500,1026,none,0.12000000000000002,0,0.092,0.232,0.04453712558703756,0.09700000000000003,0.03995717716005351,0.043908437075018375
2.0,500,1027,none,0.027999999999999997,0,0.096,0.21,0.03901566636906542,0.09700000000000003,0.0538096951690816,0.05561805165941258
2.0,500,1028,none,0.06,0,0.09,0.208,0.03935592571505451,0.07200000000000004,0.07172884538687033,0.06980983140716254
2.0,500,1029,none,0.07199999999999998,0,0.124,0.21,0.03515047020390418,0.10900000000000004,0.039957177160053564,0.047906712540586205
2.0,500,1000,moderate,0.42400000000000004,0,0.114,0.31,0.06824140157476903,0.12400000000000003,0.10111990395185025,0.054362278199029834
2.0,500,1001,moderate,0.36800000000000005,0,0.112,0.234,0.03937286149395573,0.11200000000000002,0.14814559765581817,0.06731303913978004
2.0,500,1002,moderate,0.37200000000000005,0,0.112,0.262,0.04834137864075547,0.15599999999999997,0.14786108257701736,0.03481872188992338
2.0,500,1003,moderate,0.408,0,0.104,0.292,0.06258505323868381,0.14,0.12434823572503345,0.09986795843937116
2.0,500,1004,moderate,0.4120000000000001,0,0.102,0.266,0.05713920623257633,0.096,0.13638917422982616,0.06914271115094978
2.0,500,1005,moderate,0.408,0,0.112,0.284,0.05664705542999467,0.07300000000000004,0.03645957510889439,0.1429384766068432
2.0,500,1006,moderate,0.36800000000000005,0,0.116,0.254,0.044850368510811096,0.08400000000000005,0.08936348052585827,0.07130627079567892
2.0,500,1007,moderate,0.37600000000000006,0,0.118,0.258,0.04645667037382492,0.14800000000000005,0.14226738594282223,0.027828759641804313
2.0,500,1008,moderate,0.412,0,0.106,0.284,0.06046119049072351,0.088,0.11287632737784217,0.07034807521897604
2.0,500,1009,moderate,0.39200000000000007,0,0.108,0.246,0.044880087145884894,0.12000000000000002,0.14814559765581817,0.04452389705974924
2.0,500,1010,moderate,0.4200000000000001,0,0.086,0.274,0.05709251750935106,0.14,0.12434823572503345,0.045099124222544
2.0,500,1011,moderate,0.31600000000000006,0,0.118,0.216,0.0374284502603152,0.21600000000000003,0.23603425827195723,0.13988755847465018
2.0,500,1012,moderate,0.36,0,0.092,0.256,0.051415518625756905,0.10400000000000001,0.1422673859428222,0.06126834079163093
2.0,500,1013,moderate,0.35200000000000004,0,0.104,0.248,0.047013000566037286,0.14500000000000007,0.07613223719014717,0.16425383988833092
2.0,500,1014,moderate,0.376,0,0.09,0.266,0.05557777333511023,0.15600000000000003,0.14786108257701733,0.125663795604198
2.0,500,1015,moderate,0.384,0,0.1,0.264,0.05408224189961886,0.088,0.12463275080383418,0.04019277153606926
2.0,500,1016,moderate,0.36400000000000005,0,0.116,0.268,0.05191873992650011,0.11200000000000004,0.08320075373406158,0.0628210563508918
2.0,500,1017,moderate,0.3640000000000001,0,0.106,0.28,0.05429139485733957,0.14800000000000002,0.1361046591510255,0.0673769191429048
2.0,500,1018,moderate,0.34400000000000003,0,0.1,0.236,0.04226372229492123,0.12400000000000005,0.10083538887304958,0.06872043920881415
2.0,500,1019,moderate,0.36000000000000004,0,0.104,0.272,0.05887463139776098,0.12800000000000006,0.224562349924766,0.06922359753284246
2.0,500,1020,moderate,0.4280000000000001,0,0.108,0.276,0.056375723695773726,0.16,0.16578023279480605,0.08501541404848856
2.0,500,1021,moderate,0.45599999999999996,0,0.07,0.294,0.07109305326276416,0.11200000000000002,0.13638917422982613,0.07133320373794061
2.0,500,1022,moderate,0.35200000000000004,0,0.108,0.252,0.04563137322306027,0.22800000000000004,0.2536688934109451,0.20599886905726433
2.0,500,1023,moderate,0.37600000000000006,0,0.116,0.26,0.05278467791151351,0.10800000000000001,0.12463275080383421,0.05173309622765601
2.0,500,1024,moderate,0.36800000000000005,0,0.104,0.232,0.05101198116347005,0.18799999999999997,0.2833444670547258,0.13210830408822455
2.0,500,1025,moderate,0.30400000000000005,0,0.096,0.228,0.044206585733601075,0.06500000000000003,0.041431997069772686,0.1096237797233745
2.0,500,1026,moderate,0.356,0,0.1,0.252,0.04982190504408902,0.07600000000000004,0.08348526881286233,0.05951764623276959
2.0,500,1027,moderate,0.4280000000000001,0,0.096,0.25,0.05280993172584953,0.07600000000000004,0.07760705709986634,0.10039790999334033
2.0,500,1028,moderate,0.42800000000000005,0,0.086,0.266,0.061974905315691206,0.15599999999999997,0.14786108257701738,0.10610925751471262
2.0,500,1029,moderate,0.36000000000000004,0,0.112,0.262,0.04778656249988647,0.12100000000000005,0.05968790688207756,0.026849232671664974
2.0,500,1000,strong,0.8040000000000002,0,0.046,0.402,0.12518075819478897,0.18000000000000002,0.2715880436287339,0.07459234231580203
2.0,500,1001,strong,0.904,0,0.036,0.384,0.13496995550450808,0.228,0.3009791021937138,0.20963648035278826
2.0,500,1002,strong,0.7600000000000001,0,0.046,0.358,0.11222398238443608,0.164,0.206927714785778,0.04452677761988505
2.0,500,1003,strong,0.7720000000000001,0,0.044,0.366,0.11685698761972069,0.12000000000000005,0.09495717716005359,0.15597547416821242
2.0,500,1004,strong,0.868,0,0.03,0.406,0.13549251721856165,0.11200000000000002,0.15990202108181012,0.1204735663473139
2.0,500,1005,strong,0.7200000000000001,0,0.052,0.348,0.10788059242617377,0.22000000000000003,0.2419124699849532,0.028470280738929404
2.0,500,1006,strong,0.776,0,0.04,0.39,0.1241486564119358,0.23200000000000004,0.2595471051239412,0.12721685697148188
2.0,500,1007,strong,0.868,0,0.036,0.4,0.13164430189803972,0.21600000000000005,0.24219698506375403,0.1380503867861115
2.0,500,1008,strong,0.7600000000000001,0,0.032,0.402,0.12472725800276734,0.20400000000000004,0.27746625534173,0.03767752340922986
2.0,500,1009,strong,0.7600000000000001,0,0.03,0.352,0.11722153764939652,0.13600000000000004,0.18929307964679012,0.2500553594600819
2.0,500,1010,strong,0.6400000000000001,0,0.052,0.31,0.09517469318165529,0.14800000000000005,0.14814559765581817,0.13320710264968938
2.0,500,1011,strong,0.8160000000000002,0,0.042,0.378,0.1234755936297624,0.184,0.31273552561970586,0.15064823454855203
2.0,500,1012,strong,0.7879999999999999,0,0.04,0.36,0.11790768517031541,0.20700000000000002,0.3597612193236737,0.13084059190564332
2.0,500,1013,strong,0.7880000000000001,0,0.042,0.426,0.13046923860520615,0.17200000000000001,0.23044056163776194,0.12391713651249
2.0,500,1014,strong,0.8000000000000002,0,0.042,0.37,0.12120872722521081,0.17600000000000002,0.23631877335075793,0.017704571762839072
2.0,500,1015,strong,0.7520000000000001,0,0.038,0.37,0.11615315559878499,0.15200000000000005,0.17753665622079812,0.12235969022061202
2.0,500,1016,strong,0.808,0,0.04,0.392,0.12583410595789293,0.23600000000000002,0.3068573139067098,0.0533260886835456
2.0,500,1017,strong,0.86,0,0.028,0.38,0.12921644202224766,0.19999999999999998,0.28922267876772184,0.1107923389493545
2.0,500,1018,strong,0.8240000000000001,0,0.042,0.408,0.12973134633627378,0.12400000000000003,0.15402380936881413,0.12804298031897654
2.0,500,1019,strong,0.8400000000000002,0,0.034,0.396,0.1292525520917178,0.10400000000000004,0.18341486793379408,0.24765686437608608
2.0,500,1020,strong,0.872,0,0.034,0.392,0.13193769573384082,0.17600000000000002,0.24219698506375398,0.06762980852376249
2.0,500,1021,strong,0.86,0,0.048,0.366,0.1265315068361324,0.14800000000000005,0.16578023279480616,0.03906916541477948
2.0,500,1022,strong,0.7960000000000002,0,0.044,0.414,0.12750250542200686,0.176,0.2892226787677218,0.017414156332941827
2.0,500,1023,strong,0.884,0,0.032,0.42,0.13774211007854092,0.20000000000000004,0.2715880436287339,0.028210137110288636
2.0,500,1024,strong,0.912,0,0.036,0.432,0.14317200222886534,0.16,0.23044056163776194,0.06504346094395166
2.0,500,1025,strong,0.7840000000000001,0,0.032,0.42,0.12907706569677235,0.19599999999999998,0.2833444670547258,0.09337096707477696
2.0,500,1026,strong,0.8,0,0.04,0.384,0.12171916675509883,0.20400000000000001,0.2183996231329693,0.081173094657293
2.0,500,1027,strong,0.7840000000000001,0,0.046,0.438,0.13319993326658322,0.20800000000000005,0.259831620202742,0.05547359850833636
2.0,500,1028,strong,0.7919999999999999,0,0.034,0.38,0.11978684772915969,0.15200000000000005,0.1951712913597861,0.062260954540192426
2.0,500,1029,strong,0.8480000000000002,0,0.046,0.41,0.13039256965878931,0.228,0.3244919490456978,0.040779373512544764
2.0,1000,1000,none,0.04200000000000004,0,0.097,0.195,0.03458644564308715,0.07500000000000004,0.030581363395898398,0.027464620486416874
2.0,1000,1001,none,0.01999999999999999,0,0.098,0.209,0.040144184579532255,0.09700000000000009,0.07522644743802939,0.07001570196781134
2.0,1000,1002,none,0.074,0,0.104,0.217,0.0380467548623474,0.05900000000000008,0.08138917422982611,0.07592969374280256
2.0,1000,1003,none,0.060000000000000026,0,0.094,0.227,0.04333461536565069,0.11500000000000005,0.04877449472954756,0.04791944458469982
2.0,1000,1004,none,0.10999999999999999,0,0.087,0.216,0.04496171210658637,0.20100000000000007,0.15842720117209103,0.16775772517358267
2.0,1000,1005,none,0.043999999999999984,0,0.092,0.215,0.04350351199105143,0.06700000000000003,0.03849289121327448,0.041452814545374306
2.0,1000,1006,none,0.08399999999999999,0,0.097,0.235,0.04749970760143921,0.06500000000000003,0.041431997069772686,0.047715383576248105
2.0,1000,1007,none,0.05800000000000001,0,0.083,0.197,0.04028509512076258,0.07100000000000004,0.05409421024788236,0.0529067282846796
2.0,1000,1008,none,0.05,0,0.115,0.208,0.035202588288678754,0.061000000000000026,0.04731020878276873,0.044996606420544705
2.0,1000,1009,none,0.052000000000000005,0,0.104,0.207,0.033068951533962415,0.10300000000000004,0.014411014203689204,0.015468583075708642
2.0,1000,1010,none,0.08399999999999999,0,0.086,0.232,0.048749928774876744,0.091,0.14604950307278203,0.12275293598230494
2.0,1000,1011,none,0.06200000000000004,0,0.113,0.201,0.029135697844549547,0.09900000000000003,0.03617506003009366,0.026395586048494013
2.0,1000,1012,none,0.06199999999999996,0,0.104,0.208,0.03727227149265553,0.14900000000000002,0.1075566118595073,0.10766864396292669
2.0,1000,1013,none,0.06399999999999999,0,0.115,0.21,0.034716310607871656,0.13500000000000006,0.061436707907657206,0.06073364786039623
2.0,1000,1014,none,0.036000000000000004,0,0.101,0.216,0.037893124559593774,0.08300000000000005,0.04821599853488631,0.05444945117034489
2.0,1000,1015,none,0.05799999999999997,0,0.122,0.206,0.031799720473963636,0.11500000000000005,0.0320456493426772,0.03815935889764702
2.0,1000,1016,none,0.03800000000000002,0,0.109,0.197,0.031121625207491264,0.09100000000000011,0.04318079809535219,0.05046786692861527
2.0,1000,1017,none,0.04000000000000001,0,0.096,0.209,0.038208492366081245,0.10700000000000004,0.037018071303555444,0.03448206697830544
2.0,1000,1018,none,0.06599999999999999,0,0.085,0.219,0.04401009985093068,0.10900000000000004,0.02820075373406153,0.021944826117563543
2.0,1000,1019,none,0.048000000000000015,0,0.098,0.21,0.0380861596325431,0.03900000000000001,0.07964037320424663,0.08108765076474872
2.0,1000,1020,none,0.03600000000000002,0,0.102,0.2,0.03339494306361702,0.11300000000000004,0.048774494729547535,0.05169756999511915
2.0,1000,1021,none,0.06199999999999996,0,0.082,0.218,0.04842061085483696,0.11300000000000004,0.060530918155539515,0.042483913465859585
2.0,1000,1022,none,0.066,0,0.087,0.209,0.0416639999146612,0.06400000000000003,0.07466795124336831,0.08382659613773694
2.0,1000,1023,none,0.07399999999999998,0,0.101,0.21,0.03669544325329176,0.12100000000000005,0.04086296691217137,0.03748162837384805
2.0,1000,1024,none,0.044,0,0.113,0.203,0.03384605672091737,0.13100000000000006,0.08907896544705748,0.08104552112981614
2.0,1000,1025,none,0.05799999999999998,0,0.104,0.213,0.03998610869900807,0.12700000000000006,0.05087058931258362,0.057697145982834624
2.0,1000,1026,none,0.07800000000000001,0,0.096,0.226,0.04399873735562066,0.11700000000000005,0.0370180713035555,0.042406616368081795
2.0,1000,1027,none,0.03999999999999995,0,0.099,0.211,0.042585860981733774,0.08700000000000005,0.039398680965392424,0.04410557189947145
2.0,1000,1028,none,0.034,0,0.094,0.213,0.03969746703366461,0.12700000000000006,0.06053091815553949,0.05675750061475007
2.0,1000,1029,none,0.07399999999999998,0,0.09,0.212,0.042948289320478825,0.10300000000000004,0.014411014203689204,0.024657331353709372
2.0,1000,1000,moderate,0.36600000000000005,0,0.119,0.271,0.052264285660052374,0.11800000000000005,0.0920180713035556,0.041273974673975505
2.0,1000,1001,moderate,0.3960000000000001,0,0.106,0.261,0.05476515518303789,0.11400000000000005,0.20692771478577807,0.11635175361230848
2.0,1000,1002,moderate,0.35200000000000004,0,0.11,0.249,0.04624091502362623,0.12400000000000003,0.1040590098083482,0.05150370660464512
2.0,1000,1003,moderate,0.38600000000000007,0,0.11,0.269,0.05315909036927635,0.162,0.19223218550328802,0.07636592867271805
2.0,1000,1004,moderate,0.394,0,0.092,0.261,0.05669999020184121,0.13,0.10965270644254349,0.07909035867354547
2.0,1000,1005,moderate,0.338,0,0.125,0.265,0.04935134806219133,0.13800000000000004,0.1834148679337941,0.056530341135483
2.0,1000,1006,moderate,0.35800000000000004,0,0.117,0.254,0.04505058884804455,0.14400000000000002,0.13022644743802944,0.02655257102051775
2.0,1000,1007,moderate,0.37800000000000006,0,0.102,0.27,0.05638459206398698,0.12400000000000003,0.16871933865130412,0.05871375929490577
2.0,1000,1008,moderate,0.4180000000000001,0,0.103,0.28,0.057932911390868515,0.13000000000000003,0.11581543323434024,0.019351549414642122
2.0,1000,1009,moderate,0.36800000000000005,0,0.1,0.255,0.05303981732832629,0.172,0.17137392942900134,0.10308377725672288
2.0,1000,1010,moderate,0.4300000000000001,0,0.113,0.274,0.05533734925185903,0.07399999999999998,0.1128763273778422,0.09336948323840755
2.0,1000,1011,moderate,0.38400000000000006,0,0.105,0.258,0.050989105590203185,0.11400000000000002,0.15402380936881416,0.07647495835913037
2.0,1000,1012,moderate,0.35200000000000004,0,0.121,0.251,0.045598489253726615,0.098,0.10111990395185025,0.05007295826690891
2.0,1000,1013,moderate,0.36400000000000005,0,0.119,0.25,0.048575256618524985,0.10700000000000004,0.05968790688207759,0.07628819299188491
2.0,1000,1014,moderate,0.39000000000000007,0,0.118,0.262,0.049932176221573026,0.08900000000000005,0.045276892678388414,0.07838938729594586
2.0,1000,1015,moderate,0.37600000000000006,0,0.112,0.265,0.050453498942645746,0.13000000000000003,0.11581543323434024,0.020731477694855838
2.0,1000,1016,moderate,0.37600000000000006,0,0.109,0.253,0.04932432350158377,0.11300000000000004,0.06556611859507361,0.10758543656952627
2.0,1000,1017,moderate,0.36200000000000004,0,0.12,0.254,0.04956365155590895,0.10800000000000004,0.07732254202106556,0.04891475924822444
2.0,1000,1018,moderate,0.392,0,0.099,0.249,0.05380726923216065,0.13300000000000006,0.10083538887304958,0.08339024254861666
2.0,1000,1019,moderate,0.42200000000000004,0,0.084,0.269,0.06102913693929774,0.15200000000000008,0.23631877335075802,0.05404435594245666
2.0,1000,1020,moderate,0.4200000000000001,0,0.098,0.266,0.05735174123095325,0.11400000000000002,0.12757185666033216,0.03751505093671775
2.0,1000,1021,moderate,0.37600000000000006,0,0.108,0.265,0.05552677032046995,0.12800000000000003,0.1804757620772961,0.07480195083413041
2.0,1000,1022,moderate,0.35200000000000004,0,0.115,0.255,0.048636977245256056,0.06900000000000003,0.04233778682189038,0.06438912942338934
2.0,1000,1023,moderate,0.36200000000000004,0,0.112,0.243,0.04833103442808656,0.08700000000000005,0.021764045826404427,0.08495255641815944
2.0,1000,1024,moderate,0.37400000000000005,0,0.114,0.268,0.053850616420695586,0.12200000000000003,0.13345006837332818,0.03498923142178101
2.0,1000,1025,moderate,0.4180000000000001,0,0.103,0.268,0.056676469740291904,0.156,0.18341486793379402,0.03373096970165376
2.0,1000,1026,moderate,0.3940000000000001,0,0.096,0.264,0.05633136091221499,0.10200000000000001,0.11875453909083816,0.06815394595709273
2.0,1000,1027,moderate,0.37000000000000005,0,0.11,0.259,0.05119136211857969,0.14200000000000004,0.1834148679337941,0.08299624421813084
2.0,1000,1028,moderate,0.38400000000000006,0,0.107,0.295,0.06324203946391636,0.14800000000000005,0.18635397379029212,0.062214246168325216
2.0,1000,1029,moderate,0.406,0,0.097,0.251,0.05528612443964177,0.14200000000000004,0.14814559765581817,0.038046681601750176
2.0,1000,1000,strong,0.792,0,0.027,0.385,0.125641907375242,0.214,0.3097964197632078,0.1385211929734657
2.0,1000,1001,strong,0.8460000000000001,0,0.038,0.405,0.1322758061358497,0.18400000000000002,0.27746625534173,0.05531173098988157
2.0,1000,1002,strong,0.802,0,0.033,0.388,0.1243284181334081,0.22400000000000003,0.24779068169794924,0.06628766647215897
2.0,1000,1003,strong,0.7820000000000001,0,0.035,0.364,0.11926254883891907,0.19400000000000003,0.20986682064227602,0.09725073194318498
2.0,1000,1004,strong,0.8280000000000001,0,0.035,0.399,0.12872408045462547,0.11600000000000002,0.1687193386513041,0.11585729738847439
2.0,1000,1005,strong,0.748,0,0.042,0.378,0.11787799719295464,0.21000000000000002,0.2272169407024633,0.06572375419582024
2.0,1000,1006,strong,0.7580000000000001,0,0.04,0.372,0.11624351833782198,0.2,0.30391820805021175,0.05123930531908302
2.0,1000,1007,strong,0.74,0,0.041,0.378,0.11714900293595712,0.13800000000000004,0.15990202108181012,0.1058390155133418
2.0,1000,1008,strong,0.8420000000000001,0,0.037,0.404,0.13058926278816171,0.19400000000000003,0.21868413821177,0.07970553581631679
2.0,1000,1009,strong,0.8260000000000001,0,0.039,0.37,0.12465507967543435,0.19600000000000004,0.27746625534173,0.09439547380468921
2.0,1000,1010,strong,0.7880000000000001,0,0.041,0.388,0.12144363118564742,0.15000000000000005,0.1804757620772961,0.010569130169418878
2.0,1000,1011,strong,0.7720000000000001,0,0.05,0.384,0.11878645639222606,0.162,0.20104950307278202,0.04965753317452806
2.0,1000,1012,strong,0.8280000000000001,0,0.04,0.414,0.13055479905218173,0.22200000000000006,0.27158804362873395,0.01468956282536521
2.0,1000,1013,strong,0.81,0,0.041,0.388,0.12488750493499697,0.19800000000000004,0.26570983191573794,0.0865538324873435
2.0,1000,1014,strong,0.796,0,0.038,0.376,0.12224519986031718,0.19400000000000003,0.20398860892928003,0.09653589246711686
2.0,1000,1015,strong,0.778,0,0.042,0.398,0.1241473139280732,0.24200000000000002,0.3333092666151917,0.06929247554346704
2.0,1000,1016,strong,0.796,0,0.041,0.392,0.12281784162825132,0.202,0.3097964197632078,0.08526325220583575
2.0,1000,1017,strong,0.8580000000000001,0,0.039,0.406,0.13343621031122782,0.22200000000000006,0.2686489377722359,0.06083047980617079
2.0,1000,1018,strong,0.7600000000000001,0,0.05,0.4,0.12074583038579659,0.168,0.23925787920725597,0.08371361291836604
2.0,1000,1019,strong,0.8000000000000002,0,0.038,0.388,0.12324185796861209,0.204,0.2980399963372159,0.05075749187905701
2.0,1000,1020,strong,0.8220000000000001,0,0.041,0.388,0.12490885565972584,0.17200000000000001,0.201049503072782,0.07483230769601981
2.0,1000,1021,strong,0.834,0,0.04,0.388,0.12701793399184053,0.25000000000000006,0.28599905783242324,0.20164934159853848
2.0,1000,1022,strong,0.7880000000000001,0,0.043,0.372,0.11945384975890153,0.24000000000000002,0.28922267876772184,0.1635186341144591
2.0,1000,1023,strong,0.8160000000000002,0,0.038,0.407,0.128059448000615,0.20600000000000002,0.3186137373327017,0.1004522934903112
2.0,1000,1024,strong,0.8280000000000001,0,0.042,0.411,0.13127028943705765,0.154,0.209866820642276,0.11267871602945836
2.0,1000,1025,strong,0.806,0,0.042,0.385,0.12474997216655223,0.158,0.180475762077296,0.041283038831688934
2.0,1000,1026,strong,0.81,0,0.045,0.413,0.12934278315992567,0.11200000000000002,0.15990202108181012,0.15988448776159173
2.0,1000,1027,strong,0.7280000000000001,0,0.041,0.379,0.1178836526222171,0.14600000000000005,0.16284112693830813,0.057594511967509865
2.0,1000,1028,strong,0.838,0,0.037,0.382,0.12638653233456307,0.254,0.3274310549021958,0.1284929102664352
2.0,1000,1029,strong,0.8080000000000002,0,0.032,0.42,0.13147327569594597,0.156,0.21574503235527198,0.038943532293335026
2.0,2000,1000,none,0.02299999999999995,0,0.105,0.204,0.03768915258031444,0.09300000000000005,0.021764045826404427,0.02541461080961277
2.0,2000,1001,none,0.04100000000000001,0,0.0945,0.207,0.037419543319263296,0.07900000000000004,0.03583303345410724,0.038646656903171595
2.0,2000,1002,none,0.04999999999999996,0,0.0925,0.211,0.04324221188710042,0.07400000000000004,0.03205091632414736,0.040600745041772135
2.0,2000,1003,none,0.016,0,0.102,0.203,0.03584185945077194,0.0840000000000001,0.05934588030609114,0.06313455153296355
2.0,2000,1004,none,0.030999999999999986,0,0.1085,0.207,0.03539499336849148,0.09500000000000003,0.0038448956086156727,0.0046311612938554625
2.0,2000,1005,none,0.036999999999999963,0,0.104,0.213,0.03985773311277109,0.07800000000000004,0.05115510439138435,0.05824161652399126
2.0,2000,1006,none,0.05099999999999999,0,0.096,0.2135,0.04241036298935543,0.10900000000000004,0.04793148345608558,0.05065895122112063
2.0,2000,1007,none,0.055000000000000035,0,0.1075,0.1935,0.03122587958017445,0.07200000000000004,0.05703331610438028,0.045408990240181135
2.0,2000,1008,none,0.03899999999999999,0,0.104,0.212,0.03566939241920944,0.09500000000000003,0.008253554393362672,0.009016046525828186
2.0,2000,1009,none,0.017999999999999988,0,0.1005,0.204,0.037662610401062516,0.09500000000000003,0.01350522445157154,0.013894315105567462
2.0,2000,1010,none,0.01899999999999999,0,0.094,0.207,0.04037291446282052,0.08900000000000005,0.013789739530372325,0.008656228597366061
2.0,2000,1011,none,0.03399999999999999,0,0.1035,0.204,0.033997140402621445,0.08000000000000004,0.06732018660212333,0.060874562988827124
2.0,2000,1012,none,0.04099999999999998,0,0.1015,0.2105,0.039313554349048055,0.0780000000000001,0.04465035102360118,0.03931774507682195
2.0,2000,1013,none,0.015000000000000013,0,0.096,0.2005,0.03808944152328248,0.09400000000000003,0.02232254202106551,0.02454337268532858
2.0,2000,1014,none,0.03699999999999999,0,0.1045,0.212,0.036464213811473974,0.08300000000000005,0.021764045826404427,0.01600620080888504
2.0,2000,1015,none,0.03800000000000002,0,0.1135,0.2015,0.0309470874594399,0.07200000000000009,0.057876327377842124,0.06394143589604992
2.0,2000,1016,none,0.023999999999999952,0,0.103,0.204,0.0381724886389254,0.09100000000000005,0.01000762240041242,0.011861042144679368
2.0,2000,1017,none,0.030999999999999944,0,0.101,0.2085,0.040652661522819,0.10200000000000004,0.027357742460599688,0.030210803160973715
2.0,2000,1018,none,0.025999999999999995,0,0.1005,0.2045,0.037705731954468434,0.12500000000000006,0.05024404765779647,0.052720507589354704
2.0,2000,1019,none,0.03299999999999993,0,0.104,0.2065,0.03844548810400975,0.12700000000000006,0.0496802844816652,0.04912624389506823
2.0,2000,1020,none,0.04200000000000001,0,0.0985,0.203,0.03714124691259331,0.08800000000000005,0.04086823389364133,0.041012795746625086
2.0,2000,1021,none,0.03600000000000002,0,0.1145,0.2025,0.03261475467058157,0.11400000000000005,0.06934823572503337,0.07786420585146578
2.0,2000,1022,none,0.012999999999999984,0,0.0965,0.2045,0.03867995461332509,0.12500000000000006,0.04674117862516716,0.047036842875005175
2.0,2000,1023,none,0.045,0,0.0835,0.2065,0.04223709533363086,0.09800000000000003,0.01119266024986068,0.013332489124971675
2.0,2000,1024,none,0.024999999999999994,0,0.1005,0.209,0.03948804319734717,0.07800000000000004,0.04233778682189035,0.049804434853378016
2.0,2000,1025,none,0.061,0,0.093,0.218,0.04278596602729555,0.09900000000000003,0.008532802490693242,0.016266596576541448
2.0,2000,1026,none,0.05700000000000002,0,0.1015,0.2065,0.0342182537381569,0.048000000000000015,0.06641439685000566,0.06680637740416037
2.0,2000,1027,none,0.04799999999999996,0,0.0915,0.2105,0.04314574782705192,0.11200000000000004,0.032609412518808556,0.026748807796575763
2.0,2000,1028,none,0.05199999999999998,0,0.1075,0.217,0.040657785915560574,0.09800000000000003,0.039957177160053564,0.03699286849186928
2.0,2000,1029,none,0.037000000000000005,0,0.089,0.213,0.04305584229295203,0.09600000000000003,0.004687906882077597,0.003270515096911064
2.0,2000,1000,moderate,0.37400000000000005,0,0.1115,0.2525,0.04696511707876626,0.15200000000000005,0.16137157401005914,0.03864387844137673
2.0,2000,1001,moderate,0.40800000000000014,0,0.1075,0.2775,0.055858949347640116,0.13600000000000007,0.11847002401203757,0.03458662365891205
2.0,2000,1002,moderate,0.3780000000000001,0,0.1105,0.268,0.051550676253781805,0.15100000000000002,0.14051331793577243,0.04390117301356869
2.0,2000,1003,moderate,0.34099999999999997,0,0.1135,0.2355,0.04437873614944687,0.12700000000000003,0.12022409201908715,0.01748351530131964
2.0,2000,1004,moderate,0.36600000000000005,0,0.1085,0.259,0.04969546145161437,0.12700000000000003,0.1599020210818101,0.04751389485521473
2.0,2000,1005,moderate,0.3499999999999999,0,0.112,0.241,0.047074114141661995,0.094,0.09818079809535218,0.03232890604736316
2.0,2000,1006,moderate,0.35800000000000004,0,0.1115,0.2595,0.051608031244069846,0.10000000000000006,0.08201571588461326,0.055972925674803414
2.0,2000,1007,moderate,0.40800000000000003,0,0.1,0.2605,0.05365993746631549,0.12700000000000003,0.13491962130157711,0.01976333431921959
2.0,2000,1008,moderate,0.37,0,0.1085,0.261,0.051686286597338586,0.13800000000000004,0.12316319787558525,0.0239705898688867
2.0,2000,1009,moderate,0.37700000000000006,0,0.1115,0.2605,0.051430103592697105,0.10900000000000001,0.1393282800863242,0.04849673046794051
2.0,2000,1010,moderate,0.385,0,0.1085,0.2705,0.053644405320799504,0.09800000000000006,0.08054616295636435,0.0692460742086965
2.0,2000,1011,moderate,0.33999999999999997,0,0.113,0.241,0.045235187876499654,0.059000000000000025,0.08054616295636435,0.07441912102149459
2.0,2000,1012,moderate,0.378,0,0.115,0.266,0.0518311896662832,0.15799999999999997,0.15080018843351534,0.05551089145746216
2.0,2000,1013,moderate,0.42899999999999994,0,0.101,0.2875,0.06438534167201586,0.10300000000000006,0.09524169223885431,0.03865952990003846
2.0,2000,1014,moderate,0.331,0,0.111,0.2485,0.046440523492120786,0.14600000000000005,0.15990202108181012,0.04898502424366402
2.0,2000,1015,moderate,0.392,0,0.1115,0.2635,0.05207739966199883,0.13500000000000004,0.14520649179932016,0.017252940742979145
2.0,2000,1016,moderate,0.355,0,0.1105,0.252,0.05076717005659814,0.099,0.10846766859309526,0.04251777003017096
2.0,2000,1017,moderate,0.38200000000000006,0,0.1065,0.272,0.05610382240889554,0.11900000000000002,0.12316319787558519,0.025252754443668063
2.0,2000,1018,moderate,0.3670000000000001,0,0.113,0.2575,0.0473168985552613,0.12700000000000003,0.14226738594282215,0.06633026226619423
2.0,2000,1019,moderate,0.3960000000000001,0,0.107,0.2605,0.05125318418292554,0.133,0.11406136522729046,0.028620637655139558
2.0,2000,1020,moderate,0.396,0,0.102,0.285,0.0621246506808869,0.10400000000000001,0.1216936449473362,0.029529411164269187
2.0,2000,1021,moderate,0.3560000000000001,0,0.1085,0.262,0.0503832533906081,0.09800000000000006,0.09524169223885431,0.026545523388815773
2.0,2000,1022,moderate,0.366,0,0.109,0.2535,0.05024495552347077,0.088,0.12463275080383418,0.04244943148405331
2.0,2000,1023,moderate,0.3470000000000001,0,0.12,0.254,0.04541811924282593,0.08400000000000005,0.0849548217411113,0.04522124704766706
2.0,2000,1024,moderate,0.40800000000000003,0,0.11,0.266,0.05377241134840637,0.14500000000000005,0.15108470351231612,0.03610857199670542
2.0,2000,1025,moderate,0.345,0,0.115,0.247,0.0463138448222799,0.10300000000000001,0.11434588030609122,0.0452937126045746
2.0,2000,1026,moderate,0.383,0,0.097,0.2635,0.055902196339281306,0.14200000000000004,0.14373693887107114,0.0211107374949292
2.0,2000,1027,moderate,0.3580000000000001,0,0.1145,0.2615,0.049127950858503716,0.13400000000000006,0.11553091815553945,0.04217749332345172
2.0,2000,1028,moderate,0.343,0,0.112,0.254,0.04738465527526349,0.10500000000000001,0.12022409201908715,0.03480551160437301
2.0,2000,1029,moderate,0.392,0,0.1085,0.2755,0.057788887820718234,0.14900000000000005,0.15549336229706318,0.032706190454589834
2.0,2000,1000,strong,0.8150000000000001,0,0.038,0.392,0.12667730218507534,0.196,0.20664319970697723,0.0955032457866144
2.0,2000,1001,strong,0.7630000000000001,0,0.046,0.3835,0.1193358938272788,0.14900000000000005,0.20839726771402708,0.08837047527816244
2.0,2000,1002,strong,0.7650000000000001,0,0.041,0.3725,0.11680170755981648,0.171,0.22897100870951295,0.06668913224527795
2.0,2000,1003,strong,0.793,0,0.0475,0.392,0.12244817497846,0.18400000000000002,0.253953408489746,0.050799643994698496
2.0,2000,1004,strong,0.799,0,0.0405,0.383,0.12263858374191307,0.171,0.18341486793379397,0.1031355955731407
2.0,2000,1005,strong,0.7750000000000001,0,0.044,0.397,0.12278425070921035,0.18600000000000003,0.214275479427023,0.054514618224289796
2.0,2000,1006,strong,0.806,0,0.0445,0.3905,0.12377892479021711,0.168,0.208397267714027,0.06933261800293064
2.0,2000,1007,strong,0.7730000000000001,0,0.0495,0.3775,0.11794513790553453,0.17600000000000002,0.21868413821176996,0.08685465893631183
2.0,2000,1008,strong,0.7650000000000001,0,0.0495,0.3655,0.11546307731141683,0.15100000000000005,0.15549336229706315,0.06959040251673579
2.0,2000,1009,strong,0.809,0,0.037,0.3965,0.12752341832864356,0.20600000000000004,0.22750145578126407,0.01837758969632014
2.0,2000,1010,strong,0.807,0,0.0375,0.3795,0.12428685458334772,0.214,0.30097910219371377,0.01261542457744741
2.0,2000,1011,strong,0.8430000000000001,0,0.035,0.3885,0.12912644535062864,0.18400000000000002,0.253953408489746,0.024047690454129245
2.0,2000,1012,strong,0.8110000000000002,0,0.047,0.3885,0.12340031964662364,0.166,0.21427547942702302,0.06023561156638868
2.0,2000,1013,strong,0.8180000000000002,0,0.043,0.3835,0.1246951839041464,0.21900000000000006,0.24954474970499893,0.06670667429519131
2.0,2000,1014,strong,0.7470000000000001,0,0.0565,0.363,0.11160147350679958,0.19100000000000003,0.20986682064227602,0.06689546955901673
2.0,2000,1015,strong,0.8230000000000002,0,0.041,0.3985,0.1276262991010169,0.19900000000000004,0.26130117313099094,0.06636431542886365
2.0,2000,1016,strong,0.8200000000000001,0,0.041,0.409,0.12889099615135607,0.22500000000000006,0.252483855561497,0.07561097726299015
2.0,2000,1017,strong,0.7770000000000001,0,0.0445,0.381,0.11984179385988662,0.19200000000000003,0.22309279699651693,0.02163539117119287
2.0,2000,1018,strong,0.8070000000000002,0,0.0415,0.3785,0.12299548320523356,0.17700000000000002,0.21868413821177,0.015094726751534282
2.0,2000,1019,strong,0.8070000000000002,0,0.048,0.4015,0.12613374735661437,0.21,0.30244865512196284,0.029070373755263612
2.0,2000,1020,strong,0.8190000000000001,0,0.043,0.3695,0.12216848566176504,0.168,0.226031902853015,0.06388823960827936
2.0,2000,1021,strong,0.799,0,0.0425,0.389,0.12332094532379954,0.165,0.2451360909202519,0.051819352600068286
2.0,2000,1022,strong,0.81,0,0.0395,0.3875,0.12470453970173749,0.19500000000000003,0.24954474970499899,0.08869936361445008
2.0,2000,1023,strong,0.768,0,0.05,0.3705,0.11661999066293147,0.17,0.21427547942702296,0.056838054567524054
2.0,2000,1024,strong,0.7840000000000001,0,0.039,0.3865,0.12238588789380725,0.158,0.22456234992476595,0.0783400606064569
2.0,2000,1025,strong,0.782,0,0.042,0.3875,0.12178897961455937,0.166,0.22015369114001904,0.07090897395115534
2.0,2000,1026,strong,0.8020000000000002,0,0.039,0.4005,0.12636642046929328,0.19799999999999998,0.2906922316959708,0.062299808342155594
2.0,2000,1027,strong,0.761,0,0.046,0.3835,0.11839259079670297,0.21000000000000005,0.2730575965569829,0.01523835542970664
2.0,2000,1028,strong,0.8190000000000001,0,0.0395,0.385,0.1250202205867337,0.171,0.22750145578126402,0.09207860972211487
2.0,2000,1029,strong,0.8380000000000001,0,0.0415,0.408,0.13056373496836282,0.21100000000000005,0.24660564384850098,0.06367137593891098
