config_seed,scenario,epsilon,sample_size,population_n,reference_method,ablation_method,n_paired_trials,mean_reference_overall_l1,mean_comparison_overall_l1,mean_delta_overall_l1,win_rate_delta_overall_l1,ci95_low_delta_overall_l1,ci95_high_delta_overall_l1,mean_reference_worst_group_l1_major,mean_comparison_worst_group_l1_major,mean_delta_worst_group_l1,win_rate_delta_worst_group_l1,ci95_low_delta_worst_group_l1,ci95_high_delta_worst_group_l1
123,privacy_helps,0.2,120,500,mrp_rr_poststrat,baseline_rr_debias,20,0.5933888518029399,0.9868058750564777,0.39341702325353745,0.15,0.2426504911666792,0.5440061812136663,1.12258249430376,1.8328579319692646,0.7102754376655047,0.0,0.6740539087259398,0.7422004037130749
123,privacy_helps,0.5,120,500,mrp_rr_poststrat,baseline_rr_debias,20,0.5942782706713798,0.8402055596486028,0.24592728897722288,0.3,0.10714827145055655,0.39692144881037666,1.122760421528717,1.702298419552117,0.5795379980233999,0.0,0.5180148353459376,0.6379155894904951
123,privacy_helps,1.0,120,500,mrp_rr_poststrat,baseline_rr_debias,20,0.5760659197828003,0.5980618274157331,0.021995907632932764,0.55,-0.06150799142009951,0.12141304760503874,1.104582235431905,1.726811017769617,0.6222287823377115,0.0,0.5527244772030021,0.6879859512134282
123,privacy_helps,2.0,120,500,mrp_rr_poststrat,baseline_rr_debias,20,0.45969629045716365,0.25196889792968524,-0.20772739252747843,0.9,-0.25341620323577835,-0.163521762350974,0.988801847749562,1.380832671620105,0.392030823870543,0.05,0.26151828456309795,0.5274036359828305
