epsilon,n_respondents,bias,seed,method,l1_error,max_abs_error
0.25,250,none,1000,raw_frequencies,0.2,0.10000000000000003
0.25,250,none,1000,rr_debiased,0.9111118274500958,0.45555591372504795
0.25,250,none,1000,poststratified,1.0145821714332772,0.5072910857166386
0.25,250,none,1001,raw_frequencies,0.26500000000000007,0.1325
0.25,250,none,1001,rr_debiased,0.8037424229920753,0.40187121149603766
0.25,250,none,1001,poststratified,0.8795570670672107,0.4397785335336054
0.25,250,none,1002,raw_frequencies,0.2890000000000001,0.14450000000000002
0.25,250,none,1002,rr_debiased,0.6116638930160377,0.3058319465080189
0.25,250,none,1002,poststratified,0.6135213279743165,0.30676066398715823
0.25,250,none,1003,raw_frequencies,0.2730000000000001,0.1365
0.25,250,none,1003,rr_debiased,0.38916545319451634,0.1945827265972582
0.25,250,none,1003,poststratified,0.3064217806110229,0.15321089030551144
0.25,250,none,1004,raw_frequencies,0.29700000000000004,0.14850000000000002
0.25,250,none,1004,rr_debiased,0.35333298662700485,0.17666649331350237
0.25,250,none,1004,poststratified,0.6129050719033344,0.30645253595166716
0.25,250,none,1005,raw_frequencies,0.24100000000000005,0.1205
0.25,250,none,1005,rr_debiased,0.3133309063890326,0.15666545319451625
0.25,250,none,1005,poststratified,0.2822485097883519,0.14112425489417585
0.25,250,none,1006,raw_frequencies,0.329,0.16449999999999998
0.25,250,none,1006,rr_debiased,0.7591633729565449,0.3795816864782725
0.25,250,none,1006,poststratified,0.8331847474147452,0.41659237370737257
0.25,250,none,1007,raw_frequencies,0.20900000000000007,0.10449999999999998
0.25,250,none,1007,rr_debiased,0.3749999999999999,0.1875
0.25,250,none,1007,poststratified,0.375,0.1875
0.25,250,none,1008,raw_frequencies,0.313,0.15649999999999997
0.25,250,none,1008,rr_debiased,0.5383319465080183,0.2691659732540091
0.25,250,none,1008,poststratified,0.44077716408384565,0.22038858204192285
0.25,250,none,1009,raw_frequencies,0.313,0.15649999999999997
0.25,250,none,1009,rr_debiased,0.5383319465080183,0.2691659732540091
0.25,250,none,1009,poststratified,0.4798588413292062,0.23992942066460318
0.25,250,none,1010,raw_frequencies,0.4010000000000001,0.2005
0.25,250,none,1010,rr_debiased,0.9827488373302087,0.49137441866510434
0.25,250,none,1010,poststratified,1.164665072300572,0.5823325361502859
0.25,250,none,1011,raw_frequencies,0.2810000000000001,0.1405
0.25,250,none,1011,rr_debiased,0.704163372956545,0.35208168647827254
0.25,250,none,1011,poststratified,0.6790876929291622,0.3395438464645811
0.25,250,none,1012,raw_frequencies,0.3050000000000001,0.15250000000000002
0.25,250,none,1012,rr_debiased,0.5741644130755306,0.2870822065377654
0.25,250,none,1012,poststratified,0.49592915945567856,0.24796457972783936
0.25,250,none,1013,raw_frequencies,0.20900000000000002,0.10449999999999998
0.25,250,none,1013,rr_debiased,0.523668266675916,0.261834133337958
0.25,250,none,1013,poststratified,0.5077416506480916,0.2538708253240458
0.25,250,none,1014,raw_frequencies,0.2810000000000001,0.1405
0.25,250,none,1014,rr_debiased,0.5191644130755305,0.2595822065377653
0.25,250,none,1014,poststratified,0.5791120507627268,0.28955602538136344
0.25,250,none,1015,raw_frequencies,0.20900000000000002,0.10449999999999998
0.25,250,none,1015,rr_debiased,0.9803531540783139,0.490176577039157
0.25,250,none,1015,poststratified,0.9694495839609616,0.48472479198048074
0.25,250,none,1016,raw_frequencies,0.20900000000000002,0.10449999999999998
0.25,250,none,1016,rr_debiased,0.523668266675916,0.261834133337958
0.25,250,none,1016,poststratified,0.5018305956389425,0.2509152978194712
0.25,250,none,1017,raw_frequencies,0.24900000000000005,0.1245
0.25,250,none,1017,rr_debiased,0.7758283060915684,0.3879141530457842
0.25,250,none,1017,poststratified,0.6395550801805323,0.31977754009026627
0.25,250,none,1018,raw_frequencies,0.32100000000000006,0.16049999999999998
0.25,250,none,1018,rr_debiased,0.8400000000000001,0.42000000000000004
0.25,250,none,1018,poststratified,0.84,0.42000000000000004
0.25,250,none,1019,raw_frequencies,0.2730000000000001,0.1365
0.25,250,none,1019,rr_debiased,0.7849999999999999,0.3925
0.25,250,none,1019,poststratified,0.7850000000000001,0.3925
0.25,250,none,1020,raw_frequencies,0.2810000000000001,0.1405
0.25,250,none,1020,rr_debiased,0.29666597325400923,0.14833298662700456
0.25,250,none,1020,poststratified,0.39703123936931145,0.1985156196846557
0.25,250,none,1021,raw_frequencies,0.24100000000000005,0.1205
0.25,250,none,1021,rr_debiased,0.7208283060915683,0.36041415304578417
0.25,250,none,1021,poststratified,0.8243901058836354,0.4121950529418176
0.25,250,none,1022,raw_frequencies,0.20100000000000007,0.10049999999999998
0.25,250,none,1022,rr_debiased,0.37499999999999994,0.1875
0.25,250,none,1022,poststratified,0.37499999999999994,0.1875
0.25,250,none,1023,raw_frequencies,0.1690000000000001,0.08450000000000002
0.25,250,none,1023,rr_debiased,0.49615898728748026,0.24807949364374016
0.25,250,none,1023,poststratified,0.45930867217872506,0.22965433608936248
0.25,250,none,1024,raw_frequencies,0.26500000000000007,0.1325
0.25,250,none,1024,rr_debiased,0.22083142644852544,0.11041571322426263
0.25,250,none,1024,poststratified,0.2244265534898616,0.11221327674493081
0.25,250,none,1025,raw_frequencies,0.30500000000000005,0.15250000000000002
0.25,250,none,1025,rr_debiased,0.4816649331350236,0.2408324665675119
0.25,250,none,1025,poststratified,0.5147174248698774,0.2573587124349387
0.25,250,none,1026,raw_frequencies,0.32900000000000007,0.16449999999999998
0.25,250,none,1026,rr_debiased,0.7849999999999999,0.3925
0.25,250,none,1026,poststratified,0.785,0.3925
0.25,250,none,1027,raw_frequencies,0.38500000000000006,0.1925
0.25,250,none,1027,rr_debiased,1.3607056262766577,0.6803528131383288
0.25,250,none,1027,poststratified,1.470639330525226,0.735319665262613
0.25,250,none,1028,raw_frequencies,0.2810000000000001,0.1405
0.25,250,none,1028,rr_debiased,0.24166597325400918,0.12083298662700453
0.25,250,none,1028,poststratified,0.2675833919665641,0.13379169598328206
0.25,250,none,1029,raw_frequencies,0.23300000000000004,0.11649999999999999
0.25,250,none,1029,rr_debiased,0.9507056262766577,0.47535281313832883
0.25,250,none,1029,poststratified,1.0985505094427461,0.5492752547213731
0.25,250,moderate,1000,raw_frequencies,0.24900000000000005,0.1245
0.25,250,moderate,1000,rr_debiased,0.49832986627004694,0.24916493313502336
0.25,250,moderate,1000,poststratified,0.6380927152603888,0.31904635763019445
0.25,250,moderate,1001,raw_frequencies,0.24900000000000005,0.1245
0.25,250,moderate,1001,rr_debiased,0.7758283060915684,0.3879141530457842
0.25,250,moderate,1001,poststratified,0.5788237718782934,0.28941188593914674
0.25,250,moderate,1002,raw_frequencies,0.2970000000000001,0.14850000000000002
0.25,250,moderate,1002,rr_debiased,0.7850000000000001,0.3925
0.25,250,moderate,1002,poststratified,0.7849999999999999,0.3925
0.25,250,moderate,1003,raw_frequencies,0.31300000000000006,0.15649999999999997
0.25,250,moderate,1003,rr_debiased,0.8400000000000001,0.42000000000000004
0.25,250,moderate,1003,poststratified,0.9119418101311781,0.455970905065589
0.25,250,moderate,1004,raw_frequencies,0.2330000000000001,0.11649999999999999
0.25,250,moderate,1004,rr_debiased,0.37499999999999983,0.1875
0.25,250,moderate,1004,poststratified,0.4587096910420474,0.22935484552102375
0.25,250,moderate,1005,raw_frequencies,0.26500000000000007,0.1325
0.25,250,moderate,1005,rr_debiased,0.6283288261510612,0.31416441307553056
0.25,250,moderate,1005,poststratified,0.7131568683333643,0.3565784341666821
0.25,250,moderate,1006,raw_frequencies,0.32900000000000007,0.16449999999999998
0.25,250,moderate,1006,rr_debiased,0.84,0.42000000000000004
0.25,250,moderate,1006,poststratified,0.20643352534550014,0.10321676267275015
0.25,250,moderate,1007,raw_frequencies,0.15300000000000008,0.07650000000000001
0.25,250,moderate,1007,rr_debiased,0.40398930190516646,0.20199465095258323
0.25,250,moderate,1007,poststratified,0.4764785899714638,0.23823929498573188
0.25,250,moderate,1008,raw_frequencies,0.23300000000000004,0.11649999999999999
0.25,250,moderate,1008,rr_debiased,1.2149999999999999,0.6074999999999999
0.25,250,moderate,1008,poststratified,1.0217022017252435,0.5108511008626218
0.25,250,moderate,1009,raw_frequencies,0.24900000000000005,0.1245
0.25,250,moderate,1009,rr_debiased,0.6833288261510612,0.3416644130755306
0.25,250,moderate,1009,poststratified,0.33295639756298295,0.16647819878149145
0.25,250,moderate,1010,raw_frequencies,0.26500000000000007,0.1325
0.25,250,moderate,1010,rr_debiased,0.07333194650801822,0.036665973254009054
0.25,250,moderate,1010,poststratified,0.27855613397108125,0.13927806698554066
0.25,250,moderate,1011,raw_frequencies,0.20900000000000002,0.10449999999999998
0.25,250,moderate,1011,rr_debiased,0.6852986074207681,0.34264930371038405
0.25,250,moderate,1011,poststratified,1.1582581630673154,0.5791290815336577
0.25,250,moderate,1012,raw_frequencies,0.1690000000000001,0.08450000000000002
0.25,250,moderate,1012,rr_debiased,0.37499999999999994,0.1875
0.25,250,moderate,1012,poststratified,0.39819362939143027,0.1990968146957151
0.25,250,moderate,1013,raw_frequencies,0.329,0.16449999999999998
0.25,250,moderate,1013,rr_debiased,0.7233309063890327,0.36166545319451626
0.25,250,moderate,1013,poststratified,0.6732824586163847,0.3366412293081924
0.25,250,moderate,1014,raw_frequencies,0.22500000000000003,0.11249999999999999
0.25,250,moderate,1014,rr_debiased,0.4677216759746718,0.23386083798733592
0.25,250,moderate,1014,poststratified,0.4069480986754321,0.20347404933771596
0.25,250,moderate,1015,raw_frequencies,0.2970000000000001,0.14850000000000002
0.25,250,moderate,1015,rr_debiased,0.5191644130755305,0.2595822065377653
0.25,250,moderate,1015,poststratified,0.7314064898692221,0.3657032449346111
0.25,250,moderate,1016,raw_frequencies,0.2250000000000001,0.11249999999999999
0.25,250,moderate,1016,rr_debiased,0.3749999999999999,0.1875
0.25,250,moderate,1016,poststratified,0.09834701513531094,0.049173507567655456
0.25,250,moderate,1017,raw_frequencies,0.26500000000000007,0.1325
0.25,250,moderate,1017,rr_debiased,0.4983298662700469,0.24916493313502336
0.25,250,moderate,1017,poststratified,0.411560477013682,0.20578023850684096
0.25,250,moderate,1018,raw_frequencies,0.2730000000000001,0.1365
0.25,250,moderate,1018,rr_debiased,0.5741644130755307,0.2870822065377654
0.25,250,moderate,1018,poststratified,0.599923997648545,0.29996199882427244
0.25,250,moderate,1019,raw_frequencies,0.329,0.16449999999999998
0.25,250,moderate,1019,rr_debiased,0.7233309063890327,0.36166545319451626
0.25,250,moderate,1019,poststratified,0.33285478706334776,0.16642739353167396
0.25,250,moderate,1020,raw_frequencies,0.27999999999999997,0.14
0.25,250,moderate,1020,rr_debiased,1.2149999999999999,0.6074999999999999
0.25,250,moderate,1020,poststratified,1.2149999999999999,0.6074999999999999
0.25,250,moderate,1021,raw_frequencies,0.29700000000000004,0.14850000000000002
0.25,250,moderate,1021,rr_debiased,0.7849999999999999,0.3925
0.25,250,moderate,1021,poststratified,0.7849999999999999,0.3925
0.25,250,moderate,1022,raw_frequencies,0.2250000000000001,0.11249999999999999
0.25,250,moderate,1022,rr_debiased,0.3749999999999999,0.1875
0.25,250,moderate,1022,poststratified,0.3910952799132929,0.19554763995664648
0.25,250,moderate,1023,raw_frequencies,0.31300000000000006,0.15649999999999997
0.25,250,moderate,1023,rr_debiased,0.7849999999999999,0.3925
0.25,250,moderate,1023,poststratified,0.8422086179947332,0.4211043089973666
0.25,250,moderate,1024,raw_frequencies,0.35300000000000004,0.1765
0.25,250,moderate,1024,rr_debiased,0.9928528131383286,0.49642640656916437
0.25,250,moderate,1024,poststratified,0.7849999999999999,0.3925
0.25,250,moderate,1025,raw_frequencies,0.337,0.16849999999999998
0.25,250,moderate,1025,rr_debiased,0.8400000000000001,0.42000000000000004
0.25,250,moderate,1025,poststratified,0.8211080134515814,0.4105540067257907
0.25,250,moderate,1026,raw_frequencies,0.2730000000000001,0.1365
0.25,250,moderate,1026,rr_debiased,0.8400000000000001,0.42000000000000004
0.25,250,moderate,1026,poststratified,0.8323981300820821,0.41619906504104104
0.25,250,moderate,1027,raw_frequencies,0.31300000000000006,0.15649999999999997
0.25,250,moderate,1027,rr_debiased,0.8400000000000001,0.42000000000000004
0.25,250,moderate,1027,poststratified,0.8399999999999999,0.42000000000000004
0.25,250,moderate,1028,raw_frequencies,0.32100000000000006,0.16049999999999998
0.25,250,moderate,1028,rr_debiased,0.7850000000000001,0.3925
0.25,250,moderate,1028,poststratified,0.7849999999999998,0.3925
0.25,250,moderate,1029,raw_frequencies,0.313,0.15649999999999997
0.25,250,moderate,1029,rr_debiased,0.5383319465080183,0.2691659732540091
0.25,250,moderate,1029,poststratified,0.6278436348772934,0.31392181743864667
0.25,250,strong,1000,raw_frequencies,0.21700000000000003,0.10849999999999999
0.25,250,strong,1000,rr_debiased,0.6653093529596628,0.3326546764798314
0.25,250,strong,1000,poststratified,1.0129945229835262,0.506497261491763
0.25,250,strong,1001,raw_frequencies,0.28,0.14
0.25,250,strong,1001,rr_debiased,0.8470971177812716,0.42354855889063575
0.25,250,strong,1001,poststratified,0.84,0.42000000000000004
0.25,250,strong,1002,raw_frequencies,0.21700000000000003,0.10849999999999999
0.25,250,strong,1002,rr_debiased,0.9729640294394946,0.48648201471974734
0.25,250,strong,1002,poststratified,0.6999047195321001,0.34995235976605005
0.25,250,strong,1003,raw_frequencies,0.25700000000000006,0.1285
0.25,250,strong,1003,rr_debiased,0.9729640294394947,0.48648201471974734
0.25,250,strong,1003,poststratified,1.2149999999999999,0.6074999999999999
0.25,250,strong,1004,raw_frequencies,0.23300000000000004,0.11649999999999999
0.25,250,strong,1004,rr_debiased,0.5278528131383285,0.26392640656916433
0.25,250,strong,1004,poststratified,0.8479197642608918,0.4239598821304459
0.25,250,strong,1005,raw_frequencies,0.2250000000000001,0.11249999999999999
0.25,250,strong,1005,rr_debiased,0.3749999999999999,0.1875
0.25,250,strong,1005,poststratified,0.8068238111663084,0.40341190558315415
0.25,250,strong,1006,raw_frequencies,0.26400000000000007,0.13200000000000006
0.25,250,strong,1006,rr_debiased,1.1373037253450202,0.5686518626725101
0.25,250,strong,1006,poststratified,0.8400000000000001,0.42000000000000004
0.25,250,strong,1007,raw_frequencies,0.32100000000000006,0.16049999999999998
0.25,250,strong,1007,rr_debiased,0.7849999999999999,0.3925
0.25,250,strong,1007,poststratified,0.6348576576992682,0.3174288288496341
0.25,250,strong,1008,raw_frequencies,0.19300000000000006,0.09649999999999997
0.25,250,strong,1008,rr_debiased,0.37500000000000006,0.1875
0.25,250,strong,1008,poststratified,0.47476638665156956,0.23738319332578478
0.25,250,strong,1009,raw_frequencies,0.281,0.1405
0.25,250,strong,1009,rr_debiased,0.16833402674599052,0.0841670133729952
0.25,250,strong,1009,poststratified,0.8466363393492309,0.42331816967461544
0.25,250,strong,1010,raw_frequencies,0.4010000000000001,0.2005
0.25,250,strong,1010,rr_debiased,0.939982169841944,0.46999108492097197
0.25,250,strong,1010,poststratified,1.625,0.8125
0.25,250,strong,1011,raw_frequencies,0.20800000000000007,0.10400000000000004
0.25,250,strong,1011,rr_debiased,0.9803531540783139,0.490176577039157
0.25,250,strong,1011,poststratified,0.4487891150800331,0.22439455754001653
0.25,250,strong,1012,raw_frequencies,0.09700000000000003,0.04849999999999999
0.25,250,strong,1012,rr_debiased,0.375,0.1875
0.25,250,strong,1012,poststratified,0.624355413087896,0.31217770654394805
0.25,250,strong,1013,raw_frequencies,0.329,0.16449999999999998
0.25,250,strong,1013,rr_debiased,0.7591633729565449,0.3795816864782725
0.25,250,strong,1013,poststratified,0.8400000000000001,0.42000000000000004
0.25,250,strong,1014,raw_frequencies,0.24100000000000005,0.1205
0.25,250,strong,1014,rr_debiased,0.7208283060915683,0.36041415304578417
0.25,250,strong,1014,poststratified,1.16,0.58
0.25,250,strong,1015,raw_frequencies,0.36900000000000005,0.1845
0.25,250,strong,1015,rr_debiased,0.9357058100041108,0.46785290500205534
0.25,250,strong,1015,poststratified,0.4772111962431056,0.2386055981215528
0.25,250,strong,1016,raw_frequencies,0.36100000000000004,0.1805
0.25,250,strong,1016,rr_debiased,1.0933288261510614,0.5466644130755306
0.25,250,strong,1016,poststratified,1.0544776367430104,0.5272388183715052
0.25,250,strong,1017,raw_frequencies,0.38500000000000006,0.1925
0.25,250,strong,1017,rr_debiased,1.3708272659725829,0.6854136329862914
0.25,250,strong,1017,poststratified,1.625,0.8125
0.25,250,strong,1018,raw_frequencies,0.26500000000000007,0.1325
0.25,250,strong,1018,rr_debiased,0.8744035913742974,0.43720179568714873
0.25,250,strong,1018,poststratified,0.8802561153608028,0.4401280576804014
0.25,250,strong,1019,raw_frequencies,0.32100000000000006,0.16049999999999998
0.25,250,strong,1019,rr_debiased,0.8400000000000001,0.42000000000000004
0.25,250,strong,1019,poststratified,0.5303945639781588,0.2651972819890794
0.25,250,strong,1020,raw_frequencies,0.201,0.10049999999999998
0.25,250,strong,1020,rr_debiased,0.6260587150061665,0.31302935750308325
0.25,250,strong,1020,poststratified,0.7849999999999999,0.3925
0.25,250,strong,1021,raw_frequencies,0.25700000000000006,0.1285
0.25,250,strong,1021,rr_debiased,0.3508303863295398,0.17541519316476994
0.25,250,strong,1021,poststratified,0.8193501345955065,0.4096750672977533
0.25,250,strong,1022,raw_frequencies,0.2730000000000001,0.1365
0.25,250,strong,1022,rr_debiased,0.2966659732540091,0.14833298662700467
0.25,250,strong,1022,poststratified,1.0172844995699521,0.5086422497849761
0.25,250,strong,1023,raw_frequencies,0.20900000000000002,0.10449999999999998
0.25,250,strong,1023,rr_debiased,0.44285309630349023,0.22142654815174512
0.25,250,strong,1023,poststratified,0.37499999999999994,0.1875
0.25,250,strong,1024,raw_frequencies,0.321,0.16049999999999998
0.25,250,strong,1024,rr_debiased,0.6308314264485255,0.31541571322426265
0.25,250,strong,1024,poststratified,1.080028047322395,0.5400140236611976
0.25,250,strong,1025,raw_frequencies,0.24900000000000005,0.1245
0.25,250,strong,1025,rr_debiased,0.7208283060915683,0.36041415304578417
0.25,250,strong,1025,poststratified,1.0506339243375358,0.5253169621687679
0.25,250,strong,1026,raw_frequencies,0.281,0.1405
0.25,250,strong,1026,rr_debiased,0.2041664933135024,0.10208324665675117
0.25,250,strong,1026,poststratified,0.6644328653395323,0.3322164326697662
0.25,250,strong,1027,raw_frequencies,0.321,0.16049999999999998
0.25,250,strong,1027,rr_debiased,0.6308314264485255,0.31541571322426265
0.25,250,strong,1027,poststratified,0.2689473593932274,0.13447367969661378
0.25,250,strong,1028,raw_frequencies,0.29700000000000004,0.14850000000000002
0.25,250,strong,1028,rr_debiased,0.35333298662700485,0.17666649331350237
0.25,250,strong,1028,poststratified,0.6930590831261338,0.346529541563067
0.25,250,strong,1029,raw_frequencies,0.281,0.1405
0.25,250,strong,1029,rr_debiased,0.16833402674599052,0.0841670133729952
0.25,250,strong,1029,poststratified,0.644622491751869,0.3223112458759345
0.25,500,none,1000,raw_frequencies,0.25300000000000006,0.1265
0.25,500,none,1000,rr_debiased,0.5358293462105541,0.26791467310527706
0.25,500,none,1000,poststratified,0.5285938508328016,0.2642969254164008
0.25,500,none,1001,raw_frequencies,0.24900000000000005,0.1245
0.25,500,none,1001,rr_debiased,0.20166389301603765,0.1008319465080189
0.25,500,none,1001,poststratified,0.30120287662655526,0.1506014383132777
0.25,500,none,1002,raw_frequencies,0.21700000000000008,0.10849999999999999
0.25,500,none,1002,rr_debiased,0.37499999999999994,0.1875
0.25,500,none,1002,poststratified,0.375,0.1875
0.25,500,none,1003,raw_frequencies,0.2730000000000001,0.1365
0.25,500,none,1003,rr_debiased,0.4266649331350234,0.21333246656751176
0.25,500,none,1003,poststratified,0.5200262783119843,0.2600131391559921
0.25,500,none,1004,raw_frequencies,0.29700000000000004,0.14850000000000002
0.25,500,none,1004,rr_debiased,0.38041519316477007,0.19020759658238512
0.25,500,none,1004,poststratified,0.3940683415439364,0.19703417077196822
0.25,500,none,1005,raw_frequencies,0.22100000000000003,0.11049999999999999
0.25,500,none,1005,rr_debiased,0.4395960026527576,0.21979800132637872
0.25,500,none,1005,poststratified,0.4442883088680101,0.22214415443400504
0.25,500,none,1006,raw_frequencies,0.273,0.1365
0.25,500,none,1006,rr_debiased,0.10291675334324873,0.05145837667162445
0.25,500,none,1006,poststratified,0.08169339251633939,0.04084669625816967
0.25,500,none,1007,raw_frequencies,0.25300000000000006,0.1265
0.25,500,none,1007,rr_debiased,0.3133309063890326,0.15666545319451625
0.25,500,none,1007,poststratified,0.25108120653478605,0.12554060326739297
0.25,500,none,1008,raw_frequencies,0.36500000000000005,0.1825
0.25,500,none,1008,rr_debiased,1.139578566121315,0.5697892830606573
0.25,500,none,1008,poststratified,1.1591886954285386,0.5795943477142693
0.25,500,none,1009,raw_frequencies,0.24900000000000005,0.1245
0.25,500,none,1009,rr_debiased,0.22083142644852544,0.11041571322426263
0.25,500,none,1009,poststratified,0.20543209269822388,0.10271604634911191
0.25,500,none,1010,raw_frequencies,0.3370000000000001,0.16849999999999998
0.25,500,none,1010,rr_debiased,0.7849999999999999,0.3925
0.25,500,none,1010,poststratified,0.7849999999999999,0.3925
0.25,500,none,1011,raw_frequencies,0.26100000000000007,0.1305
0.25,500,none,1011,rr_debiased,0.1195816864782718,0.05979084323913586
0.25,500,none,1011,poststratified,0.10935428638676017,0.05467714319338007
0.25,500,none,1012,raw_frequencies,0.36500000000000005,0.1825
0.25,500,none,1012,rr_debiased,0.896867583753597,0.44843379187679855
0.25,500,none,1012,poststratified,0.89890004954624,0.44945002477312
0.25,500,none,1013,raw_frequencies,0.2730000000000001,0.1365
0.25,500,none,1013,rr_debiased,0.2879157132242627,0.1439578566121314
0.25,500,none,1013,poststratified,0.3034147862227145,0.15170739311135725
0.25,500,none,1014,raw_frequencies,0.26100000000000007,0.1305
0.25,500,none,1014,rr_debiased,0.16583142644852536,0.08291571322426261
0.25,500,none,1014,poststratified,0.14522331464944305,0.07261165732472147
0.25,500,none,1015,raw_frequencies,0.30900000000000005,0.15450000000000003
0.25,500,none,1015,rr_debiased,0.5191644130755309,0.2595822065377654
0.25,500,none,1015,poststratified,0.5998981118108462,0.2999490559054231
0.25,500,none,1016,raw_frequencies,0.18500000000000005,0.09250000000000003
0.25,500,none,1016,rr_debiased,0.6474662693747797,0.3237331346873898
0.25,500,none,1016,poststratified,0.6840410442663186,0.3420205221331593
0.25,500,none,1017,raw_frequencies,0.2770000000000001,0.1385
0.25,500,none,1017,rr_debiased,0.2504162332837555,0.1252081166418778
0.25,500,none,1017,poststratified,0.2848508133446243,0.14242540667231218
0.25,500,none,1018,raw_frequencies,0.26500000000000007,0.1325
0.25,500,none,1018,rr_debiased,0.6745785661213148,0.3372892830606573
0.25,500,none,1018,poststratified,0.7713971007207459,0.3856985503603729
0.25,500,none,1019,raw_frequencies,0.34900000000000003,0.1745
0.25,500,none,1019,rr_debiased,0.9545796062403006,0.47728980312015024
0.25,500,none,1019,poststratified,0.9617951681437669,0.48089758407188343
0.25,500,none,1020,raw_frequencies,0.21300000000000002,0.10649999999999998
0.25,500,none,1020,rr_debiased,0.3868244323096031,0.19341221615480153
0.25,500,none,1020,poststratified,0.3806381476507157,0.19031907382535784
0.25,500,none,1021,raw_frequencies,0.26500000000000007,0.1325
0.25,500,none,1021,rr_debiased,0.22083142644852544,0.11041571322426263
0.25,500,none,1021,poststratified,0.3289018178351209,0.16445090891756053
0.25,500,none,1022,raw_frequencies,0.2810000000000001,0.1405
0.25,500,none,1022,rr_debiased,0.4729146731052771,0.2364573365526385
0.25,500,none,1022,poststratified,0.43470712881701207,0.21735356440850612
0.25,500,none,1023,raw_frequencies,0.25300000000000006,0.1265
0.25,500,none,1023,rr_debiased,0.26708116641877905,0.1335405832093895
0.25,500,none,1023,poststratified,0.1860003546485199,0.09300017732425991
0.25,500,none,1024,raw_frequencies,0.23700000000000004,0.1185
0.25,500,none,1024,rr_debiased,0.44332986627004684,0.22166493313502333
0.25,500,none,1024,poststratified,0.4966163721553445,0.24830818607767224
0.25,500,none,1025,raw_frequencies,0.25700000000000006,0.1285
0.25,500,none,1025,rr_debiased,0.3970801262997934,0.1985400631498967
0.25,500,none,1025,poststratified,0.34017186464044424,0.17008593232022207
0.25,500,none,1026,raw_frequencies,0.24900000000000005,0.1245
0.25,500,none,1026,rr_debiased,0.8595775260023292,0.42978876300116453
0.25,500,none,1026,poststratified,0.8990401548245616,0.4495200774122807
0.25,500,none,1027,raw_frequencies,0.321,0.16049999999999998
0.25,500,none,1027,rr_debiased,0.6308314264485254,0.31541571322426265
0.25,500,none,1027,poststratified,0.6218390441092292,0.31091952205461465
0.25,500,none,1028,raw_frequencies,0.317,0.15849999999999997
0.25,500,none,1028,rr_debiased,0.584581686478272,0.2922908432391359
0.25,500,none,1028,poststratified,0.6446921842213307,0.32234609211066534
0.25,500,none,1029,raw_frequencies,0.201,0.10049999999999998
0.25,500,none,1029,rr_debiased,0.5872204887556525,0.29361024437782623
0.25,500,none,1029,poststratified,0.5894045644030692,0.2947022822015346
0.25,500,moderate,1000,raw_frequencies,0.24900000000000005,0.1245
0.25,500,moderate,1000,rr_debiased,0.45208012629979344,0.22604006314989672
0.25,500,moderate,1000,poststratified,0.4237726882311988,0.21188634411559942
0.25,500,moderate,1001,raw_frequencies,0.2770000000000001,0.1385
0.25,500,moderate,1001,rr_debiased,0.472914673105277,0.23645733655263854
0.25,500,moderate,1001,poststratified,0.68934652052118,0.3446732602605901
0.25,500,moderate,1002,raw_frequencies,0.21700000000000003,0.10849999999999999
0.25,500,moderate,1002,rr_debiased,1.015073142186133,0.5075365710930664
0.25,500,moderate,1002,poststratified,0.848095528740485,0.42404776437024255
0.25,500,moderate,1003,raw_frequencies,0.2890000000000001,0.14450000000000002
0.25,500,moderate,1003,rr_debiased,0.6116638930160377,0.3058319465080189
0.25,500,moderate,1003,poststratified,0.7597792811677365,0.37988964058386826
0.25,500,moderate,1004,raw_frequencies,0.2770000000000001,0.1385
0.25,500,moderate,1004,rr_debiased,0.24166597325400913,0.12083298662700465
0.25,500,moderate,1004,poststratified,0.6911093646734543,0.3455546823367271
0.25,500,moderate,1005,raw_frequencies,0.24500000000000005,0.1225
0.25,500,moderate,1005,rr_debiased,0.24791363298629152,0.12395681649314569
0.25,500,moderate,1005,poststratified,0.3595608140402851,0.17978040702014253
0.25,500,moderate,1006,raw_frequencies,0.3090000000000001,0.15450000000000003
0.25,500,moderate,1006,rr_debiased,0.6666638930160378,0.33333194650801895
0.25,500,moderate,1006,poststratified,0.6455205175401033,0.32276025877005166
0.25,500,moderate,1007,raw_frequencies,0.341,0.17049999999999998
0.25,500,moderate,1007,rr_debiased,0.8620801262997935,0.43104006314989673
0.25,500,moderate,1007,poststratified,1.0075791393125182,0.5037895696562591
0.25,500,moderate,1008,raw_frequencies,0.24100000000000005,0.1205
0.25,500,moderate,1008,rr_debiased,0.3508303863295398,0.17541519316476983
0.25,500,moderate,1008,poststratified,0.37500000000000006,0.1875
0.25,500,moderate,1009,raw_frequencies,0.20900000000000007,0.10449999999999998
0.25,500,moderate,1009,rr_debiased,0.37499999999999994,0.1875
0.25,500,moderate,1009,poststratified,0.5649594151085929,0.2824797075542964
0.25,500,moderate,1010,raw_frequencies,0.22500000000000003,0.11249999999999999
0.25,500,moderate,1010,rr_debiased,0.6985626336744846,0.34928131683724223
0.25,500,moderate,1010,poststratified,0.6827157926344758,0.34135789631723784
0.25,500,moderate,1011,raw_frequencies,0.30900000000000005,0.15450000000000003
0.25,500,moderate,1011,rr_debiased,0.4920822065377654,0.24604110326888273
0.25,500,moderate,1011,poststratified,0.33347431427703744,0.16673715713851872
0.25,500,moderate,1012,raw_frequencies,0.23300000000000004,0.11649999999999999
0.25,500,moderate,1012,rr_debiased,0.37499999999999994,0.1875
0.25,500,moderate,1012,poststratified,0.49927174511380606,0.249635872556903
0.25,500,moderate,1013,raw_frequencies,0.25700000000000006,0.1285
0.25,500,moderate,1013,rr_debiased,0.35958064635928616,0.1797903231796431
0.25,500,moderate,1013,poststratified,0.4509921968028424,0.22549609840142124
0.25,500,moderate,1014,raw_frequencies,0.281,0.1405
0.25,500,moderate,1014,rr_debiased,0.16833402674599046,0.08416701337299526
0.25,500,moderate,1014,poststratified,0.21393674034667606,0.10696837017333805
0.25,500,moderate,1015,raw_frequencies,0.28900000000000003,0.14450000000000002
0.25,500,moderate,1015,rr_debiased,0.26083350668649774,0.13041675334324881
0.25,500,moderate,1015,poststratified,0.15617606579117516,0.07808803289558752
0.25,500,moderate,1016,raw_frequencies,0.21300000000000002,0.10649999999999998
0.25,500,moderate,1016,rr_debiased,0.3868244323096031,0.19341221615480153
0.25,500,moderate,1016,poststratified,0.37499999999999994,0.1875
0.25,500,moderate,1017,raw_frequencies,0.22900000000000004,0.11449999999999999
0.25,500,moderate,1017,rr_debiased,0.6319561670119727,0.31597808350598633
0.25,500,moderate,1017,poststratified,0.845351807180599,0.4226759035902995
0.25,500,moderate,1018,raw_frequencies,0.26100000000000007,0.1305
0.25,500,moderate,1018,rr_debiased,0.9116971989224363,0.4558485994612181
0.25,500,moderate,1018,poststratified,0.833215782043298,0.416607891021649
0.25,500,moderate,1019,raw_frequencies,0.277,0.1385
0.25,500,moderate,1019,rr_debiased,0.1579167533432489,0.07895837667162442
0.25,500,moderate,1019,poststratified,0.6864385339557204,0.34321926697786026
0.25,500,moderate,1020,raw_frequencies,0.22100000000000003,0.11049999999999999
0.25,500,moderate,1020,rr_debiased,0.7956993901249588,0.3978496950624794
0.25,500,moderate,1020,poststratified,0.5437157308505295,0.27185786542526474
0.25,500,moderate,1021,raw_frequencies,0.22100000000000003,0.11049999999999999
0.25,500,moderate,1021,rr_debiased,0.40856646337498587,0.2042832316874929
0.25,500,moderate,1021,poststratified,0.2609538706582103,0.13047693532910518
0.25,500,moderate,1022,raw_frequencies,0.36500000000000005,0.1825
0.25,500,moderate,1022,rr_debiased,1.139578566121315,0.5697892830606573
0.25,500,moderate,1022,poststratified,1.1494299533254615,0.5747149766627307
0.25,500,moderate,1023,raw_frequencies,0.25300000000000006,0.1265
0.25,500,moderate,1023,rr_debiased,0.1554141530457841,0.07770707652289212
0.25,500,moderate,1023,poststratified,0.22518087489181193,0.11259043744590597
0.25,500,moderate,1024,raw_frequencies,0.20900000000000002,0.10449999999999998
0.25,500,moderate,1024,rr_debiased,0.9803531540783139,0.490176577039157
0.25,500,moderate,1024,poststratified,0.752399233231065,0.3761996166155324
0.25,500,moderate,1025,raw_frequencies,0.2850000000000001,0.14250000000000002
0.25,500,moderate,1025,rr_debiased,0.7129136329862913,0.35645681649314576
0.25,500,moderate,1025,poststratified,0.7026993432786108,0.35134967163930547
0.25,500,moderate,1026,raw_frequencies,0.24100000000000005,0.1205
0.25,500,moderate,1026,rr_debiased,0.9608272659725828,0.4804136329862914
0.25,500,moderate,1026,poststratified,0.9020841100415289,0.4510420550207644
0.25,500,moderate,1027,raw_frequencies,0.23700000000000004,0.1185
0.25,500,moderate,1027,rr_debiased,0.8133277860320756,0.40666389301603767
0.25,500,moderate,1027,poststratified,0.8708305282016979,0.43541526410084885
0.25,500,moderate,1028,raw_frequencies,0.24900000000000005,0.1245
0.25,500,moderate,1028,rr_debiased,0.25833090638903256,0.12916545319451622
0.25,500,moderate,1028,poststratified,0.14069041960716083,0.07034520980358039
0.25,500,moderate,1029,raw_frequencies,0.2810000000000001,0.1405
0.25,500,moderate,1029,rr_debiased,0.43541519316476984,0.217707596582385
0.25,500,moderate,1029,poststratified,0.5334175315447269,0.2667087657723634
0.25,500,strong,1000,raw_frequencies,0.26500000000000007,0.1325
0.25,500,strong,1000,rr_debiased,0.26708116641877905,0.1335405832093895
0.25,500,strong,1000,poststratified,0.3749999999999999,0.1875
0.25,500,strong,1001,raw_frequencies,0.21700000000000003,0.10849999999999999
0.25,500,strong,1001,rr_debiased,0.4126546764798312,0.20632733823991556
0.25,500,strong,1001,poststratified,0.9195303923877269,0.45976519619386336
0.25,500,strong,1002,raw_frequencies,0.325,0.16249999999999998
0.25,500,strong,1002,rr_debiased,0.677081166418779,0.3385405832093895
0.25,500,strong,1002,poststratified,0.4411989186215508,0.2205994593107754
0.25,500,strong,1003,raw_frequencies,0.26100000000000007,0.1305
0.25,500,strong,1003,rr_debiased,0.16583142644852536,0.08291571322426261
0.25,500,strong,1003,poststratified,0.9432745479139328,0.4716372739569663
0.25,500,strong,1004,raw_frequencies,0.197,0.09849999999999998
0.25,500,strong,1004,rr_debiased,0.7674266451175084,0.3837133225587542
0.25,500,strong,1004,poststratified,0.8400000000000001,0.42000000000000004
0.25,500,strong,1005,raw_frequencies,0.325,0.16249999999999998
0.25,500,strong,1005,rr_debiased,0.6770811664187791,0.3385405832093895
0.25,500,strong,1005,poststratified,0.599831151188821,0.2999155755944106
0.25,500,strong,1006,raw_frequencies,0.25700000000000006,0.1285
0.25,500,strong,1006,rr_debiased,0.17458168647827185,0.08729084323913588
0.25,500,strong,1006,poststratified,0.6744156063540223,0.33720780317701116
0.25,500,strong,1007,raw_frequencies,0.20900000000000002,0.10449999999999998
0.25,500,strong,1007,rr_debiased,0.725706192606981,0.3628530963034905
0.25,500,strong,1007,poststratified,0.4370596035577334,0.21852980177886672
0.25,500,strong,1008,raw_frequencies,0.23300000000000004,0.11649999999999999
0.25,500,strong,1008,rr_debiased,1.04266882956124,0.52133441478062
0.25,500,strong,1008,poststratified,0.21627788132121573,0.10813894066060792
0.25,500,strong,1009,raw_frequencies,0.2850000000000001,0.14250000000000002
0.25,500,strong,1009,rr_debiased,0.34291571322426273,0.17145785661213142
0.25,500,strong,1009,poststratified,0.5599309612363419,0.27996548061817095
0.25,500,strong,1010,raw_frequencies,0.35700000000000004,0.1785
0.25,500,strong,1010,rr_debiased,1.0470790861808077,0.5235395430904037
0.25,500,strong,1010,poststratified,0.45659760446658304,0.22829880223329152
0.25,500,strong,1011,raw_frequencies,0.24900000000000005,0.1245
0.25,500,strong,1011,rr_debiased,0.3133309063890326,0.15666545319451625
0.25,500,strong,1011,poststratified,0.7195255900074635,0.3597627950037317
0.25,500,strong,1012,raw_frequencies,0.2970000000000001,0.14850000000000002
0.25,500,strong,1012,rr_debiased,0.8054131129267986,0.4027065564633993
0.25,500,strong,1012,poststratified,0.7002485230118648,0.35012426150593245
0.25,500,strong,1013,raw_frequencies,0.21300000000000002,0.10649999999999998
0.25,500,strong,1013,rr_debiased,0.6067876558074967,0.3033938279037483
0.25,500,strong,1013,poststratified,0.9513718180888605,0.47568590904443026
0.25,500,strong,1014,raw_frequencies,0.25700000000000006,0.1285
0.25,500,strong,1014,rr_debiased,0.22083142644852538,0.11041571322426275
0.25,500,strong,1014,poststratified,0.6166841952504507,0.3083420976252254
0.25,500,strong,1015,raw_frequencies,0.2890000000000001,0.14450000000000002
0.25,500,strong,1015,rr_debiased,0.5654141530457841,0.2827070765228921
0.25,500,strong,1015,poststratified,0.4973768711386876,0.2486884355693438
0.25,500,strong,1016,raw_frequencies,0.26500000000000007,0.1325
0.25,500,strong,1016,rr_debiased,0.12833194650801827,0.06416597325400908
0.25,500,strong,1016,poststratified,0.8400000000000001,0.42000000000000004
0.25,500,strong,1017,raw_frequencies,0.26100000000000007,0.1305
0.25,500,strong,1017,rr_debiased,0.2208314264485254,0.11041571322426263
0.25,500,strong,1017,poststratified,0.6228563254051285,0.31142816270256435
0.25,500,strong,1018,raw_frequencies,0.2930000000000001,0.14650000000000002
0.25,500,strong,1018,rr_debiased,0.5279146731052771,0.26395733655263853
0.25,500,strong,1018,poststratified,0.5973892566503337,0.2986946283251668
0.25,500,strong,1019,raw_frequencies,0.2730000000000001,0.1365
0.25,500,strong,1019,rr_debiased,0.6666638930160379,0.33333194650801895
0.25,500,strong,1019,poststratified,1.2149999999999999,0.6074999999999999
0.25,500,strong,1020,raw_frequencies,0.2370000000000001,0.1185
0.25,500,strong,1020,rr_debiased,0.34041311292679843,0.17020655646339927
0.25,500,strong,1020,poststratified,1.05837242182718,0.5291862109135899
0.25,500,strong,1021,raw_frequencies,0.2450000000000001,0.1225
0.25,500,strong,1021,rr_debiased,0.24791363298629127,0.12395681649314566
0.25,500,strong,1021,poststratified,0.937681049693291,0.4688405248466455
0.25,500,strong,1022,raw_frequencies,0.24500000000000005,0.1225
0.25,500,strong,1022,rr_debiased,0.3595806463592861,0.1797903231796431
0.25,500,strong,1022,poststratified,0.7219421205473431,0.3609710602736715
0.25,500,strong,1023,raw_frequencies,0.24900000000000005,0.1245
0.25,500,strong,1023,rr_debiased,0.6833288261510612,0.3416644130755306
0.25,500,strong,1023,poststratified,0.442688805152573,0.22134440257628654
0.25,500,strong,1024,raw_frequencies,0.3090000000000001,0.15450000000000003
0.25,500,strong,1024,rr_debiased,0.6666638930160378,0.33333194650801895
0.25,500,strong,1024,poststratified,0.46692463243188986,0.2334623162159449
0.25,500,strong,1025,raw_frequencies,0.21700000000000008,0.10849999999999999
0.25,500,strong,1025,rr_debiased,0.37500000000000006,0.1875
0.25,500,strong,1025,poststratified,0.7222681832192905,0.36113409160964516
0.25,500,strong,1026,raw_frequencies,0.24500000000000005,0.1225
0.25,500,strong,1026,rr_debiased,1.05332674591309,0.5266633729565449
0.25,500,strong,1026,poststratified,1.2149999999999999,0.6074999999999999
0.25,500,strong,1027,raw_frequencies,0.3410000000000001,0.17049999999999998
0.25,500,strong,1027,rr_debiased,0.7850000000000001,0.3925
0.25,500,strong,1027,poststratified,1.1669195653788902,0.5834597826894451
0.25,500,strong,1028,raw_frequencies,0.325,0.16249999999999998
0.25,500,strong,1028,rr_debiased,0.677081166418779,0.3385405832093895
0.25,500,strong,1028,poststratified,0.789612009859084,0.394806004929542
0.25,500,strong,1029,raw_frequencies,0.2250000000000001,0.11249999999999999
0.25,500,strong,1029,rr_debiased,0.3749999999999999,0.1875
0.25,500,strong,1029,poststratified,0.37499999999999994,0.1875
0.25,1000,none,1000,raw_frequencies,0.25100000000000006,0.1255
0.25,1000,none,1000,rr_debiased,0.5908293462105542,0.2954146731052771
0.25,1000,none,1000,poststratified,0.5858740177377654,0.2929370088688827
0.25,1000,none,1001,raw_frequencies,0.277,0.1385
0.25,1000,none,1001,rr_debiased,0.12208428677573702,0.06104214338786845
0.25,1000,none,1001,poststratified,0.09843313882430049,0.049216569412150246
0.25,1000,none,1002,raw_frequencies,0.24300000000000005,0.1215
0.25,1000,none,1002,rr_debiased,0.613954216195681,0.30697710809784046
0.25,1000,none,1002,poststratified,0.5887730062132258,0.2943865031066129
0.25,1000,none,1003,raw_frequencies,0.2390000000000001,0.1195
0.25,1000,none,1003,rr_debiased,0.3172882429416717,0.15864412147083587
0.25,1000,none,1003,poststratified,0.3584695987968961,0.17923479939844808
0.25,1000,none,1004,raw_frequencies,0.24700000000000005,0.1235
0.25,1000,none,1004,rr_debiased,0.2902060364039058,0.14510301820195287
0.25,1000,none,1004,poststratified,0.2736044635956269,0.13680223179781342
0.25,1000,none,1005,raw_frequencies,0.23300000000000004,0.11649999999999999
0.25,1000,none,1005,rr_debiased,0.6748160164229109,0.3374080082114554
0.25,1000,none,1005,poststratified,0.6389146998250679,0.3194573499125339
0.25,1000,none,1006,raw_frequencies,0.275,0.1375
0.25,1000,none,1006,rr_debiased,0.09895941679061032,0.04947970839530508
0.25,1000,none,1006,poststratified,0.11911613641081245,0.05955806820540632
0.25,1000,none,1007,raw_frequencies,0.28300000000000003,0.14150000000000001
0.25,1000,none,1007,rr_debiased,0.19145889673111727,0.09572944836555869
0.25,1000,none,1007,poststratified,0.1921854833527346,0.09609274167636728
0.25,1000,none,1008,raw_frequencies,0.23700000000000004,0.1185
0.25,1000,none,1008,rr_debiased,0.34041311292679843,0.17020655646339927
0.25,1000,none,1008,poststratified,0.34503560687123785,0.17251780343561895
0.25,1000,none,1009,raw_frequencies,0.23700000000000004,0.1185
0.25,1000,none,1009,rr_debiased,0.6745785661213148,0.3372892830606573
0.25,1000,none,1009,poststratified,0.720135434524401,0.36006771726220044
0.25,1000,none,1010,raw_frequencies,0.30500000000000005,0.15250000000000002
0.25,1000,none,1010,rr_debiased,0.4458324665675119,0.22291623328375598
0.25,1000,none,1010,poststratified,0.4575899389800899,0.2287949694900449
0.25,1000,none,1011,raw_frequencies,0.2290000000000001,0.11449999999999999
0.25,1000,none,1011,rr_debiased,0.3749999999999999,0.1875
0.25,1000,none,1011,poststratified,0.37499999999999983,0.1875
0.25,1000,none,1012,raw_frequencies,0.28300000000000003,0.14150000000000001
0.25,1000,none,1012,rr_debiased,0.19145889673111732,0.09572944836555869
0.25,1000,none,1012,poststratified,0.1476387443422506,0.07381937217112533
0.25,1000,none,1013,raw_frequencies,0.275,0.1375
0.25,1000,none,1013,rr_debiased,0.09895941679061032,0.04947970839530508
0.25,1000,none,1013,poststratified,0.08704915604795829,0.04352457802397905
0.25,1000,none,1014,raw_frequencies,0.3010000000000001,0.15050000000000002
0.25,1000,none,1014,rr_debiased,0.6116638930160379,0.3058319465080189
0.25,1000,none,1014,poststratified,0.6573231446659258,0.32866157233296295
0.25,1000,none,1015,raw_frequencies,0.26700000000000007,0.1335
0.25,1000,none,1015,rr_debiased,0.6579136329862914,0.32895681649314573
0.25,1000,none,1015,poststratified,0.6503784618464945,0.3251892309232473
0.25,1000,none,1016,raw_frequencies,0.28900000000000003,0.14450000000000002
0.25,1000,none,1016,rr_debiased,0.27354110326888276,0.1367705516344414
0.25,1000,none,1016,poststratified,0.28359145971464306,0.14179572985732164
0.25,1000,none,1017,raw_frequencies,0.22500000000000003,0.11249999999999999
0.25,1000,none,1017,rr_debiased,0.7754433519493441,0.387721675974672
0.25,1000,none,1017,poststratified,0.7785253709181574,0.3892626854590787
0.25,1000,none,1018,raw_frequencies,0.28500000000000003,0.14250000000000002
0.25,1000,none,1018,rr_debiased,0.2735411032688827,0.1367705516344414
0.25,1000,none,1018,poststratified,0.2622316645787047,0.13111583228935242
0.25,1000,none,1019,raw_frequencies,0.22900000000000004,0.11449999999999999
0.25,1000,none,1019,rr_debiased,0.4971115478656946,0.24855577393284722
0.25,1000,none,1019,poststratified,0.48580070495731925,0.2429003524786596
0.25,1000,none,1020,raw_frequencies,0.29500000000000004,0.14750000000000002
0.25,1000,none,1020,rr_debiased,0.330208116641878,0.16510405832093905
0.25,1000,none,1020,poststratified,0.36294759500360313,0.18147379750180154
0.25,1000,none,1021,raw_frequencies,0.267,0.1335
0.25,1000,none,1021,rr_debiased,0.08854214338786853,0.04427107169393424
0.25,1000,none,1021,poststratified,0.06581294060081228,0.032906470300406165
0.25,1000,none,1022,raw_frequencies,0.21900000000000008,0.10949999999999999
0.25,1000,none,1022,rr_debiased,0.3750000000000001,0.1875
0.25,1000,none,1022,poststratified,0.3749999999999998,0.1875
0.25,1000,none,1023,raw_frequencies,0.24300000000000005,0.1215
0.25,1000,none,1023,rr_debiased,0.27103850297141807,0.1355192514857091
0.25,1000,none,1023,poststratified,0.2898442551439543,0.1449221275719771
0.25,1000,none,1024,raw_frequencies,0.21900000000000003,0.10949999999999999
0.25,1000,none,1024,rr_debiased,0.37499999999999983,0.1875
0.25,1000,none,1024,poststratified,0.3859296039865781,0.19296480199328903
0.25,1000,none,1025,raw_frequencies,0.2750000000000001,0.1375
0.25,1000,none,1025,rr_debiased,0.3341654531945163,0.16708272659725817
0.25,1000,none,1025,poststratified,0.25994931437870816,0.12997465718935408
0.25,1000,none,1026,raw_frequencies,0.24700000000000005,0.1235
0.25,1000,none,1026,rr_debiased,0.327705516344413,0.16385275817220646
0.25,1000,none,1026,poststratified,0.31149083712543324,0.15574541856271662
0.25,1000,none,1027,raw_frequencies,0.2330000000000001,0.11649999999999999
0.25,1000,none,1027,rr_debiased,0.37499999999999983,0.1875
0.25,1000,none,1027,poststratified,0.37499999999999983,0.1875
0.25,1000,none,1028,raw_frequencies,0.2810000000000001,0.1405
0.25,1000,none,1028,rr_debiased,0.24166597325400918,0.12083298662700453
0.25,1000,none,1028,poststratified,0.3041818576360261,0.15209092881801312
0.25,1000,none,1029,raw_frequencies,0.2850000000000001,0.14250000000000002
0.25,1000,none,1029,rr_debiased,0.5654141530457841,0.2827070765228921
0.25,1000,none,1029,poststratified,0.5583776133950339,0.27918880669751694
0.25,1000,moderate,1000,raw_frequencies,0.23500000000000004,0.1175
0.25,1000,moderate,1000,rr_debiased,0.3635379829119252,0.18176899145596268
0.25,1000,moderate,1000,poststratified,0.22263129349615707,0.11131564674807855
0.25,1000,moderate,1001,raw_frequencies,0.275,0.1375
0.25,1000,moderate,1001,rr_debiased,0.12604162332837548,0.06302081166418783
0.25,1000,moderate,1001,poststratified,0.37034791477978624,0.1851739573898932
0.25,1000,moderate,1002,raw_frequencies,0.2810000000000001,0.1405
0.25,1000,moderate,1002,rr_debiased,0.4585400631498968,0.22927003157494835
0.25,1000,moderate,1002,poststratified,0.1779837820616491,0.08899189103082455
0.25,1000,moderate,1003,raw_frequencies,0.24700000000000005,0.1235
0.25,1000,moderate,1003,rr_debiased,0.5445796062403006,0.2722898031201502
0.25,1000,moderate,1003,poststratified,0.3196563551696182,0.159828177584809
0.25,1000,moderate,1004,raw_frequencies,0.21900000000000008,0.10949999999999999
0.25,1000,moderate,1004,rr_debiased,0.37500000000000006,0.1875
0.25,1000,moderate,1004,poststratified,0.37499999999999994,0.1875
0.25,1000,moderate,1005,raw_frequencies,0.28300000000000003,0.14150000000000001
0.25,1000,moderate,1005,rr_debiased,0.20416649331350245,0.10208324665675117
0.25,1000,moderate,1005,poststratified,0.2876724956279899,0.14383624781399498
0.25,1000,moderate,1006,raw_frequencies,0.25900000000000006,0.1295
0.25,1000,moderate,1006,rr_debiased,0.47520499628492013,0.23760249814245998
0.25,1000,moderate,1006,poststratified,0.3370614848607859,0.16853074243039295
0.25,1000,moderate,1007,raw_frequencies,0.2270000000000001,0.11349999999999999
0.25,1000,moderate,1007,rr_debiased,0.37499999999999994,0.1875
0.25,1000,moderate,1007,poststratified,0.37499999999999983,0.1875
0.25,1000,moderate,1008,raw_frequencies,0.26300000000000007,0.1315
0.25,1000,moderate,1008,rr_debiased,0.17458168647827185,0.08729084323913588
0.25,1000,moderate,1008,poststratified,0.2341099064648354,0.11705495323241771
0.25,1000,moderate,1009,raw_frequencies,0.2430000000000001,0.1215
0.25,1000,moderate,1009,rr_debiased,0.27103850297141807,0.13551925148570906
0.25,1000,moderate,1009,poststratified,0.20713869984586936,0.10356934992293465
0.25,1000,moderate,1010,raw_frequencies,0.25300000000000006,0.1265
0.25,1000,moderate,1010,rr_debiased,0.40583038632953977,0.20291519316476986
0.25,1000,moderate,1010,poststratified,0.1918679464922321,0.09593397324611609
0.25,1000,moderate,1011,raw_frequencies,0.317,0.15849999999999997
0.25,1000,moderate,1011,rr_debiased,0.6204141530457842,0.31020707652289214
0.25,1000,moderate,1011,poststratified,0.5717702285310814,0.28588511426554064
0.25,1000,moderate,1012,raw_frequencies,0.25100000000000006,0.1255
0.25,1000,moderate,1012,rr_debiased,0.4058303863295398,0.20291519316476986
0.25,1000,moderate,1012,poststratified,0.5313562549726117,0.26567812748630576
0.25,1000,moderate,1013,raw_frequencies,0.23900000000000005,0.1195
0.25,1000,moderate,1013,rr_debiased,0.3508303863295398,0.17541519316476983
0.25,1000,moderate,1013,poststratified,0.1958117869805931,0.09790589349029655
0.25,1000,moderate,1014,raw_frequencies,0.29700000000000004,0.14850000000000002
0.25,1000,moderate,1014,rr_debiased,0.35333298662700485,0.17666649331350237
0.25,1000,moderate,1014,poststratified,0.22457011101149624,0.11228505550574819
0.25,1000,moderate,1015,raw_frequencies,0.24500000000000005,0.1225
0.25,1000,moderate,1015,rr_debiased,0.327705516344413,0.16385275817220646
0.25,1000,moderate,1015,poststratified,0.21062847649172664,0.10531423824586339
0.25,1000,moderate,1016,raw_frequencies,0.275,0.1375
0.25,1000,moderate,1016,rr_debiased,0.09895941679061032,0.04947970839530508
0.25,1000,moderate,1016,poststratified,0.3232849351519408,0.16164246757597045
0.25,1000,moderate,1017,raw_frequencies,0.30100000000000005,0.15050000000000002
0.25,1000,moderate,1017,rr_debiased,0.39958272659725835,0.19979136329862912
0.25,1000,moderate,1017,poststratified,0.3430039305409378,0.17150196527046885
0.25,1000,moderate,1018,raw_frequencies,0.26700000000000007,0.1335
0.25,1000,moderate,1018,rr_debiased,0.5654141530457841,0.2827070765228921
0.25,1000,moderate,1018,poststratified,0.7849999999999999,0.3925
0.25,1000,moderate,1019,raw_frequencies,0.20700000000000007,0.10349999999999998
0.25,1000,moderate,1019,rr_debiased,0.3749999999999999,0.1875
0.25,1000,moderate,1019,poststratified,0.375,0.1875
0.25,1000,moderate,1020,raw_frequencies,0.28300000000000003,0.14150000000000001
0.25,1000,moderate,1020,rr_debiased,0.19145889673111727,0.09572944836555869
0.25,1000,moderate,1020,poststratified,0.25846259147775763,0.12923129573887887
0.25,1000,moderate,1021,raw_frequencies,0.26700000000000007,0.1335
0.25,1000,moderate,1021,rr_debiased,0.5510395430904038,0.27551977154520196
0.25,1000,moderate,1021,poststratified,0.6271860285187973,0.31359301425939873
0.25,1000,moderate,1022,raw_frequencies,0.26700000000000007,0.1335
0.25,1000,moderate,1022,rr_debiased,0.21854110326888235,0.10927055163444122
0.25,1000,moderate,1022,poststratified,0.7079043181826545,0.35395215909132727
0.25,1000,moderate,1023,raw_frequencies,0.265,0.1325
0.25,1000,moderate,1023,rr_debiased,0.02708220653776533,0.013541103268882582
0.25,1000,moderate,1023,poststratified,0.20484704654216396,0.10242352327108195
0.25,1000,moderate,1024,raw_frequencies,0.29300000000000004,0.14650000000000002
0.25,1000,moderate,1024,rr_debiased,0.3891654531945166,0.19458272659725828
0.25,1000,moderate,1024,poststratified,0.5676037201095028,0.2838018600547514
0.25,1000,moderate,1025,raw_frequencies,0.24700000000000005,0.1235
0.25,1000,moderate,1025,rr_debiased,0.6833288261510613,0.3416644130755306
0.25,1000,moderate,1025,poststratified,0.7404340839980796,0.3702170419990399
0.25,1000,moderate,1026,raw_frequencies,0.26700000000000007,0.1335
0.25,1000,moderate,1026,rr_debiased,0.34291571322426273,0.17145785661213142
0.25,1000,moderate,1026,poststratified,0.14544132808477295,0.07272066404238647
0.25,1000,moderate,1027,raw_frequencies,0.28500000000000003,0.14250000000000002
0.25,1000,moderate,1027,rr_debiased,0.21458376671624418,0.10729188335812201
0.25,1000,moderate,1027,poststratified,0.13847210325177864,0.06923605162588942
0.25,1000,moderate,1028,raw_frequencies,0.24700000000000005,0.1235
0.25,1000,moderate,1028,rr_debiased,0.45208012629979344,0.22604006314989672
0.25,1000,moderate,1028,poststratified,0.22700256790881468,0.11350128395440734
0.25,1000,moderate,1029,raw_frequencies,0.21900000000000003,0.10949999999999999
0.25,1000,moderate,1029,rr_debiased,0.5448177065340183,0.2724088532670091
0.25,1000,moderate,1029,poststratified,0.49200679952868226,0.2460033997643411
0.25,1000,strong,1000,raw_frequencies,0.25500000000000006,0.1275
0.25,1000,strong,1000,rr_debiased,0.47520499628492013,0.23760249814245998
0.25,1000,strong,1000,poststratified,0.277034057250883,0.13851702862544152
0.25,1000,strong,1001,raw_frequencies,0.25300000000000006,0.1265
0.25,1000,strong,1001,rr_debiased,0.19770655646339863,0.09885327823169926
0.25,1000,strong,1001,poststratified,0.4360446655435458,0.21802233277177285
0.25,1000,strong,1002,raw_frequencies,0.315,0.15749999999999997
0.25,1000,strong,1002,rr_debiased,0.5972892830606574,0.29864464153032877
0.25,1000,strong,1002,poststratified,0.883744003708612,0.441872001854306
0.25,1000,strong,1003,raw_frequencies,0.24300000000000005,0.1215
0.25,1000,strong,1003,rr_debiased,0.2710385029714181,0.1355192514857091
0.25,1000,strong,1003,poststratified,0.7213956184453333,0.3606978092226667
0.25,1000,strong,1004,raw_frequencies,0.2690000000000001,0.1345
0.25,1000,strong,1004,rr_debiased,0.34291571322426273,0.17145785661213142
0.25,1000,strong,1004,poststratified,0.5394137334343041,0.26970686671715205
0.25,1000,strong,1005,raw_frequencies,0.25700000000000006,0.1285
0.25,1000,strong,1005,rr_debiased,0.1514568164931451,0.07572840824657251
0.25,1000,strong,1005,poststratified,0.5650707972409256,0.28253539862046284
0.25,1000,strong,1006,raw_frequencies,0.32300000000000006,0.16149999999999998
0.25,1000,strong,1006,rr_debiased,0.7504131129267986,0.3752065564633993
0.25,1000,strong,1006,poststratified,0.7850000000000001,0.3925
0.25,1000,strong,1007,raw_frequencies,0.29100000000000004,0.14550000000000002
0.25,1000,strong,1007,rr_debiased,0.28395837667162455,0.1419791883358122
0.25,1000,strong,1007,poststratified,0.5894956429657339,0.29474782148286693
0.25,1000,strong,1008,raw_frequencies,0.24300000000000005,0.1215
0.25,1000,strong,1008,rr_debiased,0.3595806463592862,0.1797903231796431
0.25,1000,strong,1008,poststratified,0.32485919125016627,0.16242959562508313
0.25,1000,strong,1009,raw_frequencies,0.30500000000000005,0.15250000000000002
0.25,1000,strong,1009,rr_debiased,0.44583246656751185,0.22291623328375587
0.25,1000,strong,1009,poststratified,0.9308953433355709,0.46544767166778545
0.25,1000,strong,1010,raw_frequencies,0.2770000000000001,0.1385
0.25,1000,strong,1010,rr_debiased,0.27354110326888237,0.13677055163444124
0.25,1000,strong,1010,poststratified,0.19806630648948592,0.09903315324474288
0.25,1000,strong,1011,raw_frequencies,0.23300000000000004,0.11649999999999999
0.25,1000,strong,1011,rr_debiased,0.5598620123171829,0.2799310061585914
0.25,1000,strong,1011,poststratified,0.4463603441383504,0.2231801720691753
0.25,1000,strong,1012,raw_frequencies,0.22100000000000009,0.11049999999999999
0.25,1000,strong,1012,rr_debiased,0.37500000000000006,0.1875
0.25,1000,strong,1012,poststratified,0.1696863730830284,0.08484318654151415
0.25,1000,strong,1013,raw_frequencies,0.275,0.1375
0.25,1000,strong,1013,rr_debiased,0.09895941679061021,0.04947970839530508
0.25,1000,strong,1013,poststratified,0.6188798921317697,0.3094399460658848
0.25,1000,strong,1014,raw_frequencies,0.317,0.15849999999999997
0.25,1000,strong,1014,rr_debiased,0.5845816864782719,0.2922908432391359
0.25,1000,strong,1014,poststratified,0.32699498398653837,0.16349749199326907
0.25,1000,strong,1015,raw_frequencies,0.30300000000000005,0.15150000000000002
0.25,1000,strong,1015,rr_debiased,0.42270759658238516,0.21135379829119255
0.25,1000,strong,1015,poststratified,0.3532035721723322,0.1766017860861661
0.25,1000,strong,1016,raw_frequencies,0.3030000000000001,0.15150000000000002
0.25,1000,strong,1016,rr_debiased,0.84,0.42000000000000004
0.25,1000,strong,1016,poststratified,0.8400000000000001,0.42000000000000004
0.25,1000,strong,1017,raw_frequencies,0.28900000000000003,0.14450000000000002
0.25,1000,strong,1017,rr_debiased,0.3660405832093899,0.1830202916046949
0.25,1000,strong,1017,poststratified,0.3955301024966633,0.1977650512483316
0.25,1000,strong,1018,raw_frequencies,0.25700000000000006,0.1285
0.25,1000,strong,1018,rr_debiased,0.22083142644852538,0.11041571322426275
0.25,1000,strong,1018,poststratified,0.36453627656734827,0.1822681382836742
0.25,1000,strong,1019,raw_frequencies,0.31700000000000006,0.15849999999999997
0.25,1000,strong,1019,rr_debiased,0.8400000000000001,0.42000000000000004
0.25,1000,strong,1019,poststratified,0.9151694776713117,0.4575847388356559
0.25,1000,strong,1020,raw_frequencies,0.3090000000000001,0.15450000000000003
0.25,1000,strong,1020,rr_debiased,0.8400000000000002,0.42000000000000004
0.25,1000,strong,1020,poststratified,0.849898960579359,0.4249494802896795
0.25,1000,strong,1021,raw_frequencies,0.26500000000000007,0.1325
0.25,1000,strong,1021,rr_debiased,0.613954216195681,0.30697710809784046
0.25,1000,strong,1021,poststratified,0.47192711560445394,0.23596355780222694
0.25,1000,strong,1022,raw_frequencies,0.24500000000000005,0.1225
0.25,1000,strong,1022,rr_debiased,0.24791363298629152,0.12395681649314569
0.25,1000,strong,1022,poststratified,0.685071503933785,0.34253575196689245
0.25,1000,strong,1023,raw_frequencies,0.25900000000000006,0.1295
0.25,1000,strong,1023,rr_debiased,0.6602039561659345,0.3301019780829672
0.25,1000,strong,1023,poststratified,0.16458902156246807,0.08229451078123406
0.25,1000,strong,1024,raw_frequencies,0.25100000000000006,0.1255
0.25,1000,strong,1024,rr_debiased,0.4289552563146666,0.21447762815733323
0.25,1000,strong,1024,poststratified,0.4278728847296315,0.2139364423648158
0.25,1000,strong,1025,raw_frequencies,0.275,0.1375
0.25,1000,strong,1025,rr_debiased,0.18104162332837553,0.09052081166418785
0.25,1000,strong,1025,poststratified,0.3469739858500291,0.17348699292501457
0.25,1000,strong,1026,raw_frequencies,0.21300000000000002,0.10649999999999998
0.25,1000,strong,1026,rr_debiased,0.3749999999999999,0.1875
0.25,1000,strong,1026,poststratified,0.375,0.1875
0.25,1000,strong,1027,raw_frequencies,0.29100000000000004,0.14550000000000002
0.25,1000,strong,1027,rr_debiased,0.3197908432391362,0.15989542161956816
0.25,1000,strong,1027,poststratified,0.1574381390668383,0.07871906953341919
0.25,1000,strong,1028,raw_frequencies,0.31700000000000006,0.15849999999999997
0.25,1000,strong,1028,rr_debiased,0.7822882429416718,0.3911441214708359
0.25,1000,strong,1028,poststratified,0.49172217073638963,0.24586108536819487
0.25,1000,strong,1029,raw_frequencies,0.2750000000000001,0.1375
0.25,1000,strong,1029,rr_debiased,0.7822882429416718,0.39114412147083594
0.25,1000,strong,1029,poststratified,0.47326391101047616,0.23663195550523802
0.25,2000,none,1000,raw_frequencies,0.2760000000000001,0.138
0.25,2000,none,1000,rr_debiased,0.3082284082465725,0.1541142041232863
0.25,2000,none,1000,poststratified,0.31050571357551177,0.15525285678775586
0.25,2000,none,1001,raw_frequencies,0.25300000000000006,0.1265
0.25,2000,none,1001,rr_debiased,0.15541415304578415,0.07770707652289212
0.25,2000,none,1001,poststratified,0.13830304494375018,0.06915152247187513
0.25,2000,none,1002,raw_frequencies,0.281,0.1405
0.25,2000,none,1002,rr_debiased,0.18385379829119253,0.09192689914559626
0.25,2000,none,1002,poststratified,0.17656743056980706,0.08828371528490353
0.25,2000,none,1003,raw_frequencies,0.26000000000000006,0.13
0.25,2000,none,1003,rr_debiased,0.14270655646339864,0.07135327823169924
0.25,2000,none,1003,poststratified,0.15256672679616937,0.07628336339808461
0.25,2000,none,1004,raw_frequencies,0.276,0.138
0.25,2000,none,1004,rr_debiased,0.15791675334324887,0.07895837667162448
0.25,2000,none,1004,poststratified,0.16078028883482925,0.0803901444174146
0.25,2000,none,1005,raw_frequencies,0.25200000000000006,0.126
0.25,2000,none,1005,rr_debiased,0.3855176913072299,0.1927588456536149
0.25,2000,none,1005,poststratified,0.3637363536546927,0.18186817682734635
0.25,2000,none,1006,raw_frequencies,0.276,0.138
0.25,2000,none,1006,rr_debiased,0.14635431835068538,0.07317715917534273
0.25,2000,none,1006,poststratified,0.1342602764636945,0.06713013823184727
0.25,2000,none,1007,raw_frequencies,0.276,0.138
0.25,2000,none,1007,rr_debiased,0.1607289283060657,0.08036446415303289
0.25,2000,none,1007,poststratified,0.17304679490068334,0.08652339745034171
0.25,2000,none,1008,raw_frequencies,0.2690000000000001,0.1345
0.25,2000,none,1008,rr_debiased,0.2504162332837556,0.12520811664187775
0.25,2000,none,1008,poststratified,0.2290939903471999,0.11454699517359995
0.25,2000,none,1009,raw_frequencies,0.267,0.1335
0.25,2000,none,1009,rr_debiased,0.0451045783804318,0.022552289190215957
0.25,2000,none,1009,poststratified,0.03769316857336208,0.018846584286681012
0.25,2000,none,1010,raw_frequencies,0.331,0.16549999999999998
0.25,2000,none,1010,rr_debiased,0.7464557763741594,0.37322788818707964
0.25,2000,none,1010,poststratified,0.7444373265837874,0.3722186632918937
0.25,2000,none,1011,raw_frequencies,0.2700000000000001,0.135
0.25,2000,none,1011,rr_debiased,0.3197908432391359,0.159895421619568
0.25,2000,none,1011,poststratified,0.32060853372731657,0.16030426686365823
0.25,2000,none,1012,raw_frequencies,0.278,0.139
0.25,2000,none,1012,rr_debiased,0.13760405832093897,0.06880202916046946
0.25,2000,none,1012,poststratified,0.15171348179095256,0.07585674089547628
0.25,2000,none,1013,raw_frequencies,0.26100000000000007,0.1305
0.25,2000,none,1013,rr_debiased,0.22364360141134235,0.11182180070567116
0.25,2000,none,1013,poststratified,0.2395139733819303,0.11975698669096513
0.25,2000,none,1014,raw_frequencies,0.2440000000000001,0.122
0.25,2000,none,1014,rr_debiased,0.25947606797885464,0.12973803398942735
0.25,2000,none,1014,poststratified,0.2482455381306452,0.12412276906532264
0.25,2000,none,1015,raw_frequencies,0.26000000000000006,0.13
0.25,2000,none,1015,rr_debiased,0.09645681649314503,0.048228408246572485
0.25,2000,none,1015,poststratified,0.0912735825623677,0.04563679128118392
0.25,2000,none,1016,raw_frequencies,0.259,0.1295
0.25,2000,none,1016,rr_debiased,0.11676951151545559,0.058384755757727724
0.25,2000,none,1016,poststratified,0.14091646165770202,0.07045823082885094
0.25,2000,none,1017,raw_frequencies,0.2710000000000001,0.1355
0.25,2000,none,1017,rr_debiased,0.24166597325400918,0.12083298662700465
0.25,2000,none,1017,poststratified,0.23868758730837641,0.11934379365418823
0.25,2000,none,1018,raw_frequencies,0.2780000000000001,0.139
0.25,2000,none,1018,rr_debiased,0.3429157132242627,0.17145785661213142
0.25,2000,none,1018,poststratified,0.3142187824991012,0.15710939124955065
0.25,2000,none,1019,raw_frequencies,0.30100000000000005,0.15050000000000002
0.25,2000,none,1019,rr_debiased,0.39958272659725835,0.19979136329862912
0.25,2000,none,1019,poststratified,0.40368246926062795,0.20184123463031395
0.25,2000,none,1020,raw_frequencies,0.24900000000000005,0.1245
0.25,2000,none,1020,rr_debiased,0.22364360141134237,0.11182180070567116
0.25,2000,none,1020,poststratified,0.21981216900848366,0.10990608450424177
0.25,2000,none,1021,raw_frequencies,0.25700000000000006,0.1285
0.25,2000,none,1021,rr_debiased,0.2555187314262156,0.1277593657131078
0.25,2000,none,1021,poststratified,0.24983156033658083,0.12491578016829047
0.25,2000,none,1022,raw_frequencies,0.25900000000000006,0.1295
0.25,2000,none,1022,rr_debiased,0.3970801262997934,0.1985400631498967
0.25,2000,none,1022,poststratified,0.3947767333465773,0.19738836667328863
0.25,2000,none,1023,raw_frequencies,0.27,0.135
0.25,2000,none,1023,rr_debiased,0.1463543183506855,0.07317715917534268
0.25,2000,none,1023,poststratified,0.1571734621766392,0.07858673108831965
0.25,2000,none,1024,raw_frequencies,0.29000000000000004,0.14500000000000002
0.25,2000,none,1024,rr_debiased,0.272395941679061,0.13619797083953045
0.25,2000,none,1024,poststratified,0.28406537766894463,0.1420326888344723
0.25,2000,none,1025,raw_frequencies,0.25400000000000006,0.127
0.25,2000,none,1025,rr_debiased,0.17458168647827188,0.08729084323913588
0.25,2000,none,1025,poststratified,0.194139231209562,0.097069615604781
0.25,2000,none,1026,raw_frequencies,0.268,0.134
0.25,2000,none,1026,rr_debiased,0.10010457838043191,0.050052289190215926
0.25,2000,none,1026,poststratified,0.10203600495047885,0.05101800247523941
0.25,2000,none,1027,raw_frequencies,0.26200000000000007,0.131
0.25,2000,none,1027,rr_debiased,0.1977065564633986,0.09885327823169926
0.25,2000,none,1027,poststratified,0.1860975443830278,0.09304877219151392
0.25,2000,none,1028,raw_frequencies,0.23800000000000004,0.119
0.25,2000,none,1028,rr_debiased,0.37114308135184954,0.18557154067592468
0.25,2000,none,1028,poststratified,0.36735671970389816,0.18367835985194908
0.25,2000,none,1029,raw_frequencies,0.25000000000000006,0.125
0.25,2000,none,1029,rr_debiased,0.3508303863295397,0.17541519316476983
0.25,2000,none,1029,poststratified,0.3476738447630478,0.17383692238152393
0.25,2000,moderate,1000,raw_frequencies,0.25300000000000006,0.1265
0.25,2000,moderate,1000,rr_debiased,0.2786436014113425,0.13932180070567118
0.25,2000,moderate,1000,poststratified,0.1427057457593847,0.07135287287969236
0.25,2000,moderate,1001,raw_frequencies,0.26400000000000007,0.132
0.25,2000,moderate,1001,rr_debiased,0.209268991455962,0.10463449572798095
0.25,2000,moderate,1001,poststratified,0.04365259879400596,0.021826299397003035
0.25,2000,moderate,1002,raw_frequencies,0.26800000000000007,0.134
0.25,2000,moderate,1002,rr_debiased,0.3082284082465726,0.15411420412328625
0.25,2000,moderate,1002,poststratified,0.13966277565446378,0.06983138782723197
0.25,2000,moderate,1003,raw_frequencies,0.23700000000000004,0.1185
0.25,2000,moderate,1003,rr_debiased,0.382705516344413,0.19135275817220648
0.25,2000,moderate,1003,poststratified,0.14358499106703013,0.07179249553351508
0.25,2000,moderate,1004,raw_frequencies,0.2720000000000001,0.136
0.25,2000,moderate,1004,rr_debiased,0.5741644130755306,0.2870822065377654
0.25,2000,moderate,1004,poststratified,0.39776847685914085,0.19888423842957043
0.25,2000,moderate,1005,raw_frequencies,0.26000000000000006,0.13
0.25,2000,moderate,1005,rr_debiased,0.2670811664187791,0.1335405832093895
0.25,2000,moderate,1005,poststratified,0.2979248542805404,0.14896242714027025
0.25,2000,moderate,1006,raw_frequencies,0.2690000000000001,0.1345
0.25,2000,moderate,1006,rr_debiased,0.18385379829119217,0.09192689914559604
0.25,2000,moderate,1006,poststratified,0.2849914922291964,0.1424957461145982
0.25,2000,moderate,1007,raw_frequencies,0.23700000000000004,0.1185
0.25,2000,moderate,1007,rr_debiased,0.613954216195681,0.30697710809784046
0.25,2000,moderate,1007,poststratified,0.4456798220601671,0.22283991103008355
0.25,2000,moderate,1008,raw_frequencies,0.25800000000000006,0.129
0.25,2000,moderate,1008,rr_debiased,0.5098923012626103,0.25494615063130505
0.25,2000,moderate,1008,poststratified,0.46218388291459933,0.23109194145729955
0.25,2000,moderate,1009,raw_frequencies,0.28300000000000003,0.14150000000000001
0.25,2000,moderate,1009,rr_debiased,0.25041623328375595,0.12520811664187792
0.25,2000,moderate,1009,poststratified,0.2139312718436303,0.10696563592181513
0.25,2000,moderate,1010,raw_frequencies,0.26300000000000007,0.1315
0.25,2000,moderate,1010,rr_debiased,0.24395629643365233,0.12197814821682612
0.25,2000,moderate,1010,poststratified,0.35079931811576637,0.17539965905788318
0.25,2000,moderate,1011,raw_frequencies,0.24000000000000005,0.12
0.25,2000,moderate,1011,rr_debiased,0.3057258079491083,0.15286290397455418
0.25,2000,moderate,1011,poststratified,0.3423099284940009,0.17115496424700044
0.25,2000,moderate,1012,raw_frequencies,0.2700000000000001,0.135
0.25,2000,moderate,1012,rr_debiased,0.16947918833581177,0.08473959416790594
0.25,2000,moderate,1012,poststratified,0.06866937246754073,0.034334686233770395
0.25,2000,moderate,1013,raw_frequencies,0.27,0.135
0.25,2000,moderate,1013,rr_debiased,0.12322944836555869,0.0616147241827793
0.25,2000,moderate,1013,poststratified,0.10184044498508624,0.05092022249254308
0.25,2000,moderate,1014,raw_frequencies,0.2790000000000001,0.1395
0.25,2000,moderate,1014,rr_debiased,0.3891654531945164,0.1945827265972582
0.25,2000,moderate,1014,poststratified,0.2698833952948678,0.1349416976474339
0.25,2000,moderate,1015,raw_frequencies,0.2860000000000001,0.14300000000000002
0.25,2000,moderate,1015,rr_debiased,0.34572788818707967,0.1728639440935399
0.25,2000,moderate,1015,poststratified,0.49409395727820116,0.24704697863910055
0.25,2000,moderate,1016,raw_frequencies,0.2810000000000001,0.1405
0.25,2000,moderate,1016,rr_debiased,0.4585400631498968,0.22927003157494835
0.25,2000,moderate,1016,poststratified,0.3354062752304296,0.16770313761521483
0.25,2000,moderate,1017,raw_frequencies,0.274,0.137
0.25,2000,moderate,1017,rr_debiased,0.08739698179804692,0.04369849089902336
0.25,2000,moderate,1017,poststratified,0.2740840201270409,0.13704201006352046
0.25,2000,moderate,1018,raw_frequencies,0.2440000000000001,0.122
0.25,2000,moderate,1018,rr_debiased,0.25947606797885464,0.12973803398942735
0.25,2000,moderate,1018,poststratified,0.15463818668602675,0.07731909334301341
0.25,2000,moderate,1019,raw_frequencies,0.29200000000000004,0.14600000000000002
0.25,2000,moderate,1019,rr_debiased,0.29666597325400956,0.14833298662700478
0.25,2000,moderate,1019,poststratified,0.25061910684546956,0.12530955342273475
0.25,2000,moderate,1020,raw_frequencies,0.2820000000000001,0.14100000000000001
0.25,2000,moderate,1020,rr_debiased,0.45854006314989665,0.22927003157494838
0.25,2000,moderate,1020,poststratified,0.39712927069897813,0.1985646353494891
0.25,2000,moderate,1021,raw_frequencies,0.24700000000000005,0.1235
0.25,2000,moderate,1021,rr_debiased,0.2786436014113424,0.13932180070567118
0.25,2000,moderate,1021,poststratified,0.19735509078672073,0.0986775453933604
0.25,2000,moderate,1022,raw_frequencies,0.26800000000000007,0.134
0.25,2000,moderate,1022,rr_debiased,0.3660405832093895,0.1830202916046948
0.25,2000,moderate,1022,poststratified,0.4620795514675331,0.23103977573376663
0.25,2000,moderate,1023,raw_frequencies,0.23900000000000005,0.1195
0.25,2000,moderate,1023,rr_debiased,0.3172882429416718,0.15864412147083587
0.25,2000,moderate,1023,poststratified,0.37500000000000006,0.1875
0.25,2000,moderate,1024,raw_frequencies,0.29600000000000004,0.14800000000000002
0.25,2000,moderate,1024,rr_debiased,0.3417705516344413,0.17088527581722074
0.25,2000,moderate,1024,poststratified,0.43882227948905134,0.21941113974452564
0.25,2000,moderate,1025,raw_frequencies,0.2960000000000001,0.14800000000000002
0.25,2000,moderate,1025,rr_debiased,0.4497898031201502,0.22489490156007516
0.25,2000,moderate,1025,poststratified,0.694032154095622,0.34701607704781107
0.25,2000,moderate,1026,raw_frequencies,0.24800000000000005,0.124
0.25,2000,moderate,1026,rr_debiased,0.3133309063890326,0.15666545319451625
0.25,2000,moderate,1026,poststratified,0.241152582098888,0.12057629104944408
0.25,2000,moderate,1027,raw_frequencies,0.23100000000000004,0.11549999999999999
0.25,2000,moderate,1027,rr_debiased,0.7264141085226903,0.3632070542613452
0.25,2000,moderate,1027,poststratified,0.7551469763294443,0.3775734881647221
0.25,2000,moderate,1028,raw_frequencies,0.25300000000000006,0.1265
0.25,2000,moderate,1028,rr_debiased,0.16583142644852533,0.08291571322426261
0.25,2000,moderate,1028,poststratified,0.1826520971512552,0.09132604857562754
0.25,2000,moderate,1029,raw_frequencies,0.30300000000000005,0.15150000000000002
0.25,2000,moderate,1029,rr_debiased,0.4227075965823852,0.21135379829119255
0.25,2000,moderate,1029,poststratified,0.6248004710568631,0.31240023552843144
0.25,2000,strong,1000,raw_frequencies,0.28600000000000003,0.14300000000000002
0.25,2000,strong,1000,rr_debiased,0.2735411032688827,0.1367705516344414
0.25,2000,strong,1000,poststratified,0.2687914529005488,0.13439572645027437
0.25,2000,strong,1001,raw_frequencies,0.26,0.13
0.25,2000,strong,1001,rr_debiased,0.07447710809784058,0.03723855404892035
0.25,2000,strong,1001,poststratified,0.21817950273117387,0.10908975136558703
0.25,2000,strong,1002,raw_frequencies,0.26100000000000007,0.1305
0.25,2000,strong,1002,rr_debiased,0.24395629643365227,0.12197814821682612
0.25,2000,strong,1002,poststratified,0.5158897897231274,0.2579448948615637
0.25,2000,strong,1003,raw_frequencies,0.23000000000000004,0.11499999999999999
0.25,2000,strong,1003,rr_debiased,0.4918633278402417,0.24593166392012084
0.25,2000,strong,1003,poststratified,0.464517446566706,0.232258723283353
0.25,2000,strong,1004,raw_frequencies,0.24500000000000005,0.1225
0.25,2000,strong,1004,rr_debiased,0.3133309063890326,0.15666545319451625
0.25,2000,strong,1004,poststratified,0.3266238362688807,0.16331191813444035
0.25,2000,strong,1005,raw_frequencies,0.269,0.1345
0.25,2000,strong,1005,rr_debiased,0.09135431835068542,0.04567715917534265
0.25,2000,strong,1005,poststratified,0.31821532043128886,0.15910766021564446
0.25,2000,strong,1006,raw_frequencies,0.2760000000000001,0.138
0.25,2000,strong,1006,rr_debiased,0.3082284082465725,0.1541142041232863
0.25,2000,strong,1006,poststratified,0.37499999999999983,0.1875
0.25,2000,strong,1007,raw_frequencies,0.256,0.128
0.25,2000,strong,1007,rr_debiased,0.12072684806809422,0.06036342403404707
0.25,2000,strong,1007,poststratified,0.23995780615209122,0.1199789030760457
0.25,2000,strong,1008,raw_frequencies,0.2730000000000001,0.1365
0.25,2000,strong,1008,rr_debiased,0.5741644130755307,0.2870822065377654
0.25,2000,strong,1008,poststratified,0.42670713219767054,0.21335356609883538
0.25,2000,strong,1009,raw_frequencies,0.23700000000000004,0.1185
0.25,2000,strong,1009,rr_debiased,0.34041311292679843,0.17020655646339927
0.25,2000,strong,1009,poststratified,0.5391639592215798,0.2695819796107898
0.25,2000,strong,1010,raw_frequencies,0.26200000000000007,0.131
0.25,2000,strong,1010,rr_debiased,0.5445796062403006,0.2722898031201502
0.25,2000,strong,1010,poststratified,0.457335580933182,0.22866779046659097
0.25,2000,strong,1011,raw_frequencies,0.25200000000000006,0.126
0.25,2000,strong,1011,rr_debiased,0.1669765880383475,0.08348829401917382
0.25,2000,strong,1011,poststratified,0.2750641539400762,0.137532076970038
0.25,2000,strong,1012,raw_frequencies,0.25900000000000006,0.1295
0.25,2000,strong,1012,rr_debiased,0.5677044762254273,0.2838522381127136
0.25,2000,strong,1012,poststratified,0.6508778573507218,0.3254389286753608
0.25,2000,strong,1013,raw_frequencies,0.26600000000000007,0.133
0.25,2000,strong,1013,rr_debiased,0.39426795133697645,0.19713397566848817
0.25,2000,strong,1013,poststratified,0.31929269597470245,0.15964634798735122
0.25,2000,strong,1014,raw_frequencies,0.24900000000000005,0.1245
0.25,2000,strong,1014,rr_debiased,0.23239386144108892,0.11619693072054443
0.25,2000,strong,1014,poststratified,0.06164100221834054,0.030820501109170284
0.25,2000,strong,1015,raw_frequencies,0.2690000000000001,0.1345
0.25,2000,strong,1015,rr_debiased,0.11447918833581175,0.057239594167905916
0.25,2000,strong,1015,poststratified,0.6057366296471678,0.3028683148235839
0.25,2000,strong,1016,raw_frequencies,0.25700000000000006,0.1285
0.25,2000,strong,1016,rr_debiased,0.44051769130723,0.22025884565361503
0.25,2000,strong,1016,poststratified,0.3011626136315225,0.15058130681576115
0.25,2000,strong,1017,raw_frequencies,0.2790000000000001,0.1395
0.25,2000,strong,1017,rr_debiased,0.7129136329862915,0.35645681649314576
0.25,2000,strong,1017,poststratified,0.5232429392735243,0.2616214696367621
0.25,2000,strong,1018,raw_frequencies,0.21100000000000002,0.10549999999999998
0.25,2000,strong,1018,rr_debiased,0.5313545662139847,0.2656772831069923
0.25,2000,strong,1018,poststratified,0.37499999999999983,0.1875
0.25,2000,strong,1019,raw_frequencies,0.319,0.15949999999999998
0.25,2000,strong,1019,rr_debiased,0.6077065564633986,0.3038532782316993
0.25,2000,strong,1019,poststratified,0.5846374200254276,0.2923187100127137
0.25,2000,strong,1020,raw_frequencies,0.2730000000000001,0.1365
0.25,2000,strong,1020,rr_debiased,0.27354110326888237,0.13677055163444124
0.25,2000,strong,1020,poststratified,0.32535762431390236,0.16267881215695112
0.25,2000,strong,1021,raw_frequencies,0.2820000000000001,0.14100000000000001
0.25,2000,strong,1021,rr_debiased,0.5163522381127136,0.25817611905635685
0.25,2000,strong,1021,poststratified,0.6378123612608857,0.3189061806304428
0.25,2000,strong,1022,raw_frequencies,0.2870000000000001,0.14350000000000002
0.25,2000,strong,1022,rr_debiased,0.31104058320938943,0.15552029160469477
0.25,2000,strong,1022,poststratified,0.5899634353696781,0.29498171768483905
0.25,2000,strong,1023,raw_frequencies,0.24400000000000005,0.122
0.25,2000,strong,1023,rr_debiased,0.40583038632953977,0.20291519316476986
0.25,2000,strong,1023,poststratified,0.45325264320405095,0.22662632160202545
0.25,2000,strong,1024,raw_frequencies,0.2750000000000001,0.1375
0.25,2000,strong,1024,rr_debiased,0.5741644130755307,0.2870822065377654
0.25,2000,strong,1024,poststratified,0.39400167365800803,0.197000836829004
0.25,2000,strong,1025,raw_frequencies,0.2730000000000001,0.1365
0.25,2000,strong,1025,rr_debiased,0.37760301820195297,0.1888015091009765
0.25,2000,strong,1025,poststratified,0.36421889572577815,0.18210944786288913
0.25,2000,strong,1026,raw_frequencies,0.25700000000000006,0.1285
0.25,2000,strong,1026,rr_debiased,0.4867674312774836,0.2433837156387419
0.25,2000,strong,1026,poststratified,0.6351931761228647,0.31759658806143237
0.25,2000,strong,1027,raw_frequencies,0.2820000000000001,0.14100000000000001
0.25,2000,strong,1027,rr_debiased,0.45854006314989665,0.22927003157494838
0.25,2000,strong,1027,poststratified,0.3759421815250617,0.18797109076253088
0.25,2000,strong,1028,raw_frequencies,0.26400000000000007,0.132
0.25,2000,strong,1028,rr_debiased,0.6602039561659345,0.3301019780829672
0.25,2000,strong,1028,poststratified,0.6281115834600434,0.31405579173002174
0.25,2000,strong,1029,raw_frequencies,0.26000000000000006,0.13
0.25,2000,strong,1029,rr_debiased,0.2902060364039058,0.14510301820195287
0.25,2000,strong,1029,poststratified,0.6809006030242181,0.34045030151210903
0.5,250,none,1000,raw_frequencies,0.26500000000000007,0.1325
0.5,250,none,1000,rr_debiased,0.14333609467941105,0.07166804733970555
0.5,250,none,1000,poststratified,0.19695710487683182,0.09847855243841597
0.5,250,none,1001,raw_frequencies,0.2810000000000001,0.1405
0.5,250,none,1001,rr_debiased,0.2333278106411774,0.11666390532058879
0.5,250,none,1001,poststratified,0.16614020432255627,0.08307010216127814
0.5,250,none,1002,raw_frequencies,0.193,0.09649999999999997
0.5,250,none,1002,rr_debiased,0.4866059170529534,0.24330295852647665
0.5,250,none,1002,poststratified,0.46766362709568104,0.23383181354784044
0.5,250,none,1003,raw_frequencies,0.25700000000000006,0.1285
0.5,250,none,1003,rr_debiased,0.2233236686220606,0.11166183431103038
0.5,250,none,1003,poststratified,0.2445173698449406,0.12225868492247027
0.5,250,none,1004,raw_frequencies,0.20900000000000007,0.10449999999999998
0.5,250,none,1004,rr_debiased,0.1732905324691263,0.08664526623456316
0.5,250,none,1004,poststratified,0.1791670923524838,0.08958354617624194
0.5,250,none,1005,raw_frequencies,0.24900000000000005,0.1245
0.5,250,none,1005,rr_debiased,0.13333195266029416,0.06666597633014709
0.5,250,none,1005,poststratified,0.1698068692588353,0.08490343462941763
0.5,250,none,1006,raw_frequencies,0.19300000000000006,0.09649999999999997
0.5,250,none,1006,rr_debiased,0.2716307691676545,0.1358153845838272
0.5,250,none,1006,poststratified,0.20549223852412646,0.10274611926206323
0.5,250,none,1007,raw_frequencies,0.21700000000000003,0.10849999999999999
0.5,250,none,1007,rr_debiased,0.22663491118677104,0.11331745559338552
0.5,250,none,1007,poststratified,0.25239489515138963,0.1261974475756948
0.5,250,none,1008,raw_frequencies,0.26500000000000007,0.1325
0.5,250,none,1008,rr_debiased,0.4133112425647104,0.20665562128235518
0.5,250,none,1008,poststratified,0.45388676659161986,0.22694338329580996
0.5,250,none,1009,raw_frequencies,0.24900000000000005,0.1245
0.5,250,none,1009,rr_debiased,0.23332781064117744,0.11666390532058873
0.5,250,none,1009,poststratified,0.2581112753854377,0.12905563769271883
0.5,250,none,1010,raw_frequencies,0.24100000000000005,0.1205
0.5,250,none,1010,rr_debiased,0.09834023669852784,0.049170118349263936
0.5,250,none,1010,poststratified,0.11221913835389757,0.056109569176948704
0.5,250,none,1011,raw_frequencies,0.20900000000000002,0.10449999999999998
0.5,250,none,1011,rr_debiased,0.39661420109118706,0.19830710054559353
0.5,250,none,1011,poststratified,0.29683991200018195,0.14841995600009095
0.5,250,none,1012,raw_frequencies,0.26500000000000007,0.1325
0.5,250,none,1012,rr_debiased,0.22332366862206066,0.11166183431103033
0.5,250,none,1012,poststratified,0.18875904985156405,0.094379524925782
0.5,250,none,1013,raw_frequencies,0.1770000000000001,0.08850000000000002
0.5,250,none,1013,rr_debiased,0.35327396439265857,0.1766369821963293
0.5,250,none,1013,poststratified,0.3750000000000001,0.1875
0.5,250,none,1014,raw_frequencies,0.24100000000000005,0.1205
0.5,250,none,1014,rr_debiased,0.22332366862206063,0.11166183431103033
0.5,250,none,1014,poststratified,0.24346391834494852,0.12173195917247431
0.5,250,none,1015,raw_frequencies,0.21700000000000003,0.10849999999999999
0.5,250,none,1015,rr_debiased,0.21663076916765417,0.10831538458382706
0.5,250,none,1015,poststratified,0.18157094221818051,0.09078547110909019
0.5,250,none,1016,raw_frequencies,0.2810000000000001,0.1405
0.5,250,none,1016,rr_debiased,0.368315384583827,0.1841576922919136
0.5,250,none,1016,poststratified,0.3601641827147506,0.18008209135737535
0.5,250,none,1017,raw_frequencies,0.265,0.1325
0.5,250,none,1017,rr_debiased,0.14168047339705608,0.07084023669852801
0.5,250,none,1017,poststratified,0.16419949344783624,0.08209974672391812
0.5,250,none,1018,raw_frequencies,0.3530000000000001,0.1765
0.5,250,none,1018,rr_debiased,0.6366349111867713,0.31831745559338565
0.5,250,none,1018,poststratified,0.6093034675257312,0.30465173376286553
0.5,250,none,1019,raw_frequencies,0.1690000000000001,0.08450000000000002
0.5,250,none,1019,rr_debiased,0.37499999999999994,0.1875
0.5,250,none,1019,poststratified,0.37499999999999994,0.1875
0.5,250,none,1020,raw_frequencies,0.2730000000000001,0.1365
0.5,250,none,1020,rr_debiased,0.32331952660294383,0.16165976330147191
0.5,250,none,1020,poststratified,0.4155121270006873,0.20775606350034367
0.5,250,none,1021,raw_frequencies,0.201,0.10049999999999998
0.5,250,none,1021,rr_debiased,0.45161420109118705,0.22580710054559344
0.5,250,none,1021,poststratified,0.4712653705290286,0.23563268526451425
0.5,250,none,1022,raw_frequencies,0.26500000000000007,0.1325
0.5,250,none,1022,rr_debiased,0.5932946744882432,0.2966473372441216
0.5,250,none,1022,poststratified,0.5520263077334149,0.27601315386670744
0.5,250,none,1023,raw_frequencies,0.22500000000000003,0.11249999999999999
0.5,250,none,1023,rr_debiased,0.1266390532058877,0.06331952660294382
0.5,250,none,1023,poststratified,0.10989783494654046,0.05494891747327019
0.5,250,none,1024,raw_frequencies,0.201,0.10049999999999998
0.5,250,none,1024,rr_debiased,0.48660591705295336,0.24330295852647665
0.5,250,none,1024,poststratified,0.44727659137286796,0.223638295686434
0.5,250,none,1025,raw_frequencies,0.2730000000000001,0.1365
0.5,250,none,1025,rr_debiased,0.2783236686220607,0.13916183431103035
0.5,250,none,1025,poststratified,0.30642937381476315,0.15321468690738166
0.5,250,none,1026,raw_frequencies,0.2730000000000001,0.1365
0.5,250,none,1026,rr_debiased,0.32331952660294383,0.16165976330147191
0.5,250,none,1026,poststratified,0.4462622862767187,0.2231311431383594
0.5,250,none,1027,raw_frequencies,0.20900000000000007,0.10449999999999998
0.5,250,none,1027,rr_debiased,0.1732905324691263,0.08664526623456316
0.5,250,none,1027,poststratified,0.13845463741385208,0.06922731870692603
0.5,250,none,1028,raw_frequencies,0.25700000000000006,0.1285
0.5,250,none,1028,rr_debiased,0.4583071005455934,0.2291535502727968
0.5,250,none,1028,poststratified,0.4499034246433511,0.22495171232167557
0.5,250,none,1029,raw_frequencies,0.321,0.16049999999999998
0.5,250,none,1029,rr_debiased,0.4566514792632382,0.228325739631619
0.5,250,none,1029,poststratified,0.5133906612524923,0.2566953306262461
0.5,250,moderate,1000,raw_frequencies,0.20100000000000007,0.10049999999999998
0.5,250,moderate,1000,rr_debiased,0.21828639045000953,0.10914319522500478
0.5,250,moderate,1000,poststratified,0.375,0.1875
0.5,250,moderate,1001,raw_frequencies,0.1690000000000001,0.08450000000000002
0.5,250,moderate,1001,rr_debiased,0.39291342502443927,0.19645671251221958
0.5,250,moderate,1001,poststratified,0.3749999999999999,0.1875
0.5,250,moderate,1002,raw_frequencies,0.24100000000000005,0.1205
0.5,250,moderate,1002,rr_debiased,0.22332366862206063,0.11166183431103033
0.5,250,moderate,1002,poststratified,0.4698359969380952,0.2349179984690476
0.5,250,moderate,1003,raw_frequencies,0.24100000000000005,0.1205
0.5,250,moderate,1003,rr_debiased,0.32331952660294383,0.16165976330147197
0.5,250,moderate,1003,poststratified,0.3837331582023242,0.19186657910116212
0.5,250,moderate,1004,raw_frequencies,0.28900000000000003,0.14450000000000002
0.5,250,moderate,1004,rr_debiased,0.7182781064117755,0.35913905320588774
0.5,250,moderate,1004,poststratified,0.7850000000000001,0.3925
0.5,250,moderate,1005,raw_frequencies,0.1610000000000001,0.08050000000000002
0.5,250,moderate,1005,rr_debiased,0.3749999999999999,0.1875
0.5,250,moderate,1005,poststratified,0.37499999999999994,0.1875
0.5,250,moderate,1006,raw_frequencies,0.20100000000000007,0.10049999999999998
0.5,250,moderate,1006,rr_debiased,0.21828639045000947,0.10914319522500478
0.5,250,moderate,1006,poststratified,0.21332783050858228,0.10666391525429116
0.5,250,moderate,1007,raw_frequencies,0.13600000000000007,0.06800000000000006
0.5,250,moderate,1007,rr_debiased,0.4351510655944263,0.21757553279721314
0.5,250,moderate,1007,poststratified,0.37500000000000006,0.1875
0.5,250,moderate,1008,raw_frequencies,0.21700000000000008,0.10849999999999999
0.5,250,moderate,1008,rr_debiased,0.12829467448824297,0.06414733724412156
0.5,250,moderate,1008,poststratified,0.2118531863469648,0.10592659317348241
0.5,250,moderate,1009,raw_frequencies,0.24100000000000005,0.1205
0.5,250,moderate,1009,rr_debiased,0.4583071005455934,0.2291535502727968
0.5,250,moderate,1009,poststratified,0.6249874718028882,0.3124937359014441
0.5,250,moderate,1010,raw_frequencies,0.265,0.1325
0.5,250,moderate,1010,rr_debiased,0.14168047339705608,0.07084023669852801
0.5,250,moderate,1010,poststratified,0.18975795614313118,0.09487897807156559
0.5,250,moderate,1011,raw_frequencies,0.2970000000000001,0.14850000000000002
0.5,250,moderate,1011,rr_debiased,0.45830710054559354,0.2291535502727968
0.5,250,moderate,1011,poststratified,0.5168631831145718,0.2584315915572859
0.5,250,moderate,1012,raw_frequencies,0.22500000000000003,0.11249999999999999
0.5,250,moderate,1012,rr_debiased,0.27163076916765416,0.13581538458382708
0.5,250,moderate,1012,poststratified,0.33387665509312225,0.16693832754656107
0.5,250,moderate,1013,raw_frequencies,0.19200000000000006,0.09600000000000003
0.5,250,moderate,1013,rr_debiased,0.5866017750338364,0.29330088751691813
0.5,250,moderate,1013,poststratified,0.6786012344641212,0.33930061723206056
0.5,250,moderate,1014,raw_frequencies,0.13700000000000007,0.0685
0.5,250,moderate,1014,rr_debiased,0.3749999999999999,0.1875
0.5,250,moderate,1014,poststratified,0.375,0.1875
0.5,250,moderate,1015,raw_frequencies,0.21700000000000008,0.10849999999999999
0.5,250,moderate,1015,rr_debiased,0.18163905320588805,0.09081952660294396
0.5,250,moderate,1015,poststratified,0.4474041169208152,0.22370205846040758
0.5,250,moderate,1016,raw_frequencies,0.21700000000000008,0.10849999999999999
0.5,250,moderate,1016,rr_debiased,0.12829467448824297,0.06414733724412156
0.5,250,moderate,1016,poststratified,0.24022612226446183,0.12011306113223091
0.5,250,moderate,1017,raw_frequencies,0.20100000000000007,0.10049999999999998
0.5,250,moderate,1017,rr_debiased,0.22663491118677126,0.11331745559338563
0.5,250,moderate,1017,poststratified,0.06032384967842083,0.030161924839210374
0.5,250,moderate,1018,raw_frequencies,0.193,0.09649999999999997
0.5,250,moderate,1018,rr_debiased,0.36162248512942063,0.18081124256471032
0.5,250,moderate,1018,poststratified,0.18199959693970885,0.0909997984698544
0.5,250,moderate,1019,raw_frequencies,0.21700000000000003,0.10849999999999999
0.5,250,moderate,1019,rr_debiased,0.22663491118677104,0.11331745559338552
0.5,250,moderate,1019,poststratified,0.3315973150859086,0.16579865754295436
0.5,250,moderate,1020,raw_frequencies,0.29700000000000004,0.14850000000000002
0.5,250,moderate,1020,rr_debiased,0.32166390532058886,0.16083195266029437
0.5,250,moderate,1020,poststratified,0.5083599523271315,0.25417997616356575
0.5,250,moderate,1021,raw_frequencies,0.2810000000000001,0.1405
0.5,250,moderate,1021,rr_debiased,0.6832863904500095,0.34164319522500486
0.5,250,moderate,1021,poststratified,0.5714423937395057,0.28572119686975284
0.5,250,moderate,1022,raw_frequencies,0.329,0.16449999999999998
0.5,250,moderate,1022,rr_debiased,0.5016473372441212,0.2508236686220607
0.5,250,moderate,1022,poststratified,0.5172420461459959,0.2586210230729979
0.5,250,moderate,1023,raw_frequencies,0.20100000000000007,0.10049999999999998
0.5,250,moderate,1023,rr_debiased,0.21828639045000953,0.10914319522500478
0.5,250,moderate,1023,poststratified,0.4002579189433928,0.2001289594716964
0.5,250,moderate,1024,raw_frequencies,0.28,0.14
0.5,250,moderate,1024,rr_debiased,0.7732781064117754,0.38663905320588776
0.5,250,moderate,1024,poststratified,0.6098172872306047,0.30490864361530245
0.5,250,moderate,1025,raw_frequencies,0.2810000000000001,0.1405
0.5,250,moderate,1025,rr_debiased,0.2333278106411774,0.11666390532058879
0.5,250,moderate,1025,poststratified,0.5194839778323428,0.2597419889161714
0.5,250,moderate,1026,raw_frequencies,0.18500000000000005,0.09250000000000003
0.5,250,moderate,1026,rr_debiased,0.4066183431103034,0.20330917155515166
0.5,250,moderate,1026,poststratified,0.375,0.1875
0.5,250,moderate,1027,raw_frequencies,0.26500000000000007,0.1325
0.5,250,moderate,1027,rr_debiased,0.17832781064117748,0.08916390532058871
0.5,250,moderate,1027,poststratified,0.3972229213012296,0.19861146065061475
0.5,250,moderate,1028,raw_frequencies,0.2890000000000001,0.14450000000000002
0.5,250,moderate,1028,rr_debiased,0.5932946744882431,0.2966473372441216
0.5,250,moderate,1028,poststratified,0.6265114264191657,0.31325571320958284
0.5,250,moderate,1029,raw_frequencies,0.29700000000000004,0.14850000000000002
0.5,250,moderate,1029,rr_debiased,0.8182739643926586,0.4091369821963294
0.5,250,moderate,1029,poststratified,0.6828227471329522,0.3414113735664762
0.5,250,strong,1000,raw_frequencies,0.264,0.13200000000000006
0.5,250,strong,1000,rr_debiased,0.7665852069573694,0.3832926034786847
0.5,250,strong,1000,poststratified,0.6892973083804663,0.3446486541902331
0.5,250,strong,1001,raw_frequencies,0.1610000000000001,0.08050000000000002
0.5,250,strong,1001,rr_debiased,0.37499999999999983,0.1875
0.5,250,strong,1001,poststratified,0.45586085601708437,0.22793042800854213
0.5,250,strong,1002,raw_frequencies,0.18500000000000005,0.09250000000000003
0.5,250,strong,1002,rr_debiased,0.49661005907206984,0.2483050295360349
0.5,250,strong,1002,poststratified,0.13909735748169252,0.06954867874084625
0.5,250,strong,1003,raw_frequencies,0.23300000000000004,0.11649999999999999
0.5,250,strong,1003,rr_debiased,0.3166266271485375,0.15831331357426875
0.5,250,strong,1003,poststratified,0.16554607155488194,0.082773035777441
0.5,250,strong,1004,raw_frequencies,0.1770000000000001,0.08850000000000002
0.5,250,strong,1004,rr_debiased,0.40661834311030387,0.20330917155515188
0.5,250,strong,1004,poststratified,0.6912527615751466,0.34562638078757324
0.5,250,strong,1005,raw_frequencies,0.321,0.16049999999999998
0.5,250,strong,1005,rr_debiased,0.8399999999999999,0.42000000000000004
0.5,250,strong,1005,poststratified,1.0640384223959514,0.5320192111979756
0.5,250,strong,1006,raw_frequencies,0.11300000000000004,0.056499999999999995
0.5,250,strong,1006,rr_debiased,0.37499999999999994,0.1875
0.5,250,strong,1006,poststratified,0.37500000000000006,0.1875
0.5,250,strong,1007,raw_frequencies,0.32100000000000006,0.16049999999999998
0.5,250,strong,1007,rr_debiased,0.4583071005455934,0.2291535502727967
0.5,250,strong,1007,poststratified,0.5613667841433121,0.2806833920716561
0.5,250,strong,1008,raw_frequencies,0.31300000000000006,0.15649999999999997
0.5,250,strong,1008,rr_debiased,0.4116556212823551,0.20582781064117756
0.5,250,strong,1008,poststratified,0.5007804364168946,0.2503902182084473
0.5,250,strong,1009,raw_frequencies,0.176,0.08800000000000002
0.5,250,strong,1009,rr_debiased,0.6234492592317864,0.31172462961589315
0.5,250,strong,1009,poststratified,0.5620266987313485,0.2810133493656743
0.5,250,strong,1010,raw_frequencies,0.2970000000000001,0.14850000000000002
0.5,250,strong,1010,rr_debiased,0.4133112425647103,0.20665562128235518
0.5,250,strong,1010,poststratified,0.32443134746715857,0.16221567373357926
0.5,250,strong,1011,raw_frequencies,0.201,0.10049999999999998
0.5,250,strong,1011,rr_debiased,0.5416059170529534,0.2708029585264767
0.5,250,strong,1011,poststratified,0.3355256510033304,0.16776282550166516
0.5,250,strong,1012,raw_frequencies,0.25700000000000006,0.1285
0.5,250,strong,1012,rr_debiased,0.09668461541617307,0.04834230770808645
0.5,250,strong,1012,poststratified,0.7849034183058758,0.392451709152938
0.5,250,strong,1013,raw_frequencies,0.24000000000000005,0.12000000000000005
0.5,250,strong,1013,rr_debiased,0.6315976330147199,0.3157988165073599
0.5,250,strong,1013,poststratified,0.4768602356573239,0.23843011782866197
0.5,250,strong,1014,raw_frequencies,0.25700000000000006,0.1285
0.5,250,strong,1014,rr_debiased,0.4133112425647103,0.2066556212823552
0.5,250,strong,1014,poststratified,0.2492836020140801,0.12464180100704009
0.5,250,strong,1015,raw_frequencies,0.25700000000000006,0.1285
0.5,250,strong,1015,rr_debiased,0.32331952660294383,0.16165976330147197
0.5,250,strong,1015,poststratified,0.1684293155900335,0.08421465779501669
0.5,250,strong,1016,raw_frequencies,0.329,0.16449999999999998
0.5,250,strong,1016,rr_debiased,0.5016473372441215,0.2508236686220607
0.5,250,strong,1016,poststratified,0.9446812248347011,0.4723406124173505
0.5,250,strong,1017,raw_frequencies,0.4010000000000001,0.2005
0.5,250,strong,1017,rr_debiased,0.9066100590720703,0.45330502953603513
0.5,250,strong,1017,poststratified,0.8548870249931836,0.42744351249659174
0.5,250,strong,1018,raw_frequencies,0.3050000000000001,0.15250000000000002
0.5,250,strong,1018,rr_debiased,0.36665976330147226,0.18332988165073605
0.5,250,strong,1018,poststratified,0.8816251137518394,0.4408125568759197
0.5,250,strong,1019,raw_frequencies,0.17700000000000005,0.08850000000000002
0.5,250,strong,1019,rr_debiased,0.4516142010911867,0.22580710054559333
0.5,250,strong,1019,poststratified,0.3749999999999999,0.1875
0.5,250,strong,1020,raw_frequencies,0.2250000000000001,0.11249999999999999
0.5,250,strong,1020,rr_debiased,0.1366431952250048,0.0683215976125024
0.5,250,strong,1020,poststratified,0.6327978108574059,0.31639890542870297
0.5,250,strong,1021,raw_frequencies,0.15200000000000008,0.07600000000000007
0.5,250,strong,1021,rr_debiased,0.5152059985378541,0.2576029992689271
0.5,250,strong,1021,poststratified,0.5196365701960445,0.25981828509802224
0.5,250,strong,1022,raw_frequencies,0.2810000000000001,0.1405
0.5,250,strong,1022,rr_debiased,0.2333278106411774,0.11666390532058879
0.5,250,strong,1022,poststratified,0.776233885583446,0.388116942791723
0.5,250,strong,1023,raw_frequencies,0.14500000000000007,0.07250000000000001
0.5,250,strong,1023,rr_debiased,0.3749999999999999,0.1875
0.5,250,strong,1023,poststratified,0.5990959499583364,0.2995479749791682
0.5,250,strong,1024,raw_frequencies,0.192,0.09600000000000003
0.5,250,strong,1024,rr_debiased,0.6945094113087409,0.3472547056543704
0.5,250,strong,1024,poststratified,0.5342829277571425,0.2671414638785712
0.5,250,strong,1025,raw_frequencies,0.28900000000000003,0.14450000000000002
0.5,250,strong,1025,rr_debiased,0.2766680473397057,0.1383340236698528
0.5,250,strong,1025,poststratified,0.3749999999999998,0.1875
0.5,250,strong,1026,raw_frequencies,0.2720000000000001,0.13600000000000007
0.5,250,strong,1026,rr_debiased,0.7282822484308927,0.3641411242154465
0.5,250,strong,1026,poststratified,0.6827843835674559,0.341392191783728
0.5,250,strong,1027,raw_frequencies,0.12900000000000006,0.0645
0.5,250,strong,1027,rr_debiased,0.5402609314812812,0.2701304657406406
0.5,250,strong,1027,poststratified,0.3749999999999999,0.1875
0.5,250,strong,1028,raw_frequencies,0.19300000000000006,0.09649999999999997
0.5,250,strong,1028,rr_debiased,0.26328224843089265,0.1316411242154464
0.5,250,strong,1028,poststratified,0.20961788390316727,0.10480894195158363
0.5,250,strong,1029,raw_frequencies,0.176,0.08800000000000002
0.5,250,strong,1029,rr_debiased,0.6234492592317864,0.31172462961589315
0.5,250,strong,1029,poststratified,0.37499999999999994,0.1875
0.5,500,none,1000,raw_frequencies,0.24500000000000005,0.1225
0.5,500,none,1000,rr_debiased,0.12083816568896943,0.06041908284448477
0.5,500,none,1000,poststratified,0.13317256052783705,0.0665862802639185
0.5,500,none,1001,raw_frequencies,0.2930000000000001,0.14650000000000002
0.5,500,none,1001,rr_debiased,0.5258008875169182,0.2629004437584592
0.5,500,none,1001,poststratified,0.5039869546768125,0.25199347733840627
0.5,500,none,1002,raw_frequencies,0.21700000000000003,0.10849999999999999
0.5,500,none,1002,rr_debiased,0.35161834311030377,0.17580917155515186
0.5,500,none,1002,poststratified,0.33975053864618665,0.16987526932309327
0.5,500,none,1003,raw_frequencies,0.25300000000000006,0.1265
0.5,500,none,1003,rr_debiased,0.1558298816507358,0.07791494082536793
0.5,500,none,1003,poststratified,0.17064566889524022,0.08532283444762012
0.5,500,none,1004,raw_frequencies,0.25300000000000006,0.1265
0.5,500,none,1004,rr_debiased,0.16583402366985267,0.08291701183492634
0.5,500,none,1004,poststratified,0.15639082071296923,0.07819541035648464
0.5,500,none,1005,raw_frequencies,0.1770000000000001,0.08850000000000002
0.5,500,none,1005,rr_debiased,0.3532739643926587,0.1766369821963293
0.5,500,none,1005,poststratified,0.3429903076611289,0.17149515383056446
0.5,500,none,1006,raw_frequencies,0.26500000000000007,0.1325
0.5,500,none,1006,rr_debiased,0.3683153845838272,0.18415769229191356
0.5,500,none,1006,poststratified,0.345158205519034,0.17257910275951702
0.5,500,none,1007,raw_frequencies,0.26500000000000007,0.1325
0.5,500,none,1007,rr_debiased,0.35831124256471036,0.17915562128235515
0.5,500,none,1007,poststratified,0.3507870175039218,0.17539350875196089
0.5,500,none,1008,raw_frequencies,0.30100000000000005,0.15050000000000002
0.5,500,none,1008,rr_debiased,0.3441618343110305,0.1720809171555152
0.5,500,none,1008,poststratified,0.34804460806799736,0.17402230403399865
0.5,500,none,1009,raw_frequencies,0.22500000000000003,0.11249999999999999
0.5,500,none,1009,rr_debiased,0.1266390532058877,0.06331952660294382
0.5,500,none,1009,poststratified,0.16796010406408127,0.08398005203204062
0.5,500,none,1010,raw_frequencies,0.16900000000000004,0.08450000000000002
0.5,500,none,1010,rr_debiased,0.40463095940860355,0.20231547970430175
0.5,500,none,1010,poststratified,0.40863133187803224,0.20431566593901607
0.5,500,none,1011,raw_frequencies,0.313,0.15649999999999997
0.5,500,none,1011,rr_debiased,0.4116556212823549,0.2058278106411774
0.5,500,none,1011,poststratified,0.37611444567924707,0.1880572228396235
0.5,500,none,1012,raw_frequencies,0.21700000000000003,0.10849999999999999
0.5,500,none,1012,rr_debiased,0.39661420109118695,0.19830710054559342
0.5,500,none,1012,poststratified,0.3820170957718904,0.19100854788594523
0.5,500,none,1013,raw_frequencies,0.21700000000000003,0.10849999999999999
0.5,500,none,1013,rr_debiased,0.14913698219632926,0.0745684910981646
0.5,500,none,1013,poststratified,0.12935871978906957,0.06467935989453477
0.5,500,none,1014,raw_frequencies,0.20900000000000007,0.10449999999999998
0.5,500,none,1014,rr_debiased,0.20413698219632967,0.10206849109816479
0.5,500,none,1014,poststratified,0.19292030770454732,0.09646015385227363
0.5,500,none,1015,raw_frequencies,0.1770000000000001,0.08850000000000002
0.5,500,none,1015,rr_debiased,0.35327396439265857,0.1766369821963293
0.5,500,none,1015,poststratified,0.36389647323802476,0.1819482366190124
0.5,500,none,1016,raw_frequencies,0.26100000000000007,0.1305
0.5,500,none,1016,rr_debiased,0.1658340236698526,0.08291701183492634
0.5,500,none,1016,poststratified,0.19233731723831451,0.09616865861915724
0.5,500,none,1017,raw_frequencies,0.2690000000000001,0.1345
0.5,500,none,1017,rr_debiased,0.1641784023874978,0.08208920119374885
0.5,500,none,1017,poststratified,0.20532088374020163,0.10266044187010076
0.5,500,none,1018,raw_frequencies,0.21300000000000002,0.10649999999999998
0.5,500,none,1018,rr_debiased,0.17163491118677085,0.08581745559338538
0.5,500,none,1018,poststratified,0.17476535649060262,0.08738267824530133
0.5,500,none,1019,raw_frequencies,0.25300000000000006,0.1265
0.5,500,none,1019,rr_debiased,0.3808091715551519,0.19040458577757596
0.5,500,none,1019,poststratified,0.35069736110466165,0.17534868055233083
0.5,500,none,1020,raw_frequencies,0.1850000000000001,0.09250000000000003
0.5,500,none,1020,rr_debiased,0.30827810641177533,0.15413905320588772
0.5,500,none,1020,poststratified,0.3258459151525955,0.16292295757629777
0.5,500,none,1021,raw_frequencies,0.2250000000000001,0.11249999999999999
0.5,500,none,1021,rr_debiased,0.08329881650735982,0.04164940825367991
0.5,500,none,1021,poststratified,0.06756376932383437,0.0337818846619172
0.5,500,none,1022,raw_frequencies,0.25300000000000006,0.1265
0.5,500,none,1022,rr_debiased,0.2683195266029438,0.13415976330147195
0.5,500,none,1022,poststratified,0.2520471278635664,0.1260235639317832
0.5,500,none,1023,raw_frequencies,0.25700000000000006,0.1285
0.5,500,none,1023,rr_debiased,0.09834023669852782,0.04917011834926399
0.5,500,none,1023,poststratified,0.13063642623134963,0.06531821311567482
0.5,500,none,1024,raw_frequencies,0.1730000000000001,0.08650000000000002
0.5,500,none,1024,rr_debiased,0.3750000000000001,0.1875
0.5,500,none,1024,poststratified,0.3607375575155125,0.18036877875775623
0.5,500,none,1025,raw_frequencies,0.20900000000000002,0.10449999999999998
0.5,500,none,1025,rr_debiased,0.2391286981580958,0.1195643490790479
0.5,500,none,1025,poststratified,0.2268682707126762,0.11343413535633806
0.5,500,none,1026,raw_frequencies,0.1690000000000001,0.08450000000000002
0.5,500,none,1026,rr_debiased,0.41515260315249425,0.20757630157624712
0.5,500,none,1026,poststratified,0.45309716937764327,0.2265485846888216
0.5,500,none,1027,raw_frequencies,0.22500000000000003,0.11249999999999999
0.5,500,none,1027,rr_debiased,0.1591411242154461,0.07957056210772301
0.5,500,none,1027,poststratified,0.14704069752919824,0.07352034876459912
0.5,500,none,1028,raw_frequencies,0.22100000000000003,0.11049999999999999
0.5,500,none,1028,rr_debiased,0.3166266271485375,0.15831331357426875
0.5,500,none,1028,poststratified,0.34378319341585584,0.17189159670792792
0.5,500,none,1029,raw_frequencies,0.2730000000000001,0.1365
0.5,500,none,1029,rr_debiased,0.18667633137793943,0.09333816568896969
0.5,500,none,1029,poststratified,0.18867681200341163,0.09433840600170579
0.5,500,moderate,1000,raw_frequencies,0.2690000000000001,0.1345
0.5,500,moderate,1000,rr_debiased,0.25582573963161903,0.12791286981580957
0.5,500,moderate,1000,poststratified,0.038907538160123156,0.019453769080061634
0.5,500,moderate,1001,raw_frequencies,0.13300000000000006,0.0665
0.5,500,moderate,1001,rr_debiased,0.37499999999999994,0.1875
0.5,500,moderate,1001,poststratified,0.3749999999999999,0.1875
0.5,500,moderate,1002,raw_frequencies,0.20500000000000002,0.10249999999999998
0.5,500,moderate,1002,rr_debiased,0.339124556138979,0.16956227806948948
0.5,500,moderate,1002,poststratified,0.2899075064882465,0.14495375324412313
0.5,500,moderate,1003,raw_frequencies,0.1770000000000001,0.08850000000000002
0.5,500,moderate,1003,rr_debiased,0.35327396439265857,0.1766369821963293
0.5,500,moderate,1003,poststratified,0.23953491513811082,0.11976745756905538
0.5,500,moderate,1004,raw_frequencies,0.24500000000000005,0.1225
0.5,500,moderate,1004,rr_debiased,0.2783236686220607,0.1391618343110304
0.5,500,moderate,1004,poststratified,0.30479363770786616,0.15239681885393308
0.5,500,moderate,1005,raw_frequencies,0.18900000000000006,0.09449999999999997
0.5,500,moderate,1005,rr_debiased,0.2857801774213344,0.14289008871066722
0.5,500,moderate,1005,poststratified,0.4470455911592852,0.2235227955796426
0.5,500,moderate,1006,raw_frequencies,0.14900000000000008,0.07450000000000001
0.5,500,moderate,1006,rr_debiased,0.37499999999999994,0.1875
0.5,500,moderate,1006,poststratified,0.375,0.1875
0.5,500,moderate,1007,raw_frequencies,0.313,0.15649999999999997
0.5,500,moderate,1007,rr_debiased,0.41165562128235483,0.2058278106411774
0.5,500,moderate,1007,poststratified,0.46839025176119786,0.23419512588059893
0.5,500,moderate,1008,raw_frequencies,0.25300000000000006,0.1265
0.5,500,moderate,1008,rr_debiased,0.16583402366985267,0.08291701183492634
0.5,500,moderate,1008,poststratified,0.1978669065435913,0.09893345327179565
0.5,500,moderate,1009,raw_frequencies,0.25300000000000006,0.1265
0.5,500,moderate,1009,rr_debiased,0.21082988165073585,0.10541494082536795
0.5,500,moderate,1009,poststratified,0.23315832248736942,0.11657916124368473
0.5,500,moderate,1010,raw_frequencies,0.25300000000000006,0.1265
0.5,500,moderate,1010,rr_debiased,0.21082988165073585,0.10541494082536795
0.5,500,moderate,1010,poststratified,0.07303937960345211,0.036519689801725985
0.5,500,moderate,1011,raw_frequencies,0.2850000000000001,0.14250000000000002
0.5,500,moderate,1011,rr_debiased,0.45830710054559354,0.2291535502727968
0.5,500,moderate,1011,poststratified,0.46257739743160864,0.23128869871580432
0.5,500,moderate,1012,raw_frequencies,0.1610000000000001,0.08050000000000002
0.5,500,moderate,1012,rr_debiased,0.37499999999999983,0.1875
0.5,500,moderate,1012,poststratified,0.3749999999999999,0.1875
0.5,500,moderate,1013,raw_frequencies,0.24900000000000005,0.1245
0.5,500,moderate,1013,rr_debiased,0.21082988165073588,0.10541494082536795
0.5,500,moderate,1013,poststratified,0.06879351794857017,0.03439675897428507
0.5,500,moderate,1014,raw_frequencies,0.24100000000000005,0.1205
0.5,500,moderate,1014,rr_debiased,0.30082159761250227,0.15041079880625113
0.5,500,moderate,1014,poststratified,0.3983155920068069,0.1991577960034035
0.5,500,moderate,1015,raw_frequencies,0.24500000000000005,0.1225
0.5,500,moderate,1015,rr_debiased,0.09834023669852782,0.04917011834926399
0.5,500,moderate,1015,poststratified,0.1895272680064341,0.09476363400321697
0.5,500,moderate,1016,raw_frequencies,0.2730000000000001,0.1365
0.5,500,moderate,1016,rr_debiased,0.30082159761250227,0.15041079880625113
0.5,500,moderate,1016,poststratified,0.21041561623930993,0.10520780811965491
0.5,500,moderate,1017,raw_frequencies,0.24500000000000005,0.1225
0.5,500,moderate,1017,rr_debiased,0.20082573963161898,0.10041286981580955
0.5,500,moderate,1017,poststratified,0.4292285815411478,0.21461429077057395
0.5,500,moderate,1018,raw_frequencies,0.1770000000000001,0.08850000000000002
0.5,500,moderate,1018,rr_debiased,0.3532739643926587,0.1766369821963293
0.5,500,moderate,1018,poststratified,0.37499999999999994,0.1875
0.5,500,moderate,1019,raw_frequencies,0.29300000000000004,0.14650000000000002
0.5,500,moderate,1019,rr_debiased,0.29916597633014724,0.1495829881650736
0.5,500,moderate,1019,poststratified,0.39925798001524865,0.1996289900076244
0.5,500,moderate,1020,raw_frequencies,0.26100000000000007,0.1305
0.5,500,moderate,1020,rr_debiased,0.4808050295360352,0.2404025147680176
0.5,500,moderate,1020,poststratified,0.45343934377955053,0.2267196718897753
0.5,500,moderate,1021,raw_frequencies,0.23700000000000004,0.1185
0.5,500,moderate,1021,rr_debiased,0.22663491118677104,0.11331745559338552
0.5,500,moderate,1021,poststratified,0.1929084796904838,0.09645423984524193
0.5,500,moderate,1022,raw_frequencies,0.25700000000000006,0.1285
0.5,500,moderate,1022,rr_debiased,0.42580502953603505,0.2129025147680176
0.5,500,moderate,1022,poststratified,0.4172148931409897,0.20860744657049488
0.5,500,moderate,1023,raw_frequencies,0.24100000000000005,0.1205
0.5,500,moderate,1023,rr_debiased,0.16583402366985264,0.08291701183492634
0.5,500,moderate,1023,poststratified,0.20588433744420237,0.10294216872210116
0.5,500,moderate,1024,raw_frequencies,0.22100000000000009,0.11049999999999999
0.5,500,moderate,1024,rr_debiased,0.10579674549780149,0.052898372748900746
0.5,500,moderate,1024,poststratified,0.1961189375182135,0.09805946875910682
0.5,500,moderate,1025,raw_frequencies,0.22500000000000003,0.11249999999999999
0.5,500,moderate,1025,rr_debiased,0.1266390532058877,0.06331952660294382
0.5,500,moderate,1025,poststratified,0.2790591027549324,0.13952955137746614
0.5,500,moderate,1026,raw_frequencies,0.20100000000000007,0.10049999999999998
0.5,500,moderate,1026,rr_debiased,0.21828639045000953,0.10914319522500478
0.5,500,moderate,1026,poststratified,0.3749999999999998,0.1875
0.5,500,moderate,1027,raw_frequencies,0.23300000000000004,0.11649999999999999
0.5,500,moderate,1027,rr_debiased,0.11414526623456292,0.057072633117281446
0.5,500,moderate,1027,poststratified,0.1496511040918515,0.07482555204592578
0.5,500,moderate,1028,raw_frequencies,0.18900000000000006,0.09449999999999997
0.5,500,moderate,1028,rr_debiased,0.28578017742133444,0.14289008871066722
0.5,500,moderate,1028,poststratified,0.31401572024867824,0.1570078601243391
0.5,500,moderate,1029,raw_frequencies,0.23700000000000004,0.1185
0.5,500,moderate,1029,rr_debiased,0.15914112421544618,0.07957056210772306
0.5,500,moderate,1029,poststratified,0.15591751361719447,0.07795875680859721
0.5,500,strong,1000,raw_frequencies,0.20500000000000002,0.10249999999999998
0.5,500,strong,1000,rr_debiased,0.4066183431103038,0.20330917155515188
0.5,500,strong,1000,poststratified,0.06942932940037089,0.03471466470018553
0.5,500,strong,1001,raw_frequencies,0.24500000000000005,0.1225
0.5,500,strong,1001,rr_debiased,0.4583071005455934,0.2291535502727968
0.5,500,strong,1001,poststratified,0.14212196505054225,0.07106098252527117
0.5,500,strong,1002,raw_frequencies,0.25700000000000006,0.1285
0.5,500,strong,1002,rr_debiased,0.30082159761250227,0.1504107988062512
0.5,500,strong,1002,poststratified,0.3242864501009838,0.16214322505049183
0.5,500,strong,1003,raw_frequencies,0.2890000000000001,0.14450000000000002
0.5,500,strong,1003,rr_debiased,0.54829881650736,0.27414940825368
0.5,500,strong,1003,poststratified,0.4216047538863997,0.2108023769431998
0.5,500,strong,1004,raw_frequencies,0.24100000000000005,0.1205
0.5,500,strong,1004,rr_debiased,0.3458174555933855,0.17290872779669278
0.5,500,strong,1004,poststratified,0.4254374032504107,0.21271870162520534
0.5,500,strong,1005,raw_frequencies,0.2730000000000001,0.1365
0.5,500,strong,1005,rr_debiased,0.3458174555933855,0.17290872779669278
0.5,500,strong,1005,poststratified,0.4362137022578851,0.21810685112894257
0.5,500,strong,1006,raw_frequencies,0.23700000000000004,0.1185
0.5,500,strong,1006,rr_debiased,0.33912455613897896,0.16956227806948948
0.5,500,strong,1006,poststratified,0.4767869825178764,0.23839349125893822
0.5,500,strong,1007,raw_frequencies,0.21300000000000002,0.10649999999999998
0.5,500,strong,1007,rr_debiased,0.47411213008162856,0.23705606504081428
0.5,500,strong,1007,poststratified,0.35161761486280607,0.17580880743140304
0.5,500,strong,1008,raw_frequencies,0.2290000000000001,0.11449999999999999
0.5,500,strong,1008,rr_debiased,0.09164733724412155,0.04582366862206072
0.5,500,strong,1008,poststratified,0.21309033721680176,0.10654516860840091
0.5,500,strong,1009,raw_frequencies,0.341,0.17049999999999998
0.5,500,strong,1009,rr_debiased,0.5691411242154462,0.2845705621077231
0.5,500,strong,1009,poststratified,0.7649401769801227,0.38247008849006137
0.5,500,strong,1010,raw_frequencies,0.23700000000000004,0.1185
0.5,500,strong,1010,rr_debiased,0.14913698219632934,0.0745684910981646
0.5,500,strong,1010,poststratified,0.4641352243926719,0.23206761219633593
0.5,500,strong,1011,raw_frequencies,0.24500000000000005,0.1225
0.5,500,strong,1011,rr_debiased,0.16583402366985261,0.08291701183492639
0.5,500,strong,1011,poststratified,0.28207257227980653,0.1410362861399032
0.5,500,strong,1012,raw_frequencies,0.19700000000000006,0.09849999999999998
0.5,500,strong,1012,rr_debiased,0.2407843194404512,0.12039215972022559
0.5,500,strong,1012,poststratified,0.43631868695112663,0.21815934347556332
0.5,500,strong,1013,raw_frequencies,0.26500000000000007,0.1325
0.5,500,strong,1013,rr_debiased,0.31331538458382713,0.15665769229191354
0.5,500,strong,1013,poststratified,0.7849999999999999,0.3925
0.5,500,strong,1014,raw_frequencies,0.2330000000000001,0.11649999999999999
0.5,500,strong,1014,rr_debiased,0.0691494082536799,0.03457470412683994
0.5,500,strong,1014,poststratified,0.6094056699976454,0.3047028349988227
0.5,500,strong,1015,raw_frequencies,0.2690000000000001,0.1345
0.5,500,strong,1015,rr_debiased,0.5707967454978016,0.2853983727489008
0.5,500,strong,1015,poststratified,0.12760122227772824,0.06380061113886415
0.5,500,strong,1016,raw_frequencies,0.273,0.1365
0.5,500,strong,1016,rr_debiased,0.1866763313779392,0.09333816568896958
0.5,500,strong,1016,poststratified,0.20487649451800594,0.10243824725900297
0.5,500,strong,1017,raw_frequencies,0.24500000000000005,0.1225
0.5,500,strong,1017,rr_debiased,0.5258008875169182,0.2629004437584592
0.5,500,strong,1017,poststratified,0.36440685622918856,0.18220342811459428
0.5,500,strong,1018,raw_frequencies,0.1610000000000001,0.08050000000000002
0.5,500,strong,1018,rr_debiased,0.37499999999999983,0.1875
0.5,500,strong,1018,poststratified,0.338307378291713,0.1691536891458565
0.5,500,strong,1019,raw_frequencies,0.19700000000000006,0.09849999999999998
0.5,500,strong,1019,rr_debiased,0.27163076916765444,0.1358153845838272
0.5,500,strong,1019,poststratified,0.37499999999999994,0.1875
0.5,500,strong,1020,raw_frequencies,0.20500000000000002,0.10249999999999998
0.5,500,strong,1020,rr_debiased,0.49661005907207023,0.24830502953603512
0.5,500,strong,1020,poststratified,0.15255497899716997,0.07627748949858498
0.5,500,strong,1021,raw_frequencies,0.26100000000000007,0.1305
0.5,500,strong,1021,rr_debiased,0.25582573963161903,0.12791286981580952
0.5,500,strong,1021,poststratified,0.18414528743899974,0.09207264371949986
0.5,500,strong,1022,raw_frequencies,0.20100000000000007,0.10049999999999998
0.5,500,strong,1022,rr_debiased,0.21828639045000953,0.10914319522500478
0.5,500,strong,1022,poststratified,0.12475323396887036,0.06237661698443514
0.5,500,strong,1023,raw_frequencies,0.18800000000000006,0.09400000000000003
0.5,500,strong,1023,rr_debiased,0.6438948391342157,0.3219474195671079
0.5,500,strong,1023,poststratified,0.5947222486167556,0.29736112430837774
0.5,500,strong,1024,raw_frequencies,0.193,0.09649999999999997
0.5,500,strong,1024,rr_debiased,0.36162248512942063,0.18081124256471032
0.5,500,strong,1024,poststratified,0.4950006058411289,0.24750030292056446
0.5,500,strong,1025,raw_frequencies,0.22500000000000003,0.11249999999999999
0.5,500,strong,1025,rr_debiased,0.29412869815809584,0.14706434907904792
0.5,500,strong,1025,poststratified,0.07313736879003935,0.0365686843950197
0.5,500,strong,1026,raw_frequencies,0.23700000000000004,0.1185
0.5,500,strong,1026,rr_debiased,0.33912455613897896,0.16956227806948948
0.5,500,strong,1026,poststratified,0.1237764596787807,0.061888229839390296
0.5,500,strong,1027,raw_frequencies,0.20100000000000007,0.10049999999999998
0.5,500,strong,1027,rr_debiased,0.24913284017721296,0.12456642008860647
0.5,500,strong,1027,poststratified,0.3809453296697568,0.19047266483487835
0.5,500,strong,1028,raw_frequencies,0.29300000000000004,0.14650000000000002
0.5,500,strong,1028,rr_debiased,0.29916597633014724,0.1495829881650736
0.5,500,strong,1028,poststratified,0.64744484933049,0.32372242466524503
0.5,500,strong,1029,raw_frequencies,0.13300000000000006,0.0665
0.5,500,strong,1029,rr_debiased,0.3749999999999999,0.1875
0.5,500,strong,1029,poststratified,0.375,0.1875
0.5,1000,none,1000,raw_frequencies,0.25500000000000006,0.1275
0.5,1000,none,1000,rr_debiased,0.1883319526602942,0.09416597633014712
0.5,1000,none,1000,poststratified,0.17410611008952395,0.08705305504476196
0.5,1000,none,1001,raw_frequencies,0.2330000000000001,0.11649999999999999
0.5,1000,none,1001,rr_debiased,0.08039837274890074,0.04019918637445036
0.5,1000,none,1001,poststratified,0.0827614128787253,0.04138070643936265
0.5,1000,none,1002,raw_frequencies,0.2310000000000001,0.11549999999999999
0.5,1000,none,1002,rr_debiased,0.049551923021697336,0.024775961510848737
0.5,1000,none,1002,poststratified,0.05105433010785629,0.025527165053928103
0.5,1000,none,1003,raw_frequencies,0.23500000000000004,0.1175
0.5,1000,none,1003,rr_debiased,0.2941286981580958,0.1470643490790478
0.5,1000,none,1003,poststratified,0.2455109365005368,0.12275546825026834
0.5,1000,none,1004,raw_frequencies,0.25100000000000006,0.1255
0.5,1000,none,1004,rr_debiased,0.11083402366985262,0.055417011834926255
0.5,1000,none,1004,poststratified,0.12408144737584997,0.06204072368792496
0.5,1000,none,1005,raw_frequencies,0.30500000000000005,0.15250000000000002
0.5,1000,none,1005,rr_debiased,0.3666597633014721,0.183329881650736
0.5,1000,none,1005,poststratified,0.34039760480144293,0.17019880240072138
0.5,1000,none,1006,raw_frequencies,0.24900000000000005,0.1245
0.5,1000,none,1006,rr_debiased,0.05168875743528972,0.025844378717644834
0.5,1000,none,1006,poststratified,0.04067369347341476,0.020336846736707326
0.5,1000,none,1007,raw_frequencies,0.24700000000000005,0.1235
0.5,1000,none,1007,rr_debiased,0.200825739631619,0.10041286981580955
0.5,1000,none,1007,poststratified,0.20096308892076603,0.10048154446038304
0.5,1000,none,1008,raw_frequencies,0.2430000000000001,0.1215
0.5,1000,none,1008,rr_debiased,0.030846449727203296,0.015423224863601703
0.5,1000,none,1008,poststratified,0.03638165768898266,0.018190828844491413
0.5,1000,none,1009,raw_frequencies,0.2370000000000001,0.1185
0.5,1000,none,1009,rr_debiased,0.05790044375845915,0.028950221879229576
0.5,1000,none,1009,poststratified,0.08277490284791197,0.041387451423955945
0.5,1000,none,1010,raw_frequencies,0.1870000000000001,0.09350000000000003
0.5,1000,none,1010,rr_debiased,0.2970291419165546,0.1485145709582773
0.5,1000,none,1010,poststratified,0.2954774778514254,0.14773873892571274
0.5,1000,none,1011,raw_frequencies,0.2270000000000001,0.11349999999999999
0.5,1000,none,1011,rr_debiased,0.11414526623456314,0.05707263311728156
0.5,1000,none,1011,poststratified,0.11645670251183554,0.05822835125591774
0.5,1000,none,1012,raw_frequencies,0.25900000000000006,0.1295
0.5,1000,none,1012,rr_debiased,0.10793357991139382,0.05396678995569684
0.5,1000,none,1012,poststratified,0.1356120801336536,0.06780604006682678
0.5,1000,none,1013,raw_frequencies,0.18900000000000006,0.09449999999999997
0.5,1000,none,1013,rr_debiased,0.28578017742133444,0.14289008871066722
0.5,1000,none,1013,poststratified,0.3021974818202693,0.15109874091013462
0.5,1000,none,1014,raw_frequencies,0.2230000000000001,0.11149999999999999
0.5,1000,none,1014,rr_debiased,0.0945477810025806,0.04727389050129033
0.5,1000,none,1014,poststratified,0.11176860159880148,0.055884300799400766
0.5,1000,none,1015,raw_frequencies,0.1630000000000001,0.08150000000000002
0.5,1000,none,1015,rr_debiased,0.3749999999999999,0.1875
0.5,1000,none,1015,poststratified,0.3749999999999999,0.1875
0.5,1000,none,1016,raw_frequencies,0.1830000000000001,0.09150000000000003
0.5,1000,none,1016,rr_debiased,0.31952707090699617,0.1597635354534981
0.5,1000,none,1016,poststratified,0.318259450214011,0.15912972510700552
0.5,1000,none,1017,raw_frequencies,0.21100000000000008,0.10549999999999998
0.5,1000,none,1017,rr_debiased,0.16204156797390545,0.08102078398695277
0.5,1000,none,1017,poststratified,0.14190792835543786,0.07095396417771893
0.5,1000,none,1018,raw_frequencies,0.24900000000000005,0.1245
0.5,1000,none,1018,rr_debiased,0.22332366862206068,0.11166183431103033
0.5,1000,none,1018,poststratified,0.21735558904323937,0.10867779452161974
0.5,1000,none,1019,raw_frequencies,0.197,0.09849999999999998
0.5,1000,none,1019,rr_debiased,0.32912041411986226,0.16456020705993113
0.5,1000,none,1019,poststratified,0.3308358631966728,0.1654179315983364
0.5,1000,none,1020,raw_frequencies,0.24900000000000005,0.1245
0.5,1000,none,1020,rr_debiased,0.05168875743528972,0.025844378717644834
0.5,1000,none,1020,poststratified,0.0416756452977656,0.020837822648882898
0.5,1000,none,1021,raw_frequencies,0.22700000000000004,0.11349999999999999
0.5,1000,none,1021,rr_debiased,0.10414112421544611,0.05207056210772304
0.5,1000,none,1021,poststratified,0.08846888910280101,0.044234444551400465
0.5,1000,none,1022,raw_frequencies,0.20100000000000007,0.10049999999999998
0.5,1000,none,1022,rr_debiased,0.21828639045000955,0.10914319522500479
0.5,1000,none,1022,poststratified,0.23084475821980616,0.11542237910990312
0.5,1000,none,1023,raw_frequencies,0.269,0.1345
0.5,1000,none,1023,rr_debiased,0.16417840238749765,0.0820892011937488
0.5,1000,none,1023,poststratified,0.159453087280702,0.07972654364035098
0.5,1000,none,1024,raw_frequencies,0.25500000000000006,0.1275
0.5,1000,none,1024,rr_debiased,0.21082988165073588,0.10541494082536795
0.5,1000,none,1024,poststratified,0.21248728139106482,0.10624364069553238
0.5,1000,none,1025,raw_frequencies,0.24500000000000005,0.1225
0.5,1000,none,1025,rr_debiased,0.029190828444848216,0.014595414222424052
0.5,1000,none,1025,poststratified,0.038096352708284986,0.019048176354142465
0.5,1000,none,1026,raw_frequencies,0.23100000000000004,0.11549999999999999
0.5,1000,none,1026,rr_debiased,0.14789215972022535,0.07394607986011265
0.5,1000,none,1026,poststratified,0.14480106273171298,0.07240053136585645
0.5,1000,none,1027,raw_frequencies,0.21900000000000003,0.10949999999999999
0.5,1000,none,1027,rr_debiased,0.22663491118677098,0.11331745559338552
0.5,1000,none,1027,poststratified,0.22713339515472003,0.11356669757735999
0.5,1000,none,1028,raw_frequencies,0.24500000000000005,0.1225
0.5,1000,none,1028,rr_debiased,0.088336094679411,0.044168047339705585
0.5,1000,none,1028,poststratified,0.08161837688384962,0.04080918844192488
0.5,1000,none,1029,raw_frequencies,0.22300000000000003,0.11149999999999999
0.5,1000,none,1029,rr_debiased,0.1703900887106669,0.08519504435533343
0.5,1000,none,1029,poststratified,0.2023697037039988,0.10118485185199938
0.5,1000,moderate,1000,raw_frequencies,0.20500000000000007,0.10249999999999998
0.5,1000,moderate,1000,rr_debiased,0.19578846145956785,0.09789423072978397
0.5,1000,moderate,1000,poststratified,0.23949267811882152,0.11974633905941068
0.5,1000,moderate,1001,raw_frequencies,0.21100000000000008,0.10549999999999998
0.5,1000,moderate,1001,rr_debiased,0.16204156797390543,0.08102078398695275
0.5,1000,moderate,1001,poststratified,0.16284123558255345,0.08142061779127677
0.5,1000,moderate,1002,raw_frequencies,0.29900000000000004,0.14950000000000002
0.5,1000,moderate,1002,rr_debiased,0.33291286981580964,0.1664564349079048
0.5,1000,moderate,1002,poststratified,0.3302403955479469,0.16512019777397335
0.5,1000,moderate,1003,raw_frequencies,0.199,0.09949999999999998
0.5,1000,moderate,1003,rr_debiased,0.33912455613897896,0.16956227806948937
0.5,1000,moderate,1003,poststratified,0.25785330878590856,0.1289266543929543
0.5,1000,moderate,1004,raw_frequencies,0.2270000000000001,0.11349999999999999
0.5,1000,moderate,1004,rr_debiased,0.12539423072978398,0.06269711536489198
0.5,1000,moderate,1004,poststratified,0.04718417865316277,0.023592089326581356
0.5,1000,moderate,1005,raw_frequencies,0.24900000000000005,0.1245
0.5,1000,moderate,1005,rr_debiased,0.30082159761250227,0.1504107988062512
0.5,1000,moderate,1005,poststratified,0.17834265322734877,0.08917132661367438
0.5,1000,moderate,1006,raw_frequencies,0.1690000000000001,0.08450000000000002
0.5,1000,moderate,1006,rr_debiased,0.37499999999999994,0.1875
0.5,1000,moderate,1006,poststratified,0.3122581180818903,0.15612905904094523
0.5,1000,moderate,1007,raw_frequencies,0.2350000000000001,0.1175
0.5,1000,moderate,1007,rr_debiased,0.08039837274890074,0.04019918637445036
0.5,1000,moderate,1007,poststratified,0.09187455897817629,0.045937279489088184
0.5,1000,moderate,1008,raw_frequencies,0.23500000000000004,0.1175
0.5,1000,moderate,1008,rr_debiased,0.15914112421544618,0.07957056210772301
0.5,1000,moderate,1008,poststratified,0.09355783666948422,0.046778918334742126
0.5,1000,moderate,1009,raw_frequencies,0.25300000000000006,0.1265
0.5,1000,moderate,1009,rr_debiased,0.18833195266029423,0.09416597633014712
0.5,1000,moderate,1009,poststratified,0.17491013821873147,0.08745506910936574
0.5,1000,moderate,1010,raw_frequencies,0.20900000000000002,0.10449999999999998
0.5,1000,moderate,1010,rr_debiased,0.3166266271485375,0.15831331357426875
0.5,1000,moderate,1010,poststratified,0.18888315497444094,0.09444157748722043
0.5,1000,moderate,1011,raw_frequencies,0.23500000000000004,0.1175
0.5,1000,moderate,1011,rr_debiased,0.11414526623456289,0.05707263311728139
0.5,1000,moderate,1011,poststratified,0.16468408002218582,0.08234204001109291
0.5,1000,moderate,1012,raw_frequencies,0.22700000000000004,0.11349999999999999
0.5,1000,moderate,1012,rr_debiased,0.2041369821963294,0.10206849109816468
0.5,1000,moderate,1012,poststratified,0.04129914473546259,0.020649572367731295
0.5,1000,moderate,1013,raw_frequencies,0.25700000000000006,0.1285
0.5,1000,moderate,1013,rr_debiased,0.25582573963161903,0.12791286981580957
0.5,1000,moderate,1013,poststratified,0.06975411949519317,0.03487705974759653
0.5,1000,moderate,1014,raw_frequencies,0.20900000000000007,0.10449999999999998
0.5,1000,moderate,1014,rr_debiased,0.18163905320588802,0.09081952660294401
0.5,1000,moderate,1014,poststratified,0.24195029698822934,0.12097514849411468
0.5,1000,moderate,1015,raw_frequencies,0.203,0.10149999999999998
0.5,1000,moderate,1015,rr_debiased,0.5191079880625119,0.25955399403125595
0.5,1000,moderate,1015,poststratified,0.30232810539970645,0.15116405269985317
0.5,1000,moderate,1016,raw_frequencies,0.23700000000000004,0.1185
0.5,1000,moderate,1016,rr_debiased,0.21538594669155023,0.10769297334577504
0.5,1000,moderate,1016,poststratified,0.07714011798533335,0.03857005899266669
0.5,1000,moderate,1017,raw_frequencies,0.24900000000000005,0.1245
0.5,1000,moderate,1017,rr_debiased,0.23332781064117744,0.11666390532058873
0.5,1000,moderate,1017,poststratified,0.027332490711018037,0.013666245355509032
0.5,1000,moderate,1018,raw_frequencies,0.2270000000000001,0.11349999999999999
0.5,1000,moderate,1018,rr_debiased,0.08039837274890074,0.04019918637445036
0.5,1000,moderate,1018,poststratified,0.11355334300590725,0.056776671502953624
0.5,1000,moderate,1019,raw_frequencies,0.23900000000000005,0.1195
0.5,1000,moderate,1019,rr_debiased,0.17163491118677096,0.0858174555933855
0.5,1000,moderate,1019,poststratified,0.2886015603537593,0.14430078017687964
0.5,1000,moderate,1020,raw_frequencies,0.24900000000000005,0.1245
0.5,1000,moderate,1020,rr_debiased,0.25707056210772306,0.12853528105386153
0.5,1000,moderate,1020,poststratified,0.39766067244483533,0.1988303362224177
0.5,1000,moderate,1021,raw_frequencies,0.2270000000000001,0.11349999999999999
0.5,1000,moderate,1021,rr_debiased,0.08039837274890074,0.04019918637445036
0.5,1000,moderate,1021,poststratified,0.0596462036349312,0.029823101817465614
0.5,1000,moderate,1022,raw_frequencies,0.24700000000000005,0.1235
0.5,1000,moderate,1022,rr_debiased,0.043340236698527795,0.021670118349263967
0.5,1000,moderate,1022,poststratified,0.29796397851534684,0.1489819892576735
0.5,1000,moderate,1023,raw_frequencies,0.2810000000000001,0.1405
0.5,1000,moderate,1023,rr_debiased,0.3583112425647102,0.17915562128235518
0.5,1000,moderate,1023,poststratified,0.49939940901166113,0.2496997045058306
0.5,1000,moderate,1024,raw_frequencies,0.15300000000000008,0.07650000000000001
0.5,1000,moderate,1024,rr_debiased,0.37499999999999994,0.1875
0.5,1000,moderate,1024,poststratified,0.3750000000000001,0.1875
0.5,1000,moderate,1025,raw_frequencies,0.26700000000000007,0.1335
0.5,1000,moderate,1025,rr_debiased,0.33456849109816467,0.16728424554908233
0.5,1000,moderate,1025,poststratified,0.2899824789570209,0.1449912394785105
0.5,1000,moderate,1026,raw_frequencies,0.23100000000000004,0.11549999999999999
0.5,1000,moderate,1026,rr_debiased,0.27163076916765416,0.13581538458382708
0.5,1000,moderate,1026,poststratified,0.2913683926127302,0.14568419630636503
0.5,1000,moderate,1027,raw_frequencies,0.21500000000000002,0.10749999999999998
0.5,1000,moderate,1027,rr_debiased,0.2053818046724334,0.1026909023362167
0.5,1000,moderate,1027,poststratified,0.29958993964062747,0.1497949698203137
0.5,1000,moderate,1028,raw_frequencies,0.195,0.09749999999999998
0.5,1000,moderate,1028,rr_debiased,0.3503735206341999,0.17518676031709995
0.5,1000,moderate,1028,poststratified,0.3459345534879651,0.17296727674398257
0.5,1000,moderate,1029,raw_frequencies,0.25100000000000006,0.1255
0.5,1000,moderate,1029,rr_debiased,0.24457677513639836,0.12228838756819915
0.5,1000,moderate,1029,poststratified,0.2578981379767166,0.12894906898835834
0.5,1000,strong,1000,raw_frequencies,0.29100000000000004,0.14550000000000002
0.5,1000,strong,1000,rr_debiased,0.2879170118349264,0.14395850591746318
0.5,1000,strong,1000,poststratified,0.15279100704618379,0.07639550352309182
0.5,1000,strong,1001,raw_frequencies,0.20500000000000002,0.10249999999999998
0.5,1000,strong,1001,rr_debiased,0.4853610945768494,0.24268054728842464
0.5,1000,strong,1001,poststratified,0.37499999999999994,0.1875
0.5,1000,strong,1002,raw_frequencies,0.22500000000000003,0.11249999999999999
0.5,1000,strong,1002,rr_debiased,0.3503735206341998,0.17518676031709984
0.5,1000,strong,1002,poststratified,0.37499999999999994,0.1875
0.5,1000,strong,1003,raw_frequencies,0.22400000000000003,0.11200000000000004
0.5,1000,strong,1003,rr_debiased,0.564103846043395,0.2820519230216975
0.5,1000,strong,1003,poststratified,0.35740779754089175,0.17870389877044587
0.5,1000,strong,1004,raw_frequencies,0.256,0.12800000000000006
0.5,1000,strong,1004,rr_debiased,0.8003321004430319,0.4001660502215159
0.5,1000,strong,1004,poststratified,0.43406225086003997,0.21703112543001996
0.5,1000,strong,1005,raw_frequencies,0.24900000000000005,0.1245
0.5,1000,strong,1005,rr_debiased,0.23332781064117744,0.11666390532058873
0.5,1000,strong,1005,poststratified,0.24807719311213638,0.12403859655606819
0.5,1000,strong,1006,raw_frequencies,0.22500000000000003,0.11249999999999999
0.5,1000,strong,1006,rr_debiased,0.14913698219632934,0.0745684910981646
0.5,1000,strong,1006,poststratified,0.3637878770781848,0.18189393853909241
0.5,1000,strong,1007,raw_frequencies,0.22900000000000004,0.11449999999999999
0.5,1000,strong,1007,rr_debiased,0.3841204141198622,0.19206020705993104
0.5,1000,strong,1007,poststratified,0.3644698452799496,0.18223492263997487
0.5,1000,strong,1008,raw_frequencies,0.22700000000000004,0.11349999999999999
0.5,1000,strong,1008,rr_debiased,0.30537766265331656,0.15268883132665828
0.5,1000,strong,1008,poststratified,0.2372402311850651,0.11862011559253255
0.5,1000,strong,1009,raw_frequencies,0.19200000000000006,0.09600000000000003
0.5,1000,strong,1009,rr_debiased,0.5753528105386155,0.28767640526930777
0.5,1000,strong,1009,poststratified,0.3268981142026004,0.16344905710130014
0.5,1000,strong,1010,raw_frequencies,0.26500000000000007,0.1325
0.5,1000,strong,1010,rr_debiased,0.19958091715551513,0.09979045857775753
0.5,1000,strong,1010,poststratified,0.28983198934986265,0.14491599467493135
0.5,1000,strong,1011,raw_frequencies,0.22900000000000004,0.11449999999999999
0.5,1000,strong,1011,rr_debiased,0.3841204141198622,0.19206020705993104
0.5,1000,strong,1011,poststratified,0.15714146883943364,0.07857073441971685
0.5,1000,strong,1012,raw_frequencies,0.26300000000000007,0.1315
0.5,1000,strong,1012,rr_debiased,0.24457677513639836,0.12228838756819915
0.5,1000,strong,1012,poststratified,0.34863143352282727,0.1743157167614136
0.5,1000,strong,1013,raw_frequencies,0.23900000000000005,0.1195
0.5,1000,strong,1013,rr_debiased,0.18163905320588775,0.0908195266029439
0.5,1000,strong,1013,poststratified,0.10875840506876938,0.05437920253438466
0.5,1000,strong,1014,raw_frequencies,0.22900000000000004,0.11449999999999999
0.5,1000,strong,1014,rr_debiased,0.29412869815809584,0.14706434907904792
0.5,1000,strong,1014,poststratified,0.08179513061665047,0.04089756530832522
0.5,1000,strong,1015,raw_frequencies,0.1790000000000001,0.08950000000000002
0.5,1000,strong,1015,rr_debiased,0.3420249998974379,0.17101249994871892
0.5,1000,strong,1015,poststratified,0.3749999999999999,0.1875
0.5,1000,strong,1016,raw_frequencies,0.20500000000000007,0.10249999999999998
0.5,1000,strong,1016,rr_debiased,0.2153859466915506,0.10769297334577527
0.5,1000,strong,1016,poststratified,0.3228400795820804,0.16142003979104022
0.5,1000,strong,1017,raw_frequencies,0.24500000000000005,0.1225
0.5,1000,strong,1017,rr_debiased,0.5482988165073599,0.27414940825368006
0.5,1000,strong,1017,poststratified,0.5483124124394051,0.2741562062197026
0.5,1000,strong,1018,raw_frequencies,0.28500000000000003,0.14250000000000002
0.5,1000,strong,1018,rr_debiased,0.25417011834926406,0.12708505917463198
0.5,1000,strong,1018,poststratified,0.3452262993956904,0.17261314969784514
0.5,1000,strong,1019,raw_frequencies,0.22300000000000003,0.11149999999999999
0.5,1000,strong,1019,rr_debiased,0.5191079880625118,0.25955399403125584
0.5,1000,strong,1019,poststratified,0.3856811850469816,0.19284059252349078
0.5,1000,strong,1020,raw_frequencies,0.24700000000000005,0.1235
0.5,1000,strong,1020,rr_debiased,0.2220788461459566,0.11103942307297837
0.5,1000,strong,1020,poststratified,0.0718495339694381,0.03592476698471908
0.5,1000,strong,1021,raw_frequencies,0.23500000000000004,0.1175
0.5,1000,strong,1021,rr_debiased,0.451614201091187,0.22580710054559344
0.5,1000,strong,1021,poststratified,0.3491107488653097,0.17455537443265481
0.5,1000,strong,1022,raw_frequencies,0.26700000000000007,0.1335
0.5,1000,strong,1022,rr_debiased,0.4470581360503728,0.2235290680251864
0.5,1000,strong,1022,poststratified,0.29162152748924763,0.14581076374462382
0.5,1000,strong,1023,raw_frequencies,0.21000000000000002,0.10500000000000004
0.5,1000,strong,1023,rr_debiased,0.5641038460433951,0.2820519230216975
0.5,1000,strong,1023,poststratified,0.4058760886618395,0.20293804433091972
0.5,1000,strong,1024,raw_frequencies,0.2690000000000001,0.1345
0.5,1000,strong,1024,rr_debiased,0.2670747041268398,0.13353735206342
0.5,1000,strong,1024,poststratified,0.2895988795276842,0.14479943976384213
0.5,1000,strong,1025,raw_frequencies,0.23500000000000004,0.1175
0.5,1000,strong,1025,rr_debiased,0.3166266271485374,0.15831331357426864
0.5,1000,strong,1025,poststratified,0.3353124269846658,0.1676562134923329
0.5,1000,strong,1026,raw_frequencies,0.23900000000000005,0.1195
0.5,1000,strong,1026,rr_debiased,0.09164733724412136,0.045823668622060665
0.5,1000,strong,1026,poststratified,0.37750186063614954,0.18875093031807477
0.5,1000,strong,1027,raw_frequencies,0.22300000000000003,0.11149999999999999
0.5,1000,strong,1027,rr_debiased,0.2491328401772126,0.12456642008860624
0.5,1000,strong,1027,poststratified,0.11565799847037547,0.05782899923518764
0.5,1000,strong,1028,raw_frequencies,0.22300000000000003,0.11149999999999999
0.5,1000,strong,1028,rr_debiased,0.3616224851294206,0.1808112425647102
0.5,1000,strong,1028,poststratified,0.1452692565391624,0.07263462826958123
0.5,1000,strong,1029,raw_frequencies,0.20700000000000002,0.10349999999999998
0.5,1000,strong,1029,rr_debiased,0.5303569525577327,0.2651784762788663
0.5,1000,strong,1029,poststratified,0.461031822055611,0.2305159110278055
0.5,2000,none,1000,raw_frequencies,0.24400000000000005,0.122
0.5,2000,none,1000,rr_debiased,0.15582988165073583,0.07791494082536793
0.5,2000,none,1000,poststratified,0.16516067560031192,0.082580337800156
0.5,2000,none,1001,raw_frequencies,0.198,0.09899999999999998
0.5,2000,none,1001,rr_debiased,0.2391286981580958,0.1195643490790479
0.5,2000,none,1001,poststratified,0.2460883887184183,0.1230441943592091
0.5,2000,none,1002,raw_frequencies,0.22900000000000004,0.11449999999999999
0.5,2000,none,1002,rr_debiased,0.12539423072978376,0.06269711536489186
0.5,2000,none,1002,poststratified,0.12075588203692553,0.06037794101846278
0.5,2000,none,1003,raw_frequencies,0.26700000000000007,0.1335
0.5,2000,none,1003,rr_debiased,0.31331538458382713,0.15665769229191354
0.5,2000,none,1003,poststratified,0.3112229794726718,0.15561148973633598
0.5,2000,none,1004,raw_frequencies,0.23100000000000004,0.11549999999999999
0.5,2000,none,1004,rr_debiased,0.08164319522500446,0.0408215976125022
0.5,2000,none,1004,poststratified,0.08241115250239206,0.04120557625119603
0.5,2000,none,1005,raw_frequencies,0.2300000000000001,0.11499999999999999
0.5,2000,none,1005,rr_debiased,0.05517640526930773,0.027588202634653947
0.5,2000,none,1005,poststratified,0.05339388049607552,0.026696940248037815
0.5,2000,none,1006,raw_frequencies,0.22200000000000003,0.11099999999999999
0.5,2000,none,1006,rr_debiased,0.3009980028818101,0.150499001440905
0.5,2000,none,1006,poststratified,0.27498828675786346,0.13749414337893173
0.5,2000,none,1007,raw_frequencies,0.2230000000000001,0.11149999999999999
0.5,2000,none,1007,rr_debiased,0.11976974848217353,0.05988487424108674
0.5,2000,none,1007,poststratified,0.11013105414849378,0.055065527074246834
0.5,2000,none,1008,raw_frequencies,0.2260000000000001,0.11299999999999999
0.5,2000,none,1008,rr_debiased,0.12539423072978392,0.06269711536489198
0.5,2000,none,1008,poststratified,0.11513259442012994,0.057566297210064954
0.5,2000,none,1009,raw_frequencies,0.25600000000000006,0.128
0.5,2000,none,1009,rr_debiased,0.0910601331685626,0.04553006658428127
0.5,2000,none,1009,poststratified,0.08846986922681954,0.044234934613409715
0.5,2000,none,1010,raw_frequencies,0.2290000000000001,0.11449999999999999
0.5,2000,none,1010,rr_debiased,0.060800887516918145,0.030400443758459128
0.5,2000,none,1010,poststratified,0.07206364420117556,0.03603182210058781
0.5,2000,none,1011,raw_frequencies,0.22700000000000004,0.11349999999999999
0.5,2000,none,1011,rr_debiased,0.14351249994871887,0.07175624997435942
0.5,2000,none,1011,poststratified,0.1336351284712818,0.06681756423564089
0.5,2000,none,1012,raw_frequencies,0.21300000000000002,0.10649999999999998
0.5,2000,none,1012,rr_debiased,0.23350421591048534,0.1167521079552426
0.5,2000,none,1012,poststratified,0.23706428980037483,0.11853214490018738
0.5,2000,none,1013,raw_frequencies,0.25800000000000006,0.129
0.5,2000,none,1013,rr_debiased,0.10230909766378338,0.05115454883189163
0.5,2000,none,1013,poststratified,0.10885507655754262,0.05442753827877128
0.5,2000,none,1014,raw_frequencies,0.24800000000000005,0.124
0.5,2000,none,1014,rr_debiased,0.10520954142224223,0.05260477071112113
0.5,2000,none,1014,poststratified,0.0973383452480148,0.048669172624007384
0.5,2000,none,1015,raw_frequencies,0.264,0.132
0.5,2000,none,1015,rr_debiased,0.1360559911494456,0.06802799557472278
0.5,2000,none,1015,poststratified,0.14007534868460508,0.07003767434230251
0.5,2000,none,1016,raw_frequencies,0.25500000000000006,0.1275
0.5,2000,none,1016,rr_debiased,0.09958505917463176,0.04979252958731589
0.5,2000,none,1016,poststratified,0.11037866735300142,0.05518933367650075
0.5,2000,none,1017,raw_frequencies,0.22700000000000004,0.11349999999999999
0.5,2000,none,1017,rr_debiased,0.1210145709582773,0.06050728547913864
0.5,2000,none,1017,poststratified,0.12522078232379968,0.06261039116189981
0.5,2000,none,1018,raw_frequencies,0.2360000000000001,0.118
0.5,2000,none,1018,rr_debiased,0.02415355027279678,0.012076775136398377
0.5,2000,none,1018,poststratified,0.021029346367353374,0.010514673183676715
0.5,2000,none,1019,raw_frequencies,0.23000000000000004,0.11499999999999999
0.5,2000,none,1019,rr_debiased,0.21538594669155028,0.10769297334577516
0.5,2000,none,1019,poststratified,0.2165402926218117,0.10827014631090587
0.5,2000,none,1020,raw_frequencies,0.24800000000000005,0.124
0.5,2000,none,1020,rr_debiased,0.0770871301841902,0.03854356509209511
0.5,2000,none,1020,poststratified,0.06683576756158,0.033417883780790025
0.5,2000,none,1021,raw_frequencies,0.23200000000000004,0.11599999999999999
0.5,2000,none,1021,rr_debiased,0.047896301739342034,0.023948150869671003
0.5,2000,none,1021,poststratified,0.04136358307915991,0.02068179153957994
0.5,2000,none,1022,raw_frequencies,0.30400000000000005,0.15200000000000002
0.5,2000,none,1022,rr_debiased,0.3610352810538617,0.1805176405269308
0.5,2000,none,1022,poststratified,0.3677011127896709,0.18385055639483538
0.5,2000,none,1023,raw_frequencies,0.20200000000000007,0.10099999999999998
0.5,2000,none,1023,rr_debiased,0.21266190820239916,0.10633095410119957
0.5,2000,none,1023,poststratified,0.20974144823967483,0.10487072411983744
0.5,2000,none,1024,raw_frequencies,0.24700000000000005,0.1235
0.5,2000,none,1024,rr_debiased,0.12208298816507338,0.06104149408253673
0.5,2000,none,1024,poststratified,0.10427007610501521,0.052135038052507576
0.5,2000,none,1025,raw_frequencies,0.22700000000000004,0.11349999999999999
0.5,2000,none,1025,rr_debiased,0.14789215972022532,0.07394607986011265
0.5,2000,none,1025,poststratified,0.1448168983460798,0.0724084491730399
0.5,2000,none,1026,raw_frequencies,0.23700000000000004,0.1185
0.5,2000,none,1026,rr_debiased,0.12101457095827733,0.06050728547913864
0.5,2000,none,1026,poststratified,0.12241075066302826,0.0612053753315141
0.5,2000,none,1027,raw_frequencies,0.19000000000000006,0.09499999999999997
0.5,2000,none,1027,rr_debiased,0.28015569517372396,0.140077847586862
0.5,2000,none,1027,poststratified,0.27667913827965257,0.1383395691398263
0.5,2000,none,1028,raw_frequencies,0.23100000000000004,0.11549999999999999
0.5,2000,none,1028,rr_debiased,0.19851249994871895,0.09925624997435945
0.5,2000,none,1028,poststratified,0.19245242443496244,0.09622621221748123
0.5,2000,none,1029,raw_frequencies,0.257,0.1285
0.5,2000,none,1029,rr_debiased,0.09668461541617285,0.048342307708086396
0.5,2000,none,1029,poststratified,0.09541916888330257,0.04770958444165127
0.5,2000,moderate,1000,raw_frequencies,0.265,0.1325
0.5,2000,moderate,1000,rr_debiased,0.14168047339705603,0.07084023669852801
0.5,2000,moderate,1000,poststratified,0.1711076663377371,0.08555383316886855
0.5,2000,moderate,1001,raw_frequencies,0.29300000000000004,0.14650000000000002
0.5,2000,moderate,1001,rr_debiased,0.2991659763301473,0.1495829881650736
0.5,2000,moderate,1001,poststratified,0.2796355839687881,0.13981779198439404
0.5,2000,moderate,1002,raw_frequencies,0.2350000000000001,0.1175
0.5,2000,moderate,1002,rr_debiased,0.0691494082536799,0.03457470412683994
0.5,2000,moderate,1002,poststratified,0.03541725488334499,0.01770862744167251
0.5,2000,moderate,1003,raw_frequencies,0.201,0.10049999999999998
0.5,2000,moderate,1003,rr_debiased,0.282879733662875,0.14143986683143744
0.5,2000,moderate,1003,poststratified,0.16801849742390929,0.08400924871195463
0.5,2000,moderate,1004,raw_frequencies,0.22100000000000003,0.11049999999999999
0.5,2000,moderate,1004,rr_debiased,0.2828797336628751,0.14143986683143756
0.5,2000,moderate,1004,poststratified,0.17161405373733352,0.0858070268686668
0.5,2000,moderate,1005,raw_frequencies,0.2390000000000001,0.1195
0.5,2000,moderate,1005,rr_debiased,0.018529068025186307,0.00926453401259314
0.5,2000,moderate,1005,poststratified,0.14263350672099423,0.07131675336049714
0.5,2000,moderate,1006,raw_frequencies,0.24700000000000005,0.1235
0.5,2000,moderate,1006,rr_debiased,0.37393986683143754,0.18696993341571877
0.5,2000,moderate,1006,poststratified,0.26129307473264507,0.1306465373663226
0.5,2000,moderate,1007,raw_frequencies,0.23700000000000004,0.1185
0.5,2000,moderate,1007,rr_debiased,0.12539423072978376,0.06269711536489181
0.5,2000,moderate,1007,poststratified,0.022567802237195622,0.011283901118597839
0.5,2000,moderate,1008,raw_frequencies,0.2290000000000001,0.11449999999999999
0.5,2000,moderate,1008,rr_debiased,0.060800887516918145,0.030400443758459128
0.5,2000,moderate,1008,poststratified,0.2747716001942033,0.13738580009710166
0.5,2000,moderate,1009,raw_frequencies,0.25000000000000006,0.125
0.5,2000,moderate,1009,rr_debiased,0.17708298816507345,0.0885414940825367
0.5,2000,moderate,1009,poststratified,0.06623064016494276,0.03311532008247142
0.5,2000,moderate,1010,raw_frequencies,0.24900000000000005,0.1245
0.5,2000,moderate,1010,rr_debiased,0.1208381656889694,0.06041908284448472
0.5,2000,moderate,1010,poststratified,0.07577979733198498,0.03788989866599246
0.5,2000,moderate,1011,raw_frequencies,0.2370000000000001,0.1185
0.5,2000,moderate,1011,rr_debiased,0.052275961510848734,0.02613798075542434
0.5,2000,moderate,1011,poststratified,0.12003066565193293,0.06001533282596644
0.5,2000,moderate,1012,raw_frequencies,0.21400000000000008,0.10699999999999998
0.5,2000,moderate,1012,rr_debiased,0.14516812123107425,0.07258406061553714
0.5,2000,moderate,1012,poststratified,0.1461890985746213,0.07309454928731068
0.5,2000,moderate,1013,raw_frequencies,0.21900000000000008,0.10949999999999999
0.5,2000,moderate,1013,rr_debiased,0.14226767747261523,0.07113383873630758
0.5,2000,moderate,1013,poststratified,0.12502173570621042,0.06251086785310517
0.5,2000,moderate,1014,raw_frequencies,0.25000000000000006,0.125
0.5,2000,moderate,1014,rr_debiased,0.2108298816507359,0.10541494082536795
0.5,2000,moderate,1014,poststratified,0.10679786269389008,0.05339893134694507
0.5,2000,moderate,1015,raw_frequencies,0.26700000000000007,0.1335
0.5,2000,moderate,1015,rr_debiased,0.23895229288878783,0.11947614644439392
0.5,2000,moderate,1015,poststratified,0.2019412290408683,0.10097061452043415
0.5,2000,moderate,1016,raw_frequencies,0.26000000000000006,0.13
0.5,2000,moderate,1016,rr_debiased,0.11355806215900424,0.05677903107950208
0.5,2000,moderate,1016,poststratified,0.25360711384675205,0.12680355692337608
0.5,2000,moderate,1017,raw_frequencies,0.22900000000000004,0.11449999999999999
0.5,2000,moderate,1017,rr_debiased,0.226634911186771,0.11331745559338552
0.5,2000,moderate,1017,poststratified,0.05556726681892224,0.02778363340946116
0.5,2000,moderate,1018,raw_frequencies,0.24500000000000005,0.1225
0.5,2000,moderate,1018,rr_debiased,0.06021368344135897,0.030106841720679567
0.5,2000,moderate,1018,poststratified,0.0975416653155235,0.048770832657761776
0.5,2000,moderate,1019,raw_frequencies,0.24200000000000005,0.121
0.5,2000,moderate,1019,rr_debiased,0.20520539940312543,0.10260269970156272
0.5,2000,moderate,1019,poststratified,0.09797738620570925,0.04898869310285464
0.5,2000,moderate,1020,raw_frequencies,0.23000000000000004,0.11499999999999999
0.5,2000,moderate,1020,rr_debiased,0.11976974848217334,0.05988487424108663
0.5,2000,moderate,1020,poststratified,0.07357900220712302,0.03678950110356152
0.5,2000,moderate,1021,raw_frequencies,0.25900000000000006,0.1295
0.5,2000,moderate,1021,rr_debiased,0.143336094679411,0.07166804733970555
0.5,2000,moderate,1021,poststratified,0.18827606127499202,0.09413803063749604
0.5,2000,moderate,1022,raw_frequencies,0.267,0.1335
0.5,2000,moderate,1022,rr_debiased,0.1529294378922768,0.07646471894613838
0.5,2000,moderate,1022,poststratified,0.28810315959386873,0.1440515797969344
0.5,2000,moderate,1023,raw_frequencies,0.2700000000000001,0.135
0.5,2000,moderate,1023,rr_debiased,0.283948150869671,0.1419740754348356
0.5,2000,moderate,1023,poststratified,0.2041362559668654,0.10206812798343262
0.5,2000,moderate,1024,raw_frequencies,0.22600000000000003,0.11299999999999999
0.5,2000,moderate,1024,rr_debiased,0.2772552514152645,0.13862762570763226
0.5,2000,moderate,1024,poststratified,0.16543580778515046,0.08271790389257522
0.5,2000,moderate,1025,raw_frequencies,0.191,0.09549999999999997
0.5,2000,moderate,1025,rr_debiased,0.37849593187225183,0.18924796593612586
0.5,2000,moderate,1025,poststratified,0.31255348079107326,0.15627674039553668
0.5,2000,moderate,1026,raw_frequencies,0.19300000000000006,0.09649999999999997
0.5,2000,moderate,1026,rr_debiased,0.26328224843089276,0.1316411242154464
0.5,2000,moderate,1026,poststratified,0.20732931944950178,0.10366465972475086
0.5,2000,moderate,1027,raw_frequencies,0.21800000000000008,0.10899999999999999
0.5,2000,moderate,1027,rr_debiased,0.12267019224063264,0.061335096120316346
0.5,2000,moderate,1027,poststratified,0.22278269406090312,0.1113913470304515
0.5,2000,moderate,1028,raw_frequencies,0.24800000000000005,0.124
0.5,2000,moderate,1028,rr_debiased,0.17708298816507348,0.08854149408253675
0.5,2000,moderate,1028,poststratified,0.03574213613781313,0.017871068068906593
0.5,2000,moderate,1029,raw_frequencies,0.24200000000000005,0.121
0.5,2000,moderate,1029,rr_debiased,0.19958091715551507,0.09979045857775753
0.5,2000,moderate,1029,poststratified,0.12675040389560316,0.06337520194780166
0.5,2000,strong,1000,raw_frequencies,0.25100000000000006,0.1255
0.5,2000,strong,1000,rr_debiased,0.31769504435533347,0.1588475221776668
0.5,2000,strong,1000,poststratified,0.12414314332940907,0.062071571664704506
0.5,2000,strong,1001,raw_frequencies,0.23100000000000004,0.11549999999999999
0.5,2000,strong,1001,rr_debiased,0.20976146444393978,0.10488073222196986
0.5,2000,strong,1001,poststratified,0.13816342213894117,0.06908171106947059
0.5,2000,strong,1002,raw_frequencies,0.2310000000000001,0.11549999999999999
0.5,2000,strong,1002,rr_debiased,0.06352492600606954,0.0317624630030347
0.5,2000,strong,1002,poststratified,0.2585593498019799,0.12927967490098996
0.5,2000,strong,1003,raw_frequencies,0.24700000000000005,0.1235
0.5,2000,strong,1003,rr_debiased,0.13208713018419024,0.06604356509209519
0.5,2000,strong,1003,poststratified,0.20668833618297922,0.10334416809148961
0.5,2000,strong,1004,raw_frequencies,0.24000000000000005,0.12
0.5,2000,strong,1004,rr_debiased,0.3795643490790479,0.189782174539524
0.5,2000,strong,1004,poststratified,0.182104410362333,0.09105220518116647
0.5,2000,strong,1005,raw_frequencies,0.24200000000000005,0.121
0.5,2000,strong,1005,rr_debiased,0.23332781064117752,0.11666390532058873
0.5,2000,strong,1005,poststratified,0.13300319256733148,0.06650159628366575
0.5,2000,strong,1006,raw_frequencies,0.202,0.10099999999999998
0.5,2000,strong,1006,rr_debiased,0.37287144962464136,0.18643572481232068
0.5,2000,strong,1006,poststratified,0.19956997592954248,0.0997849879647712
0.5,2000,strong,1007,raw_frequencies,0.21800000000000008,0.10899999999999999
0.5,2000,strong,1007,rr_debiased,0.12539423072978406,0.06269711536489198
0.5,2000,strong,1007,poststratified,0.34549743882277617,0.1727487194113881
0.5,2000,strong,1008,raw_frequencies,0.19300000000000006,0.09649999999999997
0.5,2000,strong,1008,rr_debiased,0.26328224843089276,0.1316411242154464
0.5,2000,strong,1008,poststratified,0.11727015248022707,0.05863507624011349
0.5,2000,strong,1009,raw_frequencies,0.21100000000000002,0.10549999999999998
0.5,2000,strong,1009,rr_debiased,0.2603818046724334,0.1301909023362166
0.5,2000,strong,1009,poststratified,0.34336026165356015,0.17168013082678002
0.5,2000,strong,1010,raw_frequencies,0.24100000000000005,0.1205
0.5,2000,strong,1010,rr_debiased,0.21645436389834624,0.10822718194917313
0.5,2000,strong,1010,poststratified,0.2756717414965631,0.13783587074828152
0.5,2000,strong,1011,raw_frequencies,0.21100000000000002,0.10549999999999998
0.5,2000,strong,1011,rr_debiased,0.4178673076055246,0.20893365380276224
0.5,2000,strong,1011,poststratified,0.10016513738614913,0.050082568693074536
0.5,2000,strong,1012,raw_frequencies,0.22100000000000003,0.11049999999999999
0.5,2000,strong,1012,rr_debiased,0.3222511093961479,0.16112555469807394
0.5,2000,strong,1012,poststratified,0.17557549392856858,0.08778774696428437
0.5,2000,strong,1013,raw_frequencies,0.23200000000000004,0.11599999999999999
0.5,2000,strong,1013,rr_debiased,0.11976974848217328,0.05988487424108663
0.5,2000,strong,1013,poststratified,0.19237863394491306,0.09618931697245647
0.5,2000,strong,1014,raw_frequencies,0.21800000000000003,0.10899999999999999
0.5,2000,strong,1014,rr_debiased,0.2547573224248231,0.12737866121241154
0.5,2000,strong,1014,poststratified,0.1325334352481119,0.06626671762405595
0.5,2000,strong,1015,raw_frequencies,0.22700000000000004,0.11349999999999999
0.5,2000,strong,1015,rr_debiased,0.2547573224248231,0.12737866121241154
0.5,2000,strong,1015,poststratified,0.2587189164599434,0.12935945822997164
0.5,2000,strong,1016,raw_frequencies,0.22800000000000004,0.11399999999999999
0.5,2000,strong,1016,rr_debiased,0.32225110939614776,0.16112555469807383
0.5,2000,strong,1016,poststratified,0.4748894733883334,0.2374447366941667
0.5,2000,strong,1017,raw_frequencies,0.22100000000000009,0.11049999999999999
0.5,2000,strong,1017,rr_debiased,0.10579674549780144,0.052898372748900746
0.5,2000,strong,1017,poststratified,0.21956428169485992,0.10978214084742993
0.5,2000,strong,1018,raw_frequencies,0.24900000000000005,0.1245
0.5,2000,strong,1018,rr_debiased,0.19958091715551504,0.09979045857775753
0.5,2000,strong,1018,poststratified,0.25134046435628427,0.12567023217814216
0.5,2000,strong,1019,raw_frequencies,0.21200000000000008,0.10599999999999998
0.5,2000,strong,1019,rr_debiased,0.15641708572629504,0.07820854286314756
0.5,2000,strong,1019,poststratified,0.0754417624940138,0.03772088124700684
0.5,2000,strong,1020,raw_frequencies,0.21300000000000008,0.10649999999999998
0.5,2000,strong,1020,rr_debiased,0.15914112421544646,0.07957056210772323
0.5,2000,strong,1020,poststratified,0.05237177117173092,0.026185885585865487
0.5,2000,strong,1021,raw_frequencies,0.23000000000000004,0.11499999999999999
0.5,2000,strong,1021,rr_debiased,0.226634911186771,0.11331745559338552
0.5,2000,strong,1021,poststratified,0.13616436852837804,0.068082184264189
0.5,2000,strong,1022,raw_frequencies,0.196,0.09799999999999998
0.5,2000,strong,1022,rr_debiased,0.30537766265331656,0.15268883132665828
0.5,2000,strong,1022,poststratified,0.34701791728573617,0.1735089586428681
0.5,2000,strong,1023,raw_frequencies,0.19700000000000006,0.09849999999999998
0.5,2000,strong,1023,rr_debiased,0.28850421591048575,0.14425210795524285
0.5,2000,strong,1023,poststratified,0.431748456854773,0.21587422842738646
0.5,2000,strong,1024,raw_frequencies,0.24400000000000005,0.122
0.5,2000,strong,1024,rr_debiased,0.2052053994031254,0.10260269970156272
0.5,2000,strong,1024,poststratified,0.12959640861953636,0.06479820430976818
0.5,2000,strong,1025,raw_frequencies,0.23900000000000005,0.1195
0.5,2000,strong,1025,rr_debiased,0.2547573224248231,0.12737866121241154
0.5,2000,strong,1025,poststratified,0.1414315123325532,0.07071575616627662
0.5,2000,strong,1026,raw_frequencies,0.23600000000000004,0.118
0.5,2000,strong,1026,rr_debiased,0.34474903838658943,0.17237451919329466
0.5,2000,strong,1026,poststratified,0.02723751844657102,0.013618759223285537
0.5,2000,strong,1027,raw_frequencies,0.22900000000000004,0.11449999999999999
0.5,2000,strong,1027,rr_debiased,0.35599800288181027,0.17799900144090514
0.5,2000,strong,1027,poststratified,0.26027550381374204,0.130137751906871
0.5,2000,strong,1028,raw_frequencies,0.21800000000000003,0.10899999999999999
0.5,2000,strong,1028,rr_debiased,0.2041369821963294,0.10206849109816468
0.5,2000,strong,1028,poststratified,0.14325726302974268,0.07162863151487131
0.5,2000,strong,1029,raw_frequencies,0.24400000000000005,0.122
0.5,2000,strong,1029,rr_debiased,0.2220788461459566,0.11103942307297832
0.5,2000,strong,1029,poststratified,0.05244376723845806,0.026221883619229003
1.0,250,none,1000,raw_frequencies,0.12100000000000005,0.0605
1.0,250,none,1000,rr_debiased,0.17697207391709507,0.08848603695854756
1.0,250,none,1000,poststratified,0.1817249961524332,0.0908624980762166
1.0,250,none,1001,raw_frequencies,0.19300000000000006,0.09649999999999997
1.0,250,none,1001,rr_debiased,0.09278604979549934,0.04639302489774971
1.0,250,none,1001,poststratified,0.11888308267174863,0.05944154133587437
1.0,250,none,1002,raw_frequencies,0.14500000000000007,0.07250000000000001
1.0,250,none,1002,rr_debiased,0.2367255646774581,0.1183627823387291
1.0,250,none,1002,poststratified,0.19684442064103652,0.09842221032051823
1.0,250,none,1003,raw_frequencies,0.20900000000000002,0.10449999999999998
1.0,250,none,1003,rr_debiased,0.18065581365495453,0.09032790682747732
1.0,250,none,1003,poststratified,0.17974492540238587,0.08987246270119292
1.0,250,none,1004,raw_frequencies,0.23300000000000004,0.11649999999999999
1.0,250,none,1004,rr_debiased,0.27942790040900145,0.13971395020450078
1.0,250,none,1004,poststratified,0.25521977116641253,0.1276098855832063
1.0,250,none,1005,raw_frequencies,0.201,0.10049999999999998
1.0,250,none,1005,rr_debiased,0.24655813654954611,0.12327906827477303
1.0,250,none,1005,poststratified,0.19318341704303552,0.09659170852151777
1.0,250,none,1006,raw_frequencies,0.22500000000000003,0.11249999999999999
1.0,250,none,1006,rr_debiased,0.2574604594441376,0.12873022972206882
1.0,250,none,1006,poststratified,0.23066496037019807,0.115332480185099
1.0,250,none,1007,raw_frequencies,0.26400000000000007,0.13200000000000006
1.0,250,none,1007,rr_debiased,0.4222976642684569,0.2111488321342285
1.0,250,none,1007,poststratified,0.44587469069101454,0.22293734534550727
1.0,250,none,1008,raw_frequencies,0.15300000000000002,0.07650000000000001
1.0,250,none,1008,rr_debiased,0.19279068274773045,0.09639534137386518
1.0,250,none,1008,poststratified,0.2136067785330392,0.10680338926651956
1.0,250,none,1009,raw_frequencies,0.201,0.10049999999999998
1.0,250,none,1009,rr_debiased,0.10368837269009062,0.051844186345045284
1.0,250,none,1009,poststratified,0.13669677679155806,0.06834838839577906
1.0,250,none,1010,raw_frequencies,0.20100000000000007,0.10049999999999998
1.0,250,none,1010,rr_debiased,0.04885116786577162,0.024425583932885797
1.0,250,none,1010,poststratified,0.05614237902000402,0.02807118951000198
1.0,250,none,1011,raw_frequencies,0.20899999999999996,0.10450000000000004
1.0,250,none,1011,rr_debiased,0.36729766426845684,0.18364883213422842
1.0,250,none,1011,poststratified,0.3893464225530456,0.19467321127652282
1.0,250,none,1012,raw_frequencies,0.15300000000000008,0.07650000000000001
1.0,250,none,1012,rr_debiased,0.18188835985313917,0.09094417992656956
1.0,250,none,1012,poststratified,0.2192765391597961,0.10963826957989803
1.0,250,none,1013,raw_frequencies,0.21700000000000003,0.10849999999999999
1.0,250,none,1013,rr_debiased,0.25746045944413765,0.12873022972206882
1.0,250,none,1013,poststratified,0.2672671323771577,0.1336335661885789
1.0,250,none,1014,raw_frequencies,0.23300000000000004,0.11649999999999999
1.0,250,none,1014,rr_debiased,0.16959069558468215,0.0847953477923411
1.0,250,none,1014,poststratified,0.1429952646707382,0.0714976323353691
1.0,250,none,1015,raw_frequencies,0.1690000000000001,0.08450000000000002
1.0,250,none,1015,rr_debiased,0.04516742812791194,0.022583714063956012
1.0,250,none,1015,poststratified,0.05804837475018271,0.02902418737509138
1.0,250,none,1016,raw_frequencies,0.313,0.15649999999999997
1.0,250,none,1016,rr_debiased,0.3502465092396368,0.17512325461981837
1.0,250,none,1016,poststratified,0.29342722740668725,0.14671361370334357
1.0,250,none,1017,raw_frequencies,0.24900000000000005,0.1245
1.0,250,none,1017,rr_debiased,0.1745069815207263,0.0872534907603631
1.0,250,none,1017,poststratified,0.17073967382792632,0.08536983691396316
1.0,250,none,1018,raw_frequencies,0.13700000000000007,0.0685
1.0,250,none,1018,rr_debiased,0.18188835985313917,0.09094417992656956
1.0,250,none,1018,poststratified,0.16975652764629046,0.08487826382314523
1.0,250,none,1019,raw_frequencies,0.21600000000000003,0.10800000000000004
1.0,250,none,1019,rr_debiased,0.3795953285369135,0.18979766426845673
1.0,250,none,1019,poststratified,0.3681810269676401,0.18409051348382005
1.0,250,none,1020,raw_frequencies,0.23300000000000004,0.11649999999999999
1.0,250,none,1020,rr_debiased,0.191558136549546,0.09577906827477306
1.0,250,none,1020,poststratified,0.19410687260920517,0.09705343630460267
1.0,250,none,1021,raw_frequencies,0.22500000000000003,0.11249999999999999
1.0,250,none,1021,rr_debiased,0.13672093172522687,0.06836046586261346
1.0,250,none,1021,poststratified,0.14597382378630525,0.07298691189315265
1.0,250,none,1022,raw_frequencies,0.12899999999999995,0.0645
1.0,250,none,1022,rr_debiased,0.34656276950177733,0.1732813847508886
1.0,250,none,1022,poststratified,0.3215472147188224,0.16077360735941115
1.0,250,none,1023,raw_frequencies,0.24100000000000005,0.1205
1.0,250,none,1023,rr_debiased,0.35639534137386536,0.1781976706869327
1.0,250,none,1023,poststratified,0.4145548728188439,0.20727743640942192
1.0,250,none,1024,raw_frequencies,0.12900000000000006,0.0645
1.0,250,none,1024,rr_debiased,0.203855800818003,0.10192790040900146
1.0,250,none,1024,poststratified,0.18373737294938314,0.09186868647469154
1.0,250,none,1025,raw_frequencies,0.15300000000000008,0.07650000000000001
1.0,250,none,1025,rr_debiased,0.08910231005763963,0.044551155028819844
1.0,250,none,1025,poststratified,0.07238945866734633,0.03619472933367318
1.0,250,none,1026,raw_frequencies,0.1850000000000001,0.09250000000000003
1.0,250,none,1026,rr_debiased,0.3026278875720496,0.1513139437860248
1.0,250,none,1026,poststratified,0.31254819463815997,0.15627409731907993
1.0,250,none,1027,raw_frequencies,0.3050000000000001,0.15250000000000002
1.0,250,none,1027,rr_debiased,0.3282790682747732,0.16413953413738658
1.0,250,none,1027,poststratified,0.35283080153705343,0.17641540076852674
1.0,250,none,1028,raw_frequencies,0.25700000000000006,0.1285
1.0,250,none,1028,rr_debiased,0.24655813654954611,0.12327906827477308
1.0,250,none,1028,poststratified,0.2614246057042982,0.13071230285214908
1.0,250,none,1029,raw_frequencies,0.16900000000000004,0.08450000000000002
1.0,250,none,1029,rr_debiased,0.181888359853139,0.09094417992656945
1.0,250,none,1029,poststratified,0.17855849074699895,0.08927924537349946
1.0,250,moderate,1000,raw_frequencies,0.16799999999999998,0.08400000000000002
1.0,250,moderate,1000,rr_debiased,0.2917255646774581,0.145862782338729
1.0,250,moderate,1000,poststratified,0.22723814567292633,0.11361907283646316
1.0,250,moderate,1001,raw_frequencies,0.15900000000000003,0.07949999999999996
1.0,250,moderate,1001,rr_debiased,0.5414332778641787,0.27071663893208936
1.0,250,moderate,1001,poststratified,0.5323728170705424,0.26618640853527115
1.0,250,moderate,1002,raw_frequencies,0.19300000000000006,0.09650000000000003
1.0,250,moderate,1002,rr_debiased,0.32336278233872917,0.16168139116936459
1.0,250,moderate,1002,poststratified,0.31886626163478077,0.15943313081739044
1.0,250,moderate,1003,raw_frequencies,0.193,0.09649999999999997
1.0,250,moderate,1003,rr_debiased,0.15868837269009067,0.07934418634504536
1.0,250,moderate,1003,poststratified,0.15148706042388094,0.07574353021194052
1.0,250,moderate,1004,raw_frequencies,0.24000000000000005,0.12000000000000005
1.0,250,moderate,1004,rr_debiased,0.3795953285369135,0.18979766426845673
1.0,250,moderate,1004,poststratified,0.3802509574115205,0.19012547870576027
1.0,250,moderate,1005,raw_frequencies,0.25600000000000006,0.12800000000000006
1.0,250,moderate,1005,rr_debiased,0.4235302104666412,0.21176510523332054
1.0,250,moderate,1005,poststratified,0.3430688805272376,0.17153444026361883
1.0,250,moderate,1006,raw_frequencies,0.12100000000000005,0.0605
1.0,250,moderate,1006,rr_debiased,0.17697207391709502,0.08848603695854756
1.0,250,moderate,1006,poststratified,0.14206476681146663,0.0710323834057333
1.0,250,moderate,1007,raw_frequencies,0.1610000000000001,0.08050000000000002
1.0,250,moderate,1007,rr_debiased,0.10492091888827526,0.052460459444137575
1.0,250,moderate,1007,poststratified,0.11292403631235143,0.056462018156175686
1.0,250,moderate,1008,raw_frequencies,0.15300000000000008,0.07650000000000001
1.0,250,moderate,1008,rr_debiased,0.11598603695854753,0.05799301847927374
1.0,250,moderate,1008,poststratified,0.01656951753234412,0.008284758766172046
1.0,250,moderate,1009,raw_frequencies,0.2730000000000001,0.1365
1.0,250,moderate,1009,rr_debiased,0.33442790040900156,0.1672139502045008
1.0,250,moderate,1009,poststratified,0.32177610160259223,0.16088805080129615
1.0,250,moderate,1010,raw_frequencies,0.256,0.12800000000000006
1.0,250,moderate,1010,rr_debiased,0.40033022330359297,0.20016511165179657
1.0,250,moderate,1010,poststratified,0.24679397175440845,0.12339698587720427
1.0,250,moderate,1011,raw_frequencies,0.1770000000000001,0.08850000000000002
1.0,250,moderate,1011,rr_debiased,0.023199987163048108,0.011599993581524082
1.0,250,moderate,1011,poststratified,0.025045562879727312,0.012522781439863628
1.0,250,moderate,1012,raw_frequencies,0.13700000000000007,0.0685
1.0,250,moderate,1012,rr_debiased,0.15992091888827525,0.0799604594441376
1.0,250,moderate,1012,poststratified,0.1465393269817743,0.07326966349088715
1.0,250,moderate,1013,raw_frequencies,0.35300000000000004,0.1765
1.0,250,moderate,1013,rr_debiased,0.4600837140639561,0.230041857031978
1.0,250,moderate,1013,poststratified,0.47386015910822843,0.23693007955411421
1.0,250,moderate,1014,raw_frequencies,0.22500000000000003,0.11249999999999999
1.0,250,moderate,1014,rr_debiased,0.13672093172522687,0.06836046586261346
1.0,250,moderate,1014,poststratified,0.06701599616597473,0.033507998082987295
1.0,250,moderate,1015,raw_frequencies,0.16000000000000003,0.08000000000000002
1.0,250,moderate,1015,rr_debiased,0.2258232417828667,0.1129116208914333
1.0,250,moderate,1015,poststratified,0.10511927913908867,0.052559639569544375
1.0,250,moderate,1016,raw_frequencies,0.2250000000000001,0.11249999999999999
1.0,250,moderate,1016,rr_debiased,0.10860465862613478,0.05430232931306739
1.0,250,moderate,1016,poststratified,0.1311576706105072,0.0655788353052536
1.0,250,moderate,1017,raw_frequencies,0.13700000000000007,0.0685
1.0,250,moderate,1017,rr_debiased,0.18188835985313917,0.09094417992656956
1.0,250,moderate,1017,poststratified,0.20996397773030123,0.10498198886515059
1.0,250,moderate,1018,raw_frequencies,0.264,0.13200000000000006
1.0,250,moderate,1018,rr_debiased,0.4222976642684569,0.21114883213422844
1.0,250,moderate,1018,poststratified,0.3917785922443484,0.1958892961221742
1.0,250,moderate,1019,raw_frequencies,0.21700000000000003,0.10849999999999999
1.0,250,moderate,1019,rr_debiased,0.22459069558468223,0.11229534779234113
1.0,250,moderate,1019,poststratified,0.13074486657984102,0.06537243328992054
1.0,250,moderate,1020,raw_frequencies,0.192,0.09600000000000003
1.0,250,moderate,1020,rr_debiased,0.37959532853691347,0.18979766426845673
1.0,250,moderate,1020,poststratified,0.2525186384170981,0.126259319208549
1.0,250,moderate,1021,raw_frequencies,0.20900000000000002,0.10449999999999998
1.0,250,moderate,1021,rr_debiased,0.13672093172522687,0.06836046586261346
1.0,250,moderate,1021,poststratified,0.06297900343816212,0.0314895017190811
1.0,250,moderate,1022,raw_frequencies,0.16900000000000004,0.08450000000000002
1.0,250,moderate,1022,rr_debiased,0.17082324178286667,0.08541162089143328
1.0,250,moderate,1022,poststratified,0.3570017444653423,0.1785008722326712
1.0,250,moderate,1023,raw_frequencies,0.21700000000000003,0.10849999999999999
1.0,250,moderate,1023,rr_debiased,0.20262325461981837,0.10131162730990922
1.0,250,moderate,1023,poststratified,0.16502088592861158,0.08251044296430582
1.0,250,moderate,1024,raw_frequencies,0.1610000000000001,0.08050000000000002
1.0,250,moderate,1024,rr_debiased,0.13795347792341145,0.0689767389617057
1.0,250,moderate,1024,poststratified,0.08361420295870067,0.041807101479350295
1.0,250,moderate,1025,raw_frequencies,0.13700000000000007,0.0685
1.0,250,moderate,1025,rr_debiased,0.13303719198736735,0.0665185959936837
1.0,250,moderate,1025,poststratified,0.11717558181862534,0.0585877909093126
1.0,250,moderate,1026,raw_frequencies,0.12900000000000006,0.0645
1.0,250,moderate,1026,rr_debiased,0.15992091888827528,0.0799604594441376
1.0,250,moderate,1026,poststratified,0.16200464470302584,0.08100232235151283
1.0,250,moderate,1027,raw_frequencies,0.14500000000000007,0.07250000000000001
1.0,250,moderate,1027,rr_debiased,0.18188835985313914,0.09094417992656956
1.0,250,moderate,1027,poststratified,0.21068857606009186,0.10534428803004595
1.0,250,moderate,1028,raw_frequencies,0.24900000000000005,0.1245
1.0,250,moderate,1028,rr_debiased,0.3344279004090015,0.1672139502045008
1.0,250,moderate,1028,poststratified,0.28918287161342016,0.14459143580671013
1.0,250,moderate,1029,raw_frequencies,0.19300000000000006,0.09649999999999997
1.0,250,moderate,1029,rr_debiased,0.026883726900907706,0.013441863450453895
1.0,250,moderate,1029,poststratified,0.16527548584610166,0.08263774292305082
1.0,250,strong,1000,raw_frequencies,0.22500000000000003,0.11249999999999999
1.0,250,strong,1000,rr_debiased,0.1806558136549546,0.09032790682747732
1.0,250,strong,1000,poststratified,0.43818043844863286,0.21909021922431643
1.0,250,strong,1001,raw_frequencies,0.21700000000000003,0.10849999999999999
1.0,250,strong,1001,rr_debiased,0.1586883726900907,0.07934418634504536
1.0,250,strong,1001,poststratified,0.11597550964097719,0.05798775482048857
1.0,250,strong,1002,raw_frequencies,0.16900000000000004,0.08450000000000002
1.0,250,strong,1002,rr_debiased,0.181888359853139,0.09094417992656945
1.0,250,strong,1002,poststratified,0.2485367367029211,0.1242683683514606
1.0,250,strong,1003,raw_frequencies,0.20800000000000002,0.10400000000000004
1.0,250,strong,1003,rr_debiased,0.31369300564232194,0.15684650282116092
1.0,250,strong,1003,poststratified,0.16741224237655367,0.0837061211882768
1.0,250,strong,1004,raw_frequencies,0.13700000000000007,0.0685
1.0,250,strong,1004,rr_debiased,0.20385580081800297,0.10192790040900146
1.0,250,strong,1004,poststratified,0.4591110431381379,0.22955552156906894
1.0,250,strong,1005,raw_frequencies,0.22400000000000006,0.11200000000000004
1.0,250,strong,1005,rr_debiased,0.577302297220688,0.2886511486103441
1.0,250,strong,1005,poststratified,0.2694091473042478,0.1347045736521239
1.0,250,strong,1006,raw_frequencies,0.06400000000000003,0.03200000000000003
1.0,250,strong,1006,rr_debiased,0.3746790426008695,0.18733952130043482
1.0,250,strong,1006,poststratified,0.37499999999999994,0.1875
1.0,250,strong,1007,raw_frequencies,0.19200000000000006,0.09600000000000003
1.0,250,strong,1007,rr_debiased,0.2477906827477305,0.12389534137386521
1.0,250,strong,1007,poststratified,0.26204211822984547,0.1310210591149228
1.0,250,strong,1008,raw_frequencies,0.15300000000000008,0.07650000000000001
1.0,250,strong,1008,rr_debiased,0.13795347792341145,0.0689767389617057
1.0,250,strong,1008,poststratified,0.23742240667737208,0.11871120333868601
1.0,250,strong,1009,raw_frequencies,0.23200000000000004,0.11600000000000005
1.0,250,strong,1009,rr_debiased,0.3344279004090015,0.1672139502045008
1.0,250,strong,1009,poststratified,0.13758776965753924,0.06879388482876958
1.0,250,strong,1010,raw_frequencies,0.24900000000000005,0.1245
1.0,250,strong,1010,rr_debiased,0.3344279004090015,0.1672139502045008
1.0,250,strong,1010,poststratified,0.5000200744213723,0.2500100372106861
1.0,250,strong,1011,raw_frequencies,0.22500000000000003,0.11249999999999999
1.0,250,strong,1011,rr_debiased,0.24655813654954611,0.12327906827477308
1.0,250,strong,1011,poststratified,0.6088513397954116,0.30442566989770586
1.0,250,strong,1012,raw_frequencies,0.20800000000000002,0.10400000000000004
1.0,250,strong,1012,rr_debiased,0.2685255775144099,0.134262788757205
1.0,250,strong,1012,poststratified,0.5600557176959582,0.28002785884797904
1.0,250,strong,1013,raw_frequencies,0.18400000000000002,0.09200000000000003
1.0,250,strong,1013,rr_debiased,0.5113999743260965,0.25569998716304826
1.0,250,strong,1013,poststratified,0.4712051287641616,0.23560256438208077
1.0,250,strong,1014,raw_frequencies,0.14400000000000004,0.07200000000000006
1.0,250,strong,1014,rr_debiased,0.3795953285369137,0.18979766426845684
1.0,250,strong,1014,poststratified,0.33193834036234526,0.16596917018117266
1.0,250,strong,1015,raw_frequencies,0.12900000000000006,0.0645
1.0,250,strong,1015,rr_debiased,0.18188835985313914,0.09094417992656956
1.0,250,strong,1015,poststratified,0.21784605883512836,0.10892302941756421
1.0,250,strong,1016,raw_frequencies,0.26400000000000007,0.13200000000000006
1.0,250,strong,1016,rr_debiased,0.4222976642684569,0.2111488321342285
1.0,250,strong,1016,poststratified,0.41259466960683167,0.2062973348034159
1.0,250,strong,1017,raw_frequencies,0.25600000000000006,0.12800000000000006
1.0,250,strong,1017,rr_debiased,0.46746509239636896,0.23373254619818445
1.0,250,strong,1017,poststratified,0.30798047169361054,0.1539902358468052
1.0,250,strong,1018,raw_frequencies,0.23199999999999998,0.11600000000000005
1.0,250,strong,1018,rr_debiased,0.3344279004090015,0.16721395020450075
1.0,250,strong,1018,poststratified,0.5249257413104822,0.26246287065524104
1.0,250,strong,1019,raw_frequencies,0.29600000000000004,0.14800000000000002
1.0,250,strong,1019,rr_debiased,0.510167428127912,0.2550837140639561
1.0,250,strong,1019,poststratified,0.04369651058579241,0.02184825529289619
1.0,250,strong,1020,raw_frequencies,0.17700000000000005,0.08850000000000002
1.0,250,strong,1020,rr_debiased,0.20385580081800286,0.10192790040900146
1.0,250,strong,1020,poststratified,0.27951683028311747,0.1397584151415588
1.0,250,strong,1021,raw_frequencies,0.12100000000000005,0.0605
1.0,250,strong,1021,rr_debiased,0.17697207391709507,0.08848603695854756
1.0,250,strong,1021,poststratified,0.22767069582495353,0.11383534791247675
1.0,250,strong,1022,raw_frequencies,0.20000000000000007,0.10000000000000003
1.0,250,strong,1022,rr_debiased,0.2697581237125944,0.13487906185629722
1.0,250,strong,1022,poststratified,0.03611631176410807,0.018058155882054006
1.0,250,strong,1023,raw_frequencies,0.20800000000000002,0.10400000000000004
1.0,250,strong,1023,rr_debiased,0.2917255646774581,0.145862782338729
1.0,250,strong,1023,poststratified,0.3058904155685313,0.15294520778426562
1.0,250,strong,1024,raw_frequencies,0.21600000000000003,0.10800000000000004
1.0,250,strong,1024,rr_debiased,0.3795953285369135,0.18979766426845673
1.0,250,strong,1024,poststratified,0.06363257187762689,0.031816285938813416
1.0,250,strong,1025,raw_frequencies,0.16799999999999998,0.08400000000000002
1.0,250,strong,1025,rr_debiased,0.33566044660718586,0.16783022330359293
1.0,250,strong,1025,poststratified,0.1331874701633669,0.06659373508168348
1.0,250,strong,1026,raw_frequencies,0.272,0.13600000000000007
1.0,250,strong,1026,rr_debiased,0.6651720610801435,0.3325860305400717
1.0,250,strong,1026,poststratified,0.8092929676939747,0.40464648384698726
1.0,250,strong,1027,raw_frequencies,0.23200000000000004,0.11600000000000005
1.0,250,strong,1027,rr_debiased,0.4454976514315051,0.22274882571575255
1.0,250,strong,1027,poststratified,0.4056733601870415,0.20283668009352074
1.0,250,strong,1028,raw_frequencies,0.24900000000000005,0.1245
1.0,250,strong,1028,rr_debiased,0.31246045944413764,0.15623022972206885
1.0,250,strong,1028,poststratified,0.14413123789146715,0.07206561894573354
1.0,250,strong,1029,raw_frequencies,0.24100000000000005,0.1205
1.0,250,strong,1029,rr_debiased,0.24655813654954611,0.12327906827477308
1.0,250,strong,1029,poststratified,0.3713577716398577,0.18567888581992886
1.0,500,none,1000,raw_frequencies,0.21700000000000003,0.10849999999999999
1.0,500,none,1000,rr_debiased,0.14770465220765874,0.07385232610382941
1.0,500,none,1000,poststratified,0.15679139320214874,0.07839569660107437
1.0,500,none,1001,raw_frequencies,0.22500000000000003,0.11249999999999999
1.0,500,none,1001,rr_debiased,0.2026232546198184,0.10131162730990922
1.0,500,none,1001,poststratified,0.1967745852226592,0.09838729261132961
1.0,500,none,1002,raw_frequencies,0.17700000000000005,0.08850000000000002
1.0,500,none,1002,rr_debiased,0.12688835985313893,0.06344417992656942
1.0,500,none,1002,poststratified,0.13738375271591144,0.0686918763579557
1.0,500,none,1003,raw_frequencies,0.1810000000000001,0.09050000000000002
1.0,500,none,1003,rr_debiased,0.012216266680616122,0.006108133340308103
1.0,500,none,1003,poststratified,0.018942951317555023,0.009471475658777484
1.0,500,none,1004,raw_frequencies,0.189,0.09449999999999997
1.0,500,none,1004,rr_debiased,0.09270465220765872,0.04635232610382939
1.0,500,none,1004,poststratified,0.09895636956761009,0.04947818478380506
1.0,500,none,1005,raw_frequencies,0.15300000000000008,0.07650000000000001
1.0,500,none,1005,rr_debiased,0.08910231005763963,0.044551155028819844
1.0,500,none,1005,poststratified,0.07646445741998639,0.03823222870999324
1.0,500,none,1006,raw_frequencies,0.15300000000000008,0.07650000000000001
1.0,500,none,1006,rr_debiased,0.10500231647611563,0.05250115823805779
1.0,500,none,1006,poststratified,0.13789376149693905,0.0689468807484695
1.0,500,none,1007,raw_frequencies,0.1850000000000001,0.09250000000000003
1.0,500,none,1007,rr_debiased,0.02803487551125175,0.014017437755625861
1.0,500,none,1007,poststratified,0.04849693886263773,0.02424846943131892
1.0,500,none,1008,raw_frequencies,0.24900000000000005,0.1245
1.0,500,none,1008,rr_debiased,0.20254185703197797,0.10127092851598901
1.0,500,none,1008,poststratified,0.2054846386068962,0.10274231930344813
1.0,500,none,1009,raw_frequencies,0.23300000000000004,0.11649999999999999
1.0,500,none,1009,rr_debiased,0.2245906955846822,0.11229534779234113
1.0,500,none,1009,poststratified,0.24054928466118874,0.12027464233059443
1.0,500,none,1010,raw_frequencies,0.21300000000000002,0.10649999999999998
1.0,500,none,1010,rr_debiased,0.21360697510225032,0.10680348755112518
1.0,500,none,1010,poststratified,0.21121205176467958,0.10560602588233986
1.0,500,none,1011,raw_frequencies,0.24500000000000005,0.1225
1.0,500,none,1011,rr_debiased,0.16967209317252258,0.08483604658626132
1.0,500,none,1011,poststratified,0.16403995502794583,0.08201997751397283
1.0,500,none,1012,raw_frequencies,0.15300000000000008,0.07650000000000001
1.0,500,none,1012,rr_debiased,0.08910231005763963,0.044551155028819844
1.0,500,none,1012,poststratified,0.10112723131810358,0.05056361565905182
1.0,500,none,1013,raw_frequencies,0.21300000000000008,0.10649999999999998
1.0,500,none,1013,rr_debiased,0.07565349717883901,0.03782674858941948
1.0,500,none,1013,poststratified,0.09054006465271949,0.04527003232635976
1.0,500,none,1014,raw_frequencies,0.1810000000000001,0.09050000000000002
1.0,500,none,1014,rr_debiased,0.02803487551125175,0.014017437755625861
1.0,500,none,1014,poststratified,0.03661424215769729,0.01830712107884863
1.0,500,none,1015,raw_frequencies,0.1610000000000001,0.08050000000000002
1.0,500,none,1015,rr_debiased,0.06713486909277583,0.03356743454638794
1.0,500,none,1015,poststratified,0.06888628268135638,0.03444314134067822
1.0,500,none,1016,raw_frequencies,0.1810000000000001,0.09050000000000002
1.0,500,none,1016,rr_debiased,0.017051155028819848,0.00852557751440991
1.0,500,none,1016,poststratified,0.029272606730414263,0.01463630336520716
1.0,500,none,1017,raw_frequencies,0.19300000000000006,0.09649999999999997
1.0,500,none,1017,rr_debiased,0.07081860883063543,0.035409304415317755
1.0,500,none,1017,poststratified,0.08601022879265122,0.04300511439632565
1.0,500,none,1018,raw_frequencies,0.14900000000000008,0.07450000000000001
1.0,500,none,1018,rr_debiased,0.1268883598531391,0.06344417992656953
1.0,500,none,1018,poststratified,0.14528901626528307,0.0726445081326415
1.0,500,none,1019,raw_frequencies,0.21300000000000008,0.10649999999999998
1.0,500,none,1019,rr_debiased,0.07565349717883901,0.03782674858941948
1.0,500,none,1019,poststratified,0.07792853085260956,0.03896426542630474
1.0,500,none,1020,raw_frequencies,0.14900000000000008,0.07450000000000001
1.0,500,none,1020,rr_debiased,0.11598603695854753,0.057993018479273795
1.0,500,none,1020,poststratified,0.09680806149247376,0.04840403074623684
1.0,500,none,1021,raw_frequencies,0.1810000000000001,0.09050000000000002
1.0,500,none,1021,rr_debiased,0.028116273099092176,0.014058136549546074
1.0,500,none,1021,poststratified,0.048594429785053184,0.02429721489252662
1.0,500,none,1022,raw_frequencies,0.1690000000000001,0.08450000000000002
1.0,500,none,1022,rr_debiased,0.04516742812791194,0.022583714063956012
1.0,500,none,1022,poststratified,0.05194662585358309,0.02597331292679156
1.0,500,none,1023,raw_frequencies,0.1730000000000001,0.08650000000000002
1.0,500,none,1023,rr_debiased,0.13795347792341145,0.0689767389617057
1.0,500,none,1023,poststratified,0.17274460945947717,0.08637230472973856
1.0,500,none,1024,raw_frequencies,0.21300000000000002,0.10649999999999998
1.0,500,none,1024,rr_debiased,0.1477046522076588,0.07385232610382941
1.0,500,none,1024,poststratified,0.14927953900563448,0.07463976950281725
1.0,500,none,1025,raw_frequencies,0.26500000000000007,0.1325
1.0,500,none,1025,rr_debiased,0.21844186345045397,0.10922093172522696
1.0,500,none,1025,poststratified,0.21887389309339156,0.10943694654669572
1.0,500,none,1026,raw_frequencies,0.12900000000000006,0.0645
1.0,500,none,1026,rr_debiased,0.15500463295223119,0.07750231647611563
1.0,500,none,1026,poststratified,0.16348871155780448,0.08174435577890225
1.0,500,none,1027,raw_frequencies,0.1770000000000001,0.08850000000000002
1.0,500,none,1027,rr_debiased,0.028116273099092204,0.014058136549546074
1.0,500,none,1027,poststratified,0.04529773452680941,0.022648867263404704
1.0,500,none,1028,raw_frequencies,0.189,0.09449999999999997
1.0,500,none,1028,rr_debiased,0.14762325461981834,0.0738116273099092
1.0,500,none,1028,poststratified,0.14217792695695877,0.07108896347847937
1.0,500,none,1029,raw_frequencies,0.15300000000000008,0.07650000000000001
1.0,500,none,1029,rr_debiased,0.12688835985313912,0.06344417992656953
1.0,500,none,1029,poststratified,0.17600354781723196,0.08800177390861597
1.0,500,moderate,1000,raw_frequencies,0.1770000000000001,0.08850000000000002
1.0,500,moderate,1000,rr_debiased,0.12696975744097955,0.06348487872048975
1.0,500,moderate,1000,poststratified,0.05550051247645829,0.02775025623822916
1.0,500,moderate,1001,raw_frequencies,0.189,0.09449999999999997
1.0,500,moderate,1001,rr_debiased,0.13672093172522687,0.06836046586261346
1.0,500,moderate,1001,poststratified,0.012441125447038626,0.006220562723519341
1.0,500,moderate,1002,raw_frequencies,0.18,0.09000000000000002
1.0,500,moderate,1002,rr_debiased,0.31369300564232194,0.15684650282116103
1.0,500,moderate,1002,poststratified,0.20212704752049365,0.1010635237602468
1.0,500,moderate,1003,raw_frequencies,0.25700000000000006,0.1285
1.0,500,moderate,1003,rr_debiased,0.257541857031978,0.12877092851598904
1.0,500,moderate,1003,poststratified,0.25887275600581766,0.12943637800290886
1.0,500,moderate,1004,raw_frequencies,0.18500000000000005,0.09250000000000003
1.0,500,moderate,1004,rr_debiased,0.17090463937070705,0.0854523196853535
1.0,500,moderate,1004,poststratified,0.09601475886312644,0.04800737943156319
1.0,500,moderate,1005,raw_frequencies,0.22000000000000003,0.11000000000000004
1.0,500,moderate,1005,rr_debiased,0.3014767389617057,0.1507383694808529
1.0,500,moderate,1005,poststratified,0.2880666869386619,0.144033343469331
1.0,500,moderate,1006,raw_frequencies,0.12100000000000005,0.0605
1.0,500,moderate,1006,rr_debiased,0.17697207391709502,0.08848603695854756
1.0,500,moderate,1006,poststratified,0.12612515791754902,0.06306257895877455
1.0,500,moderate,1007,raw_frequencies,0.16399999999999998,0.08200000000000002
1.0,500,moderate,1007,rr_debiased,0.34664416708961776,0.17332208354480888
1.0,500,moderate,1007,poststratified,0.24111127625228393,0.12055563812614195
1.0,500,moderate,1008,raw_frequencies,0.19300000000000006,0.09649999999999997
1.0,500,moderate,1008,rr_debiased,0.09278604979549934,0.04639302489774971
1.0,500,moderate,1008,poststratified,0.08709376569006069,0.04354688284503036
1.0,500,moderate,1009,raw_frequencies,0.1650000000000001,0.08250000000000002
1.0,500,moderate,1009,rr_debiased,0.09393719840584333,0.046968599202921624
1.0,500,moderate,1009,poststratified,0.15136175458255213,0.07568087729127604
1.0,500,moderate,1010,raw_frequencies,0.20500000000000002,0.10249999999999998
1.0,500,moderate,1010,rr_debiased,0.257541857031978,0.12877092851598904
1.0,500,moderate,1010,poststratified,0.12627519294777717,0.06313759647388861
1.0,500,moderate,1011,raw_frequencies,0.189,0.09449999999999997
1.0,500,moderate,1011,rr_debiased,0.1806558136549546,0.09032790682747732
1.0,500,moderate,1011,poststratified,0.05888204013644868,0.029441020068224355
1.0,500,moderate,1012,raw_frequencies,0.17200000000000004,0.08600000000000002
1.0,500,moderate,1012,rr_debiased,0.2477906827477305,0.12389534137386521
1.0,500,moderate,1012,poststratified,0.14861280323896806,0.07430640161948399
1.0,500,moderate,1013,raw_frequencies,0.201,0.10049999999999998
1.0,500,moderate,1013,rr_debiased,0.21360697510225032,0.10680348755112518
1.0,500,moderate,1013,poststratified,0.18984102972925715,0.0949205148646286
1.0,500,moderate,1014,raw_frequencies,0.193,0.09649999999999997
1.0,500,moderate,1014,rr_debiased,0.13672093172522684,0.0683604658626134
1.0,500,moderate,1014,poststratified,0.17956900606558968,0.08978450303279484
1.0,500,moderate,1015,raw_frequencies,0.12900000000000006,0.0645
1.0,500,moderate,1015,rr_debiased,0.15500463295223124,0.07750231647611563
1.0,500,moderate,1015,poststratified,0.1237034175978099,0.061851708798905
1.0,500,moderate,1016,raw_frequencies,0.197,0.09849999999999998
1.0,500,moderate,1016,rr_debiased,0.07073721124279483,0.03536860562139743
1.0,500,moderate,1016,poststratified,0.20021954304223816,0.1001097715211191
1.0,500,moderate,1017,raw_frequencies,0.20900000000000007,0.10449999999999998
1.0,500,moderate,1017,rr_debiased,0.07081860883063545,0.0354093044153177
1.0,500,moderate,1017,poststratified,0.15367199405109222,0.07683599702554611
1.0,500,moderate,1018,raw_frequencies,0.1690000000000001,0.08450000000000002
1.0,500,moderate,1018,rr_debiased,0.0720511550288199,0.036025577514409934
1.0,500,moderate,1018,poststratified,0.09694905183782318,0.04847452591891163
1.0,500,moderate,1019,raw_frequencies,0.1850000000000001,0.09250000000000003
1.0,500,moderate,1019,rr_debiased,0.03909999358152408,0.019549996790762025
1.0,500,moderate,1019,poststratified,0.09687624840313822,0.048438124201569066
1.0,500,moderate,1020,raw_frequencies,0.2,0.10000000000000003
1.0,500,moderate,1020,rr_debiased,0.31369300564232194,0.15684650282116092
1.0,500,moderate,1020,poststratified,0.12056754198932859,0.060283770994664254
1.0,500,moderate,1021,raw_frequencies,0.20100000000000007,0.10049999999999998
1.0,500,moderate,1021,rr_debiased,0.04885116786577162,0.024425583932885797
1.0,500,moderate,1021,poststratified,0.12729845537832618,0.06364922768916309
1.0,500,moderate,1022,raw_frequencies,0.24100000000000005,0.1205
1.0,500,moderate,1022,rr_debiased,0.2136069751022503,0.10680348755112518
1.0,500,moderate,1022,poststratified,0.07845196729593173,0.03922598364796587
1.0,500,moderate,1023,raw_frequencies,0.1650000000000001,0.08250000000000002
1.0,500,moderate,1023,rr_debiased,0.06106743454638794,0.030533717273193928
1.0,500,moderate,1023,poststratified,0.22634279233655893,0.11317139616827943
1.0,500,moderate,1024,raw_frequencies,0.15300000000000008,0.07650000000000001
1.0,500,moderate,1024,rr_debiased,0.09401859599368373,0.04700929799684184
1.0,500,moderate,1024,poststratified,0.11617552849795751,0.05808776424897871
1.0,500,moderate,1025,raw_frequencies,0.22100000000000003,0.11049999999999999
1.0,500,moderate,1025,rr_debiased,0.12573721124279488,0.06286860562139746
1.0,500,moderate,1025,poststratified,0.18742286880035047,0.09371143440017521
1.0,500,moderate,1026,raw_frequencies,0.2770000000000001,0.1385
1.0,500,moderate,1026,rr_debiased,0.2513930248977498,0.12569651244887486
1.0,500,moderate,1026,poststratified,0.3042748261151044,0.15213741305755218
1.0,500,moderate,1027,raw_frequencies,0.1770000000000001,0.08850000000000002
1.0,500,moderate,1027,rr_debiased,0.12696975744097955,0.06348487872048975
1.0,500,moderate,1027,poststratified,0.02284210950727214,0.011421054753636084
1.0,500,moderate,1028,raw_frequencies,0.15700000000000008,0.07850000000000001
1.0,500,moderate,1028,rr_debiased,0.09401859599368373,0.04700929799684184
1.0,500,moderate,1028,poststratified,0.1359510580200824,0.06797552901004118
1.0,500,moderate,1029,raw_frequencies,0.08000000000000004,0.040000000000000036
1.0,500,moderate,1029,rr_debiased,0.330744160671142,0.16537208033557096
1.0,500,moderate,1029,poststratified,0.28447448468216996,0.14223724234108498
1.0,500,strong,1000,raw_frequencies,0.201,0.10049999999999998
1.0,500,strong,1000,rr_debiased,0.07073721124279483,0.03536860562139743
1.0,500,strong,1000,poststratified,0.3921726540966007,0.1960863270483004
1.0,500,strong,1001,raw_frequencies,0.13700000000000007,0.0685
1.0,500,strong,1001,rr_debiased,0.20385580081800297,0.10192790040900146
1.0,500,strong,1001,poststratified,0.3190139531494713,0.15950697657473561
1.0,500,strong,1002,raw_frequencies,0.1650000000000001,0.08250000000000002
1.0,500,strong,1002,rr_debiased,0.14893719840584338,0.07446859920292165
1.0,500,strong,1002,poststratified,0.06414277798770474,0.03207138899385237
1.0,500,strong,1003,raw_frequencies,0.23300000000000004,0.11649999999999999
1.0,500,strong,1003,rr_debiased,0.3344279004090015,0.1672139502045008
1.0,500,strong,1003,poststratified,0.38947568086275225,0.1947378404313761
1.0,500,strong,1004,raw_frequencies,0.21600000000000003,0.10800000000000004
1.0,500,strong,1004,rr_debiased,0.2904930184792738,0.14524650923963695
1.0,500,strong,1004,poststratified,0.07926296877590874,0.039631484387954385
1.0,500,strong,1005,raw_frequencies,0.201,0.10049999999999998
1.0,500,strong,1005,rr_debiased,0.1916395341373865,0.09581976706869322
1.0,500,strong,1005,poststratified,0.20728523976532276,0.10364261988266138
1.0,500,strong,1006,raw_frequencies,0.23600000000000004,0.11800000000000005
1.0,500,strong,1006,rr_debiased,0.3454116208914334,0.17270581044571676
1.0,500,strong,1006,poststratified,0.15958082999273693,0.07979041499636841
1.0,500,strong,1007,raw_frequencies,0.236,0.11800000000000005
1.0,500,strong,1007,rr_debiased,0.3454116208914334,0.17270581044571673
1.0,500,strong,1007,poststratified,0.07775301181161862,0.03887650590580932
1.0,500,strong,1008,raw_frequencies,0.24500000000000005,0.1225
1.0,500,strong,1008,rr_debiased,0.31246045944413764,0.15623022972206885
1.0,500,strong,1008,poststratified,0.41098205402746235,0.20549102701373123
1.0,500,strong,1009,raw_frequencies,0.17600000000000005,0.08800000000000002
1.0,500,strong,1009,rr_debiased,0.21483952130043477,0.10741976065021741
1.0,500,strong,1009,poststratified,0.1928466319104417,0.09642331595522091
1.0,500,strong,1010,raw_frequencies,0.23200000000000004,0.11600000000000005
1.0,500,strong,1010,rr_debiased,0.3344279004090015,0.1672139502045008
1.0,500,strong,1010,poststratified,0.1441543884711273,0.07207719423556369
1.0,500,strong,1011,raw_frequencies,0.172,0.08600000000000002
1.0,500,strong,1011,rr_debiased,0.35762788757204966,0.17881394378602483
1.0,500,strong,1011,poststratified,0.205527633901484,0.10276381695074202
1.0,500,strong,1012,raw_frequencies,0.296,0.14800000000000002
1.0,500,strong,1012,rr_debiased,0.510167428127912,0.255083714063956
1.0,500,strong,1012,poststratified,0.5899333466472815,0.2949666733236408
1.0,500,strong,1013,raw_frequencies,0.193,0.09649999999999997
1.0,500,strong,1013,rr_debiased,0.12573721124279486,0.06286860562139746
1.0,500,strong,1013,poststratified,0.14205353175270438,0.0710267658763522
1.0,500,strong,1014,raw_frequencies,0.26000000000000006,0.13000000000000006
1.0,500,strong,1014,rr_debiased,0.5333674152909605,0.2666837076454803
1.0,500,strong,1014,poststratified,0.2618110323919814,0.13090551619599072
1.0,500,strong,1015,raw_frequencies,0.19700000000000006,0.09849999999999998
1.0,500,strong,1015,rr_debiased,0.04885116786577165,0.024425583932885853
1.0,500,strong,1015,poststratified,0.4026178634668653,0.20130893173343267
1.0,500,strong,1016,raw_frequencies,0.19200000000000006,0.09600000000000003
1.0,500,strong,1016,rr_debiased,0.26975812371259433,0.1348790618562971
1.0,500,strong,1016,poststratified,0.21168462650172462,0.1058423132508623
1.0,500,strong,1017,raw_frequencies,0.1770000000000001,0.08850000000000002
1.0,500,strong,1017,rr_debiased,0.13795347792341145,0.0689767389617057
1.0,500,strong,1017,poststratified,0.23326517946251604,0.11663258973125801
1.0,500,strong,1018,raw_frequencies,0.284,0.14200000000000002
1.0,500,strong,1018,rr_debiased,0.4772162666806162,0.23860813334030814
1.0,500,strong,1018,poststratified,0.3163470484359164,0.15817352421795827
1.0,500,strong,1019,raw_frequencies,0.24000000000000005,0.12000000000000005
1.0,500,strong,1019,rr_debiased,0.3563953413738653,0.1781976706869327
1.0,500,strong,1019,poststratified,0.3443840111884562,0.1721920055942281
1.0,500,strong,1020,raw_frequencies,0.16800000000000004,0.08400000000000002
1.0,500,strong,1020,rr_debiased,0.2807418441950263,0.14037092209751317
1.0,500,strong,1020,poststratified,0.09518606900890605,0.04759303450445304
1.0,500,strong,1021,raw_frequencies,0.22800000000000004,0.11400000000000005
1.0,500,strong,1021,rr_debiased,0.5113999743260966,0.25569998716304826
1.0,500,strong,1021,poststratified,0.5239489146172593,0.2619744573086296
1.0,500,strong,1022,raw_frequencies,0.21300000000000002,0.10649999999999998
1.0,500,strong,1022,rr_debiased,0.20262325461981842,0.10131162730990922
1.0,500,strong,1022,poststratified,0.12754581264017528,0.06377290632008764
1.0,500,strong,1023,raw_frequencies,0.26,0.13000000000000006
1.0,500,strong,1023,rr_debiased,0.411313943786025,0.2056569718930125
1.0,500,strong,1023,poststratified,0.253238632998274,0.126619316499137
1.0,500,strong,1024,raw_frequencies,0.13600000000000007,0.06800000000000006
1.0,500,strong,1024,rr_debiased,0.2477906827477307,0.12389534137386532
1.0,500,strong,1024,poststratified,0.18947070112800346,0.09473535056400173
1.0,500,strong,1025,raw_frequencies,0.18000000000000005,0.09000000000000002
1.0,500,strong,1025,rr_debiased,0.26975812371259433,0.1348790618562971
1.0,500,strong,1025,poststratified,0.3241855130084489,0.16209275650422444
1.0,500,strong,1026,raw_frequencies,0.20400000000000001,0.10200000000000004
1.0,500,strong,1026,rr_debiased,0.3795953285369135,0.18979766426845673
1.0,500,strong,1026,poststratified,0.21877480576458946,0.10938740288229482
1.0,500,strong,1027,raw_frequencies,0.1730000000000001,0.08650000000000002
1.0,500,strong,1027,rr_debiased,0.14893719840584335,0.07446859920292165
1.0,500,strong,1027,poststratified,0.1643193044288186,0.08215965221440935
1.0,500,strong,1028,raw_frequencies,0.22800000000000004,0.11400000000000005
1.0,500,strong,1028,rr_debiased,0.3905790490193454,0.19528952450967269
1.0,500,strong,1028,poststratified,0.2330876814264245,0.11654384071321228
1.0,500,strong,1029,raw_frequencies,0.18900000000000006,0.09449999999999997
1.0,500,strong,1029,rr_debiased,0.08180232931306738,0.040901164656533706
1.0,500,strong,1029,poststratified,0.3508757280892897,0.17543786404464487
1.0,1000,none,1000,raw_frequencies,0.13600000000000007,0.06800000000000006
1.0,1000,none,1000,rr_debiased,0.21483952130043488,0.10741976065021741
1.0,1000,none,1000,poststratified,0.2279324313728513,0.11396621568642568
1.0,1000,none,1001,raw_frequencies,0.1870000000000001,0.09350000000000003
1.0,1000,none,1001,rr_debiased,0.09827791003671543,0.04913895501835769
1.0,1000,none,1001,poststratified,0.09568912830949752,0.04784456415474875
1.0,1000,none,1002,raw_frequencies,0.189,0.09449999999999997
1.0,1000,none,1002,rr_debiased,0.08721279196644277,0.04360639598322141
1.0,1000,none,1002,poststratified,0.06980684874242368,0.03490342437121191
1.0,1000,none,1003,raw_frequencies,0.20700000000000007,0.10349999999999998
1.0,1000,none,1003,rr_debiased,0.09278604979549943,0.04639302489774971
1.0,1000,none,1003,poststratified,0.09436591171686709,0.04718295585843357
1.0,1000,none,1004,raw_frequencies,0.1770000000000001,0.08850000000000002
1.0,1000,none,1004,rr_debiased,0.07205115502881992,0.036025577514409934
1.0,1000,none,1004,poststratified,0.07395441945514541,0.036977209727572735
1.0,1000,none,1005,raw_frequencies,0.15300000000000008,0.07650000000000001
1.0,1000,none,1005,rr_debiased,0.08910231005763969,0.044551155028819844
1.0,1000,none,1005,poststratified,0.08268898752481468,0.0413444937624074
1.0,1000,none,1006,raw_frequencies,0.20500000000000007,0.10249999999999998
1.0,1000,none,1006,rr_debiased,0.05368605621397515,0.026843028106987576
1.0,1000,none,1006,poststratified,0.05548580579259227,0.027742902896296107
1.0,1000,none,1007,raw_frequencies,0.1650000000000001,0.08250000000000002
1.0,1000,none,1007,rr_debiased,0.13795347792341142,0.0689767389617057
1.0,1000,none,1007,poststratified,0.14700323518097352,0.07350161759048679
1.0,1000,none,1008,raw_frequencies,0.19100000000000006,0.09549999999999997
1.0,1000,none,1008,rr_debiased,0.03237558714212371,0.01618779357106187
1.0,1000,none,1008,poststratified,0.04462177919385485,0.022310889596927452
1.0,1000,none,1009,raw_frequencies,0.19300000000000006,0.09649999999999997
1.0,1000,none,1009,rr_debiased,0.04885116786577162,0.024425583932885853
1.0,1000,none,1009,poststratified,0.04315285897446078,0.021576429487230375
1.0,1000,none,1010,raw_frequencies,0.19900000000000007,0.09949999999999998
1.0,1000,none,1010,rr_debiased,0.03721047549032716,0.018605237745163622
1.0,1000,none,1010,poststratified,0.03265726340095243,0.016328631700476215
1.0,1000,none,1011,raw_frequencies,0.1790000000000001,0.08950000000000002
1.0,1000,none,1011,rr_debiased,0.039099993581524106,0.019549996790762025
1.0,1000,none,1011,poststratified,0.03643727965984864,0.018218639829924332
1.0,1000,none,1012,raw_frequencies,0.1730000000000001,0.08650000000000002
1.0,1000,none,1012,rr_debiased,0.05557557430517196,0.027787787152585952
1.0,1000,none,1012,poststratified,0.03242655420366436,0.01621327710183229
1.0,1000,none,1013,raw_frequencies,0.19500000000000006,0.09749999999999998
1.0,1000,none,1013,rr_debiased,0.026226755007895258,0.01311337750394767
1.0,1000,none,1013,poststratified,0.02634788336814095,0.0131739416840706
1.0,1000,none,1014,raw_frequencies,0.203,0.10149999999999998
1.0,1000,none,1014,rr_debiased,0.06524535100157891,0.032622675500789455
1.0,1000,none,1014,poststratified,0.07471134990938069,0.03735567495469033
1.0,1000,none,1015,raw_frequencies,0.22900000000000004,0.11449999999999999
1.0,1000,none,1015,rr_debiased,0.11958837910856668,0.059794189554283284
1.0,1000,none,1015,poststratified,0.116914470341863,0.05845723517093146
1.0,1000,none,1016,raw_frequencies,0.1830000000000001,0.09150000000000003
1.0,1000,none,1016,rr_debiased,0.0067244064394002545,0.0033622032197000995
1.0,1000,none,1016,poststratified,0.005861954839427724,0.002930977419713876
1.0,1000,none,1017,raw_frequencies,0.19300000000000006,0.09649999999999997
1.0,1000,none,1017,rr_debiased,0.09278604979549934,0.04639302489774971
1.0,1000,none,1017,poststratified,0.09690744340701002,0.04845372170350504
1.0,1000,none,1018,raw_frequencies,0.1830000000000001,0.09150000000000003
1.0,1000,none,1018,rr_debiased,0.06655929478760386,0.03327964739380196
1.0,1000,none,1018,poststratified,0.06643324272415621,0.03321662136207809
1.0,1000,none,1019,raw_frequencies,0.2370000000000001,0.1185
1.0,1000,none,1019,rr_debiased,0.14155582007343065,0.0707779100367153
1.0,1000,none,1019,poststratified,0.1403733689729587,0.07018668448647936
1.0,1000,none,1020,raw_frequencies,0.22100000000000003,0.11049999999999999
1.0,1000,none,1020,rr_debiased,0.09762093814370273,0.04881046907185135
1.0,1000,none,1020,poststratified,0.09581330958506051,0.04790665479253031
1.0,1000,none,1021,raw_frequencies,0.13700000000000007,0.0685
1.0,1000,none,1021,rr_debiased,0.13303719198736735,0.0665185959936837
1.0,1000,none,1021,poststratified,0.1325158122651897,0.06625790613259483
1.0,1000,none,1022,raw_frequencies,0.1750000000000001,0.08750000000000002
1.0,1000,none,1022,rr_debiased,0.033608133340308155,0.01680406667015405
1.0,1000,none,1022,poststratified,0.025295053083511626,0.0126475265417558
1.0,1000,none,1023,raw_frequencies,0.19700000000000006,0.09849999999999998
1.0,1000,none,1023,rr_debiased,0.04885116786577165,0.024425583932885853
1.0,1000,none,1023,poststratified,0.03915649962998219,0.019578249814991122
1.0,1000,none,1024,raw_frequencies,0.13900000000000007,0.0695
1.0,1000,none,1024,rr_debiased,0.1275453317461514,0.06377266587307573
1.0,1000,none,1024,poststratified,0.12758501260602134,0.06379250630301071
1.0,1000,none,1025,raw_frequencies,0.1710000000000001,0.08550000000000002
1.0,1000,none,1025,rr_debiased,0.07196975744097944,0.03598487872048972
1.0,1000,none,1025,poststratified,0.05110456958154816,0.025552284790773983
1.0,1000,none,1026,raw_frequencies,0.1850000000000001,0.09250000000000003
1.0,1000,none,1026,rr_debiased,0.006148832134228316,0.0030744160671141163
1.0,1000,none,1026,poststratified,0.0029482116878941644,0.0014741058439470822
1.0,1000,none,1027,raw_frequencies,0.14300000000000007,0.07150000000000001
1.0,1000,none,1027,rr_debiased,0.13246161768219547,0.06623080884109772
1.0,1000,none,1027,poststratified,0.13667044111378712,0.06833522055689356
1.0,1000,none,1028,raw_frequencies,0.19100000000000006,0.09549999999999997
1.0,1000,none,1028,rr_debiased,0.0433593076245557,0.02167965381227782
1.0,1000,none,1028,poststratified,0.05496654311102592,0.027483271555512945
1.0,1000,none,1029,raw_frequencies,0.15300000000000008,0.07650000000000001
1.0,1000,none,1029,rr_debiased,0.14885580081800293,0.07442790040900144
1.0,1000,none,1029,poststratified,0.15991759884692094,0.07995879942346051
1.0,1000,moderate,1000,raw_frequencies,0.21100000000000002,0.10549999999999998
1.0,1000,moderate,1000,rr_debiased,0.23557441606711416,0.11778720803355713
1.0,1000,moderate,1000,poststratified,0.2094262536152524,0.10471312680762623
1.0,1000,moderate,1001,raw_frequencies,0.13100000000000006,0.0655
1.0,1000,moderate,1001,rr_debiased,0.1495127727110153,0.07475638635550766
1.0,1000,moderate,1001,poststratified,0.1712185250098407,0.08560926250492029
1.0,1000,moderate,1002,raw_frequencies,0.16500000000000004,0.08250000000000002
1.0,1000,moderate,1002,rr_debiased,0.176396499611923,0.08819824980596147
1.0,1000,moderate,1002,poststratified,0.11451404246411803,0.05725702123205906
1.0,1000,moderate,1003,raw_frequencies,0.1650000000000001,0.08250000000000002
1.0,1000,moderate,1003,rr_debiased,0.0830348755112518,0.041517437755625886
1.0,1000,moderate,1003,poststratified,0.10107366248915295,0.05053683124457642
1.0,1000,moderate,1004,raw_frequencies,0.13000000000000006,0.06500000000000006
1.0,1000,moderate,1004,rr_debiased,0.2148395213004349,0.10741976065021741
1.0,1000,moderate,1004,poststratified,0.16160707480319636,0.08080353740159822
1.0,1000,moderate,1005,raw_frequencies,0.193,0.09649999999999997
1.0,1000,moderate,1005,rr_debiased,0.15868837269009067,0.07934418634504536
1.0,1000,moderate,1005,poststratified,0.06838785030600586,0.03419392515300296
1.0,1000,moderate,1006,raw_frequencies,0.21700000000000003,0.10849999999999999
1.0,1000,moderate,1006,rr_debiased,0.12024535100157893,0.06012267550078948
1.0,1000,moderate,1006,poststratified,0.059897607855110696,0.029948803927555306
1.0,1000,moderate,1007,raw_frequencies,0.15400000000000003,0.07700000000000001
1.0,1000,moderate,1007,rr_debiased,0.22582324178286667,0.1129116208914333
1.0,1000,moderate,1007,poststratified,0.08742868286208688,0.04371434143104347
1.0,1000,moderate,1008,raw_frequencies,0.191,0.09549999999999997
1.0,1000,moderate,1008,rr_debiased,0.21909883534346625,0.10954941767173315
1.0,1000,moderate,1008,poststratified,0.15720056857930453,0.07860028428965227
1.0,1000,moderate,1009,raw_frequencies,0.203,0.10149999999999998
1.0,1000,moderate,1009,rr_debiased,0.14770465220765877,0.07385232610382941
1.0,1000,moderate,1009,poststratified,0.041919987712032813,0.020959993856016434
1.0,1000,moderate,1010,raw_frequencies,0.17500000000000004,0.08750000000000002
1.0,1000,moderate,1010,rr_debiased,0.14893719840584319,0.07446859920292165
1.0,1000,moderate,1010,poststratified,0.04900480239473254,0.024502401197366297
1.0,1000,moderate,1011,raw_frequencies,0.203,0.10149999999999998
1.0,1000,moderate,1011,rr_debiased,0.19713139437860244,0.09856569718930125
1.0,1000,moderate,1011,poststratified,0.13512288793949814,0.06756144396974911
1.0,1000,moderate,1012,raw_frequencies,0.21900000000000003,0.10949999999999999
1.0,1000,moderate,1012,rr_debiased,0.1036883726900906,0.05184418634504534
1.0,1000,moderate,1012,poststratified,0.23067834922320285,0.11533917461160142
1.0,1000,moderate,1013,raw_frequencies,0.13500000000000006,0.0675
1.0,1000,moderate,1013,rr_debiased,0.1385290522285833,0.0692645261142917
1.0,1000,moderate,1013,poststratified,0.10360870044859172,0.05180435022429586
1.0,1000,moderate,1014,raw_frequencies,0.23500000000000004,0.1175
1.0,1000,moderate,1014,rr_debiased,0.15868837269009073,0.07934418634504536
1.0,1000,moderate,1014,poststratified,0.15796781086841166,0.0789839054342058
1.0,1000,moderate,1015,raw_frequencies,0.1850000000000001,0.09250000000000003
1.0,1000,moderate,1015,rr_debiased,0.11049417671733161,0.055247088358665764
1.0,1000,moderate,1015,poststratified,0.07707366605049484,0.03853683302524738
1.0,1000,moderate,1016,raw_frequencies,0.1790000000000001,0.08950000000000002
1.0,1000,moderate,1016,rr_debiased,0.11049417671733161,0.05524708835866582
1.0,1000,moderate,1016,poststratified,0.04645428026364329,0.023227140131821644
1.0,1000,moderate,1017,raw_frequencies,0.197,0.09849999999999998
1.0,1000,moderate,1017,rr_debiased,0.1311476738961705,0.06557383694808522
1.0,1000,moderate,1017,poststratified,0.25142725740585975,0.1257136287029299
1.0,1000,moderate,1018,raw_frequencies,0.191,0.09549999999999997
1.0,1000,moderate,1018,rr_debiased,0.14770465220765877,0.07385232610382941
1.0,1000,moderate,1018,poststratified,0.06633143560441454,0.033165717802207284
1.0,1000,moderate,1019,raw_frequencies,0.18500000000000005,0.09250000000000003
1.0,1000,moderate,1019,rr_debiased,0.14344533816462723,0.07172266908231356
1.0,1000,moderate,1019,poststratified,0.05674575702294618,0.028372878511473132
1.0,1000,moderate,1020,raw_frequencies,0.1650000000000001,0.08250000000000002
1.0,1000,moderate,1020,rr_debiased,0.05615114861034384,0.028075574305171963
1.0,1000,moderate,1020,poststratified,0.2016044335863347,0.10080221679316737
1.0,1000,moderate,1021,raw_frequencies,0.2270000000000001,0.11349999999999999
1.0,1000,moderate,1021,rr_debiased,0.11409651886735075,0.057048259433675336
1.0,1000,moderate,1021,poststratified,0.1700754585353656,0.08503772926768277
1.0,1000,moderate,1022,raw_frequencies,0.18500000000000005,0.09250000000000003
1.0,1000,moderate,1022,rr_debiased,0.1599209188882751,0.07996045944413749
1.0,1000,moderate,1022,poststratified,0.031680951260232876,0.015840475630116452
1.0,1000,moderate,1023,raw_frequencies,0.17000000000000004,0.08500000000000002
1.0,1000,moderate,1023,rr_debiased,0.2368069622652986,0.11840348113264926
1.0,1000,moderate,1023,poststratified,0.1371516604937631,0.06857583024688152
1.0,1000,moderate,1024,raw_frequencies,0.19300000000000006,0.09649999999999997
1.0,1000,moderate,1024,rr_debiased,0.1092616305191472,0.05463081525957364
1.0,1000,moderate,1024,poststratified,0.039437077009325056,0.019718538504662514
1.0,1000,moderate,1025,raw_frequencies,0.22100000000000009,0.11049999999999999
1.0,1000,moderate,1025,rr_debiased,0.09827791003671535,0.04913895501835769
1.0,1000,moderate,1025,poststratified,0.11377876805959133,0.056889384029795764
1.0,1000,moderate,1026,raw_frequencies,0.15300000000000008,0.07650000000000001
1.0,1000,moderate,1026,rr_debiased,0.08910231005763969,0.044551155028819844
1.0,1000,moderate,1026,poststratified,0.14718941315728676,0.07359470657864342
1.0,1000,moderate,1027,raw_frequencies,0.203,0.10149999999999998
1.0,1000,moderate,1027,rr_debiased,0.22459069558468225,0.11229534779234113
1.0,1000,moderate,1027,poststratified,0.13659853975761896,0.06829926987880958
1.0,1000,moderate,1028,raw_frequencies,0.195,0.09749999999999998
1.0,1000,moderate,1028,rr_debiased,0.12573721124279488,0.06286860562139746
1.0,1000,moderate,1028,poststratified,0.04587238864278004,0.02293619432138999
1.0,1000,moderate,1029,raw_frequencies,0.21100000000000002,0.10549999999999998
1.0,1000,moderate,1029,rr_debiased,0.12573721124279486,0.06286860562139746
1.0,1000,moderate,1029,poststratified,0.1598816701714832,0.07994083508574157
1.0,1000,strong,1000,raw_frequencies,0.20000000000000007,0.10000000000000003
1.0,1000,strong,1000,rr_debiased,0.24655813654954614,0.12327906827477314
1.0,1000,strong,1000,poststratified,0.0962469463849478,0.04812347319247384
1.0,1000,strong,1001,raw_frequencies,0.20100000000000007,0.10049999999999998
1.0,1000,strong,1001,rr_debiased,0.10926163051914725,0.05463081525957364
1.0,1000,strong,1001,poststratified,0.2230284597613205,0.11151422988066023
1.0,1000,strong,1002,raw_frequencies,0.14600000000000002,0.07300000000000006
1.0,1000,strong,1002,rr_debiased,0.3356604466071861,0.16783022330359304
1.0,1000,strong,1002,poststratified,0.17082873616194533,0.08541436808097268
1.0,1000,strong,1003,raw_frequencies,0.17000000000000004,0.08500000000000002
1.0,1000,strong,1003,rr_debiased,0.28074184419502624,0.14037092209751306
1.0,1000,strong,1003,poststratified,0.0489106679941832,0.0244553339970916
1.0,1000,strong,1004,raw_frequencies,0.196,0.09800000000000003
1.0,1000,strong,1004,rr_debiased,0.2862337044362422,0.14311685221812104
1.0,1000,strong,1004,poststratified,0.26354633558569146,0.13177316779284576
1.0,1000,strong,1005,raw_frequencies,0.18100000000000005,0.09050000000000002
1.0,1000,strong,1005,rr_debiased,0.1928720803355709,0.0964360401677854
1.0,1000,strong,1005,poststratified,0.2749992804597031,0.13749964022985162
1.0,1000,strong,1006,raw_frequencies,0.15100000000000008,0.07550000000000001
1.0,1000,strong,1006,rr_debiased,0.15992091888827528,0.0799604594441376
1.0,1000,strong,1006,poststratified,0.11376300805174808,0.05688150402587405
1.0,1000,strong,1007,raw_frequencies,0.16399999999999998,0.08200000000000002
1.0,1000,strong,1007,rr_debiased,0.33566044660718586,0.16783022330359293
1.0,1000,strong,1007,poststratified,0.2838147810883666,0.14190739054418333
1.0,1000,strong,1008,raw_frequencies,0.18400000000000005,0.09200000000000003
1.0,1000,strong,1008,rr_debiased,0.26975812371259433,0.1348790618562971
1.0,1000,strong,1008,poststratified,0.06144835697937978,0.03072417848968989
1.0,1000,strong,1009,raw_frequencies,0.1670000000000001,0.08350000000000002
1.0,1000,strong,1009,rr_debiased,0.14344533816462743,0.07172266908231367
1.0,1000,strong,1009,poststratified,0.1492381536468931,0.0746190768234466
1.0,1000,strong,1010,raw_frequencies,0.23200000000000004,0.11600000000000005
1.0,1000,strong,1010,rr_debiased,0.3344279004090015,0.1672139502045008
1.0,1000,strong,1010,poststratified,0.16728588290869675,0.08364294145434836
1.0,1000,strong,1011,raw_frequencies,0.1730000000000001,0.08650000000000002
1.0,1000,strong,1011,rr_debiased,0.1324616176821955,0.06623080884109772
1.0,1000,strong,1011,poststratified,0.23867367328485734,0.11933683664242867
1.0,1000,strong,1012,raw_frequencies,0.192,0.09600000000000003
1.0,1000,strong,1012,rr_debiased,0.3301685863659698,0.16508429318298484
1.0,1000,strong,1012,poststratified,0.04110092283931155,0.02055046141965572
1.0,1000,strong,1013,raw_frequencies,0.197,0.09849999999999998
1.0,1000,strong,1013,rr_debiased,0.19713139437860244,0.0985656971893012
1.0,1000,strong,1013,poststratified,0.16570983208941703,0.08285491604470857
1.0,1000,strong,1014,raw_frequencies,0.17600000000000005,0.08800000000000002
1.0,1000,strong,1014,rr_debiased,0.2807418441950263,0.14037092209751306
1.0,1000,strong,1014,poststratified,0.17085416006850002,0.08542708003425002
1.0,1000,strong,1015,raw_frequencies,0.186,0.09300000000000003
1.0,1000,strong,1015,rr_debiased,0.31369300564232194,0.15684650282116092
1.0,1000,strong,1015,poststratified,0.04803164652254746,0.024015823261273772
1.0,1000,strong,1016,raw_frequencies,0.19800000000000006,0.09900000000000003
1.0,1000,strong,1016,rr_debiased,0.2697581237125944,0.13487906185629722
1.0,1000,strong,1016,poststratified,0.0719504904005216,0.0359752452002608
1.0,1000,strong,1017,raw_frequencies,0.17700000000000005,0.08850000000000002
1.0,1000,strong,1017,rr_debiased,0.20385580081800286,0.10192790040900146
1.0,1000,strong,1017,poststratified,0.07833686232432577,0.0391684311621629
1.0,1000,strong,1018,raw_frequencies,0.17300000000000004,0.08650000000000002
1.0,1000,strong,1018,rr_debiased,0.18188835985313898,0.09094417992656945
1.0,1000,strong,1018,poststratified,0.0922259777800449,0.046112988890022466
1.0,1000,strong,1019,raw_frequencies,0.21200000000000002,0.10600000000000004
1.0,1000,strong,1019,rr_debiased,0.2795092979968419,0.139754648998421
1.0,1000,strong,1019,poststratified,0.11196771057761434,0.05598385528880723
1.0,1000,strong,1020,raw_frequencies,0.191,0.09549999999999997
1.0,1000,strong,1020,rr_debiased,0.13122907148401086,0.06561453574200549
1.0,1000,strong,1020,poststratified,0.1615468468471231,0.08077342342356153
1.0,1000,strong,1021,raw_frequencies,0.15000000000000008,0.07500000000000007
1.0,1000,strong,1021,rr_debiased,0.2203313815416509,0.11016569077082544
1.0,1000,strong,1021,poststratified,0.05512188627588946,0.027560943137944716
1.0,1000,strong,1022,raw_frequencies,0.21000000000000002,0.10500000000000004
1.0,1000,strong,1022,rr_debiased,0.37959532853691347,0.18979766426845673
1.0,1000,strong,1022,poststratified,0.19044852096474962,0.09522426048237476
1.0,1000,strong,1023,raw_frequencies,0.16600000000000004,0.08300000000000002
1.0,1000,strong,1023,rr_debiased,0.2368069622652986,0.11840348113264926
1.0,1000,strong,1023,poststratified,0.1220656395763888,0.061032819788194415
1.0,1000,strong,1024,raw_frequencies,0.19200000000000006,0.09600000000000003
1.0,1000,strong,1024,rr_debiased,0.26975812371259433,0.1348790618562971
1.0,1000,strong,1024,poststratified,0.09760165604423371,0.04880082802211683
1.0,1000,strong,1025,raw_frequencies,0.13600000000000007,0.06800000000000006
1.0,1000,strong,1025,rr_debiased,0.21483952130043488,0.10741976065021741
1.0,1000,strong,1025,poststratified,0.16406525691263985,0.08203262845631996
1.0,1000,strong,1026,raw_frequencies,0.194,0.09700000000000003
1.0,1000,strong,1026,rr_debiased,0.3246767261247539,0.16233836306237698
1.0,1000,strong,1026,poststratified,0.2169329370874306,0.10846646854371528
1.0,1000,strong,1027,raw_frequencies,0.15599999999999997,0.07800000000000001
1.0,1000,strong,1027,rr_debiased,0.2917255646774581,0.145862782338729
1.0,1000,strong,1027,poststratified,0.12629603097311395,0.06314801548655696
1.0,1000,strong,1028,raw_frequencies,0.19100000000000006,0.09549999999999997
1.0,1000,strong,1028,rr_debiased,0.10376977027793133,0.051884885138965664
1.0,1000,strong,1028,poststratified,0.1580760211673427,0.07903801058367133
1.0,1000,strong,1029,raw_frequencies,0.18700000000000006,0.09350000000000003
1.0,1000,strong,1029,rr_debiased,0.15319651244887475,0.07659825622443744
1.0,1000,strong,1029,poststratified,0.13664954373630675,0.06832477186815339
1.0,2000,none,1000,raw_frequencies,0.1840000000000001,0.09200000000000003
1.0,2000,none,1000,rr_debiased,0.06381336466699591,0.031906682333497915
1.0,2000,none,1000,poststratified,0.06646731573929143,0.03323365786964566
1.0,2000,none,1001,raw_frequencies,0.1800000000000001,0.09000000000000002
1.0,2000,none,1001,rr_debiased,0.04176452611429163,0.0208822630571458
1.0,2000,none,1001,poststratified,0.04651974208238696,0.02325987104119348
1.0,2000,none,1002,raw_frequencies,0.18900000000000006,0.09449999999999997
1.0,2000,none,1002,rr_debiased,0.013154076297867828,0.006577038148933956
1.0,2000,none,1002,poststratified,0.017281496343060032,0.008640748171529988
1.0,2000,none,1003,raw_frequencies,0.1700000000000001,0.08500000000000002
1.0,2000,none,1003,rr_debiased,0.04242149800730405,0.021210749003651996
1.0,2000,none,1003,poststratified,0.04361557737075222,0.02180778868537614
1.0,2000,none,1004,raw_frequencies,0.21200000000000002,0.10599999999999998
1.0,2000,none,1004,rr_debiased,0.08446686184583477,0.042233430922917425
1.0,2000,none,1004,poststratified,0.08323547861691499,0.04161773930845758
1.0,2000,none,1005,raw_frequencies,0.2,0.09999999999999998
1.0,2000,none,1005,rr_debiased,0.1201639534137385,0.06008197670686927
1.0,2000,none,1005,poststratified,0.12166712644642932,0.06083356322321465
1.0,2000,none,1006,raw_frequencies,0.20800000000000007,0.10399999999999998
1.0,2000,none,1006,rr_debiased,0.061923846575799024,0.03096192328789954
1.0,2000,none,1006,poststratified,0.061112442596971905,0.030556221298485953
1.0,2000,none,1007,raw_frequencies,0.18800000000000006,0.09399999999999997
1.0,2000,none,1007,rr_debiased,0.06258081846881153,0.031290409234405736
1.0,2000,none,1007,poststratified,0.06018136538322999,0.030090682691615023
1.0,2000,none,1008,raw_frequencies,0.15600000000000008,0.07800000000000001
1.0,2000,none,1008,rr_debiased,0.0967645261142917,0.048382263057145825
1.0,2000,none,1008,poststratified,0.0972415740170555,0.04862078700852773
1.0,2000,none,1009,raw_frequencies,0.1600000000000001,0.08000000000000002
1.0,2000,none,1009,rr_debiased,0.18463428997374715,0.09231714498687354
1.0,2000,none,1009,poststratified,0.19192923751608026,0.09596461875804013
1.0,2000,none,1010,raw_frequencies,0.21700000000000008,0.10849999999999999
1.0,2000,none,1010,rr_debiased,0.08663721766127092,0.04331860883063543
1.0,2000,none,1010,poststratified,0.08645574301149414,0.043227871505747056
1.0,2000,none,1011,raw_frequencies,0.20300000000000007,0.10149999999999998
1.0,2000,none,1011,rr_debiased,0.04819419597275909,0.0240970979863796
1.0,2000,none,1011,poststratified,0.048509774860087174,0.024254887430043615
1.0,2000,none,1012,raw_frequencies,0.18800000000000006,0.09399999999999997
1.0,2000,none,1012,rr_debiased,0.007580818468811479,0.0037904092344057116
1.0,2000,none,1012,poststratified,0.005744145548823881,0.002872072774411899
1.0,2000,none,1013,raw_frequencies,0.1720000000000001,0.08600000000000002
1.0,2000,none,1013,rr_debiased,0.04451045623489963,0.022255228117449788
1.0,2000,none,1013,poststratified,0.0490154414400798,0.02450772072003987
1.0,2000,none,1014,raw_frequencies,0.1800000000000001,0.09000000000000002
1.0,2000,none,1014,rr_debiased,0.07754301527003585,0.03877150763501791
1.0,2000,none,1014,poststratified,0.07136616245857544,0.035683081229287705
1.0,2000,none,1015,raw_frequencies,0.21700000000000003,0.10849999999999999
1.0,2000,none,1015,rr_debiased,0.13114767389617046,0.06557383694808527
1.0,2000,none,1015,poststratified,0.1265151102060569,0.06325755510302844
1.0,2000,none,1016,raw_frequencies,0.20500000000000002,0.10249999999999998
1.0,2000,none,1016,rr_debiased,0.12299128112218694,0.06149564056109347
1.0,2000,none,1016,poststratified,0.1243440520760136,0.06217202603800681
1.0,2000,none,1017,raw_frequencies,0.18900000000000006,0.09449999999999997
1.0,2000,none,1017,rr_debiased,0.018564538951243353,0.009282269475621718
1.0,2000,none,1017,poststratified,0.022460764378890913,0.011230382189445443
1.0,2000,none,1018,raw_frequencies,0.197,0.09849999999999998
1.0,2000,none,1018,rr_debiased,0.06799128112218686,0.03399564056109344
1.0,2000,none,1018,poststratified,0.07002212324039336,0.03501106162019674
1.0,2000,none,1019,raw_frequencies,0.19800000000000006,0.09899999999999998
1.0,2000,none,1019,rr_debiased,0.054261630519147175,0.027130815259573615
1.0,2000,none,1019,poststratified,0.05464592193423909,0.02732296096711956
1.0,2000,none,1020,raw_frequencies,0.19100000000000006,0.09549999999999997
1.0,2000,none,1020,rr_debiased,0.015243034525463328,0.007621517262731692
1.0,2000,none,1020,poststratified,0.011926413473920233,0.0059632067369601305
1.0,2000,none,1021,raw_frequencies,0.1830000000000001,0.09150000000000003
1.0,2000,none,1021,rr_debiased,0.017132552616660274,0.008566276308330123
1.0,2000,none,1021,poststratified,0.016851499105082324,0.008425749552541106
1.0,2000,none,1022,raw_frequencies,0.1620000000000001,0.08100000000000002
1.0,2000,none,1022,rr_debiased,0.06438893897216785,0.0321944694860839
1.0,2000,none,1022,poststratified,0.06371768470860262,0.03185884235430131
1.0,2000,none,1023,raw_frequencies,0.1870000000000001,0.09350000000000003
1.0,2000,none,1023,rr_debiased,0.048769770277931335,0.02438488513896564
1.0,2000,none,1023,poststratified,0.049180939604768825,0.024590469802384385
1.0,2000,none,1024,raw_frequencies,0.1770000000000001,0.08850000000000002
1.0,2000,none,1024,rr_debiased,0.08020754780280342,0.040103773901401685
1.0,2000,none,1024,poststratified,0.07691508662885213,0.038457543314426024
1.0,2000,none,1025,raw_frequencies,0.1850000000000001,0.09250000000000003
1.0,2000,none,1025,rr_debiased,0.017051155028819848,0.00852557751440991
1.0,2000,none,1025,poststratified,0.025556086141194867,0.012778043070597433
1.0,2000,none,1026,raw_frequencies,0.2260000000000001,0.11299999999999999
1.0,2000,none,1026,rr_debiased,0.11475349076036323,0.057376745380181615
1.0,2000,none,1026,poststratified,0.1306422564432414,0.06532112822162073
1.0,2000,none,1027,raw_frequencies,0.1800000000000001,0.09000000000000002
1.0,2000,none,1027,rr_debiased,0.06106743454638794,0.030533717273193928
1.0,2000,none,1027,poststratified,0.05777403609703641,0.028887018048518176
1.0,2000,none,1028,raw_frequencies,0.21900000000000003,0.10949999999999999
1.0,2000,none,1028,rr_debiased,0.09545058232826667,0.04772529116413338
1.0,2000,none,1028,poststratified,0.09119711570023917,0.0455985578501196
1.0,2000,none,1029,raw_frequencies,0.20100000000000007,0.10049999999999998
1.0,2000,none,1029,rr_debiased,0.046023840157323276,0.023011920078661652
1.0,2000,none,1029,poststratified,0.045544384420264844,0.022772192210132436
1.0,2000,moderate,1000,raw_frequencies,0.1800000000000001,0.09000000000000002
1.0,2000,moderate,1000,rr_debiased,0.0830348755112518,0.041517437755625886
1.0,2000,moderate,1000,poststratified,0.035113063060225574,0.017556531530112773
1.0,2000,moderate,1001,raw_frequencies,0.18800000000000006,0.09399999999999997
1.0,2000,moderate,1001,rr_debiased,0.057088958227595576,0.02854447911379776
1.0,2000,moderate,1001,poststratified,0.04471353897760266,0.02235676948880133
1.0,2000,moderate,1002,raw_frequencies,0.1800000000000001,0.09000000000000002
1.0,2000,moderate,1002,rr_debiased,0.07479708514942787,0.03739854257471392
1.0,2000,moderate,1002,poststratified,0.04981378265659481,0.02490689132829743
1.0,2000,moderate,1003,raw_frequencies,0.1660000000000001,0.08300000000000002
1.0,2000,moderate,1003,rr_debiased,0.0830348755112518,0.041517437755625886
1.0,2000,moderate,1003,poststratified,0.06873759118169953,0.034368795590849766
1.0,2000,moderate,1004,raw_frequencies,0.15300000000000008,0.07650000000000001
1.0,2000,moderate,1004,rr_debiased,0.12147789719976354,0.06073894859988177
1.0,2000,moderate,1004,poststratified,0.08507250881774797,0.04253625440887393
1.0,2000,moderate,1005,raw_frequencies,0.21000000000000002,0.10499999999999998
1.0,2000,moderate,1005,rr_debiased,0.2026232546198184,0.10131162730990922
1.0,2000,moderate,1005,poststratified,0.11462504657191422,0.057312523285957095
1.0,2000,moderate,1006,raw_frequencies,0.20600000000000007,0.10299999999999998
1.0,2000,moderate,1006,rr_debiased,0.10651570039853922,0.05325785019926965
1.0,2000,moderate,1006,poststratified,0.13512166273325443,0.06756083136662727
1.0,2000,moderate,1007,raw_frequencies,0.17700000000000005,0.08850000000000002
1.0,2000,moderate,1007,rr_debiased,0.17365056949131505,0.08682528474565748
1.0,2000,moderate,1007,poststratified,0.11801126762179853,0.05900563381089924
1.0,2000,moderate,1008,raw_frequencies,0.19200000000000006,0.09599999999999997
1.0,2000,moderate,1008,rr_debiased,0.0433593076245557,0.02167965381227782
1.0,2000,moderate,1008,poststratified,0.11003585379507644,0.055017926897538205
1.0,2000,moderate,1009,raw_frequencies,0.1680000000000001,0.08400000000000002
1.0,2000,moderate,1009,rr_debiased,0.1297156875615875,0.06485784378079373
1.0,2000,moderate,1009,poststratified,0.08043325743403745,0.0402166287170187
1.0,2000,moderate,1010,raw_frequencies,0.1690000000000001,0.08450000000000002
1.0,2000,moderate,1010,rr_debiased,0.08028894539064382,0.0401444726953219
1.0,2000,moderate,1010,poststratified,0.08131454784305336,0.04065727392152674
1.0,2000,moderate,1011,raw_frequencies,0.1740000000000001,0.08700000000000002
1.0,2000,moderate,1011,rr_debiased,0.11598603695854753,0.05799301847927374
1.0,2000,moderate,1011,poststratified,0.029524383887541472,0.014762191943770764
1.0,2000,moderate,1012,raw_frequencies,0.14200000000000007,0.07100000000000001
1.0,2000,moderate,1012,rr_debiased,0.13520754780280347,0.06760377390140171
1.0,2000,moderate,1012,poststratified,0.1003589974421879,0.05017949872109395
1.0,2000,moderate,1013,raw_frequencies,0.16100000000000003,0.08050000000000002
1.0,2000,moderate,1013,rr_debiased,0.24779068274773056,0.12389534137386532
1.0,2000,moderate,1013,poststratified,0.12102167950440473,0.06051083975220234
1.0,2000,moderate,1014,raw_frequencies,0.193,0.09649999999999997
1.0,2000,moderate,1014,rr_debiased,0.17241802329313055,0.0862090116465653
1.0,2000,moderate,1014,poststratified,0.04959700721856475,0.024798503609282374
1.0,2000,moderate,1015,raw_frequencies,0.1800000000000001,0.09000000000000002
1.0,2000,moderate,1015,rr_debiased,0.052748246596723586,0.02637412329836175
1.0,2000,moderate,1015,poststratified,0.13786318648643092,0.06893159324321546
1.0,2000,moderate,1016,raw_frequencies,0.18800000000000006,0.09400000000000003
1.0,2000,moderate,1016,rr_debiased,0.2148395213004347,0.1074197606502173
1.0,2000,moderate,1016,poststratified,0.07619762914065109,0.03809881457032549
1.0,2000,moderate,1017,raw_frequencies,0.18200000000000005,0.09100000000000003
1.0,2000,moderate,1017,rr_debiased,0.1571749887676671,0.0785874943838335
1.0,2000,moderate,1017,poststratified,0.07422855437158182,0.03711427718579091
1.0,2000,moderate,1018,raw_frequencies,0.1810000000000001,0.09050000000000002
1.0,2000,moderate,1018,rr_debiased,0.11873196707915559,0.05936598353957778
1.0,2000,moderate,1018,poststratified,0.03946112726585116,0.01973056363292558
1.0,2000,moderate,1019,raw_frequencies,0.18100000000000005,0.09050000000000002
1.0,2000,moderate,1019,rr_debiased,0.1297156875615873,0.06485784378079362
1.0,2000,moderate,1019,poststratified,0.04660439876933023,0.0233021993846651
1.0,2000,moderate,1020,raw_frequencies,0.1680000000000001,0.08400000000000002
1.0,2000,moderate,1020,rr_debiased,0.0885267357524678,0.04426336787623386
1.0,2000,moderate,1020,poststratified,0.028375440165681914,0.014187720082840943
1.0,2000,moderate,1021,raw_frequencies,0.15900000000000009,0.07950000000000002
1.0,2000,moderate,1021,rr_debiased,0.14893719840584335,0.07446859920292165
1.0,2000,moderate,1021,poststratified,0.08461818358391554,0.0423090917919578
1.0,2000,moderate,1022,raw_frequencies,0.1690000000000001,0.08450000000000002
1.0,2000,moderate,1022,rr_debiased,0.14069940804401945,0.07034970402200968
1.0,2000,moderate,1022,poststratified,0.06671150648196378,0.03335575324098189
1.0,2000,moderate,1023,raw_frequencies,0.1770000000000001,0.08850000000000002
1.0,2000,moderate,1023,rr_debiased,0.023199987163048108,0.011599993581524082
1.0,2000,moderate,1023,poststratified,0.10785755346423687,0.05392877673211843
1.0,2000,moderate,1024,raw_frequencies,0.17700000000000005,0.08850000000000002
1.0,2000,moderate,1024,rr_debiased,0.18738022009435493,0.09369011004717742
1.0,2000,moderate,1024,poststratified,0.06555953527333838,0.03277976763666918
1.0,2000,moderate,1025,raw_frequencies,0.2,0.09999999999999998
1.0,2000,moderate,1025,rr_debiased,0.1531965124488747,0.07659825622443739
1.0,2000,moderate,1025,poststratified,0.0877336533793468,0.0438668266896734
1.0,2000,moderate,1026,raw_frequencies,0.1710000000000001,0.08550000000000002
1.0,2000,moderate,1026,rr_debiased,0.12147789719976354,0.06073894859988177
1.0,2000,moderate,1026,poststratified,0.034360911978263964,0.017180455989131926
1.0,2000,moderate,1027,raw_frequencies,0.20900000000000002,0.10449999999999998
1.0,2000,moderate,1027,rr_debiased,0.1202453510015789,0.06012267550078948
1.0,2000,moderate,1027,poststratified,0.1090396494610674,0.05451982473053371
1.0,2000,moderate,1028,raw_frequencies,0.1860000000000001,0.09300000000000003
1.0,2000,moderate,1028,rr_debiased,0.037786049795499405,0.018893024897749744
1.0,2000,moderate,1028,poststratified,0.18979288698506774,0.0948964434925339
1.0,2000,moderate,1029,raw_frequencies,0.1770000000000001,0.08850000000000002
1.0,2000,moderate,1029,rr_debiased,0.1214778971997636,0.06073894859988177
1.0,2000,moderate,1029,poststratified,0.006829908419071884,0.0034149542095359142
1.0,2000,strong,1000,raw_frequencies,0.16900000000000004,0.08450000000000002
1.0,2000,strong,1000,rr_debiased,0.19836394057678686,0.09918197028839337
1.0,2000,strong,1000,poststratified,0.04403699571598935,0.0220184978579947
1.0,2000,strong,1001,raw_frequencies,0.17800000000000005,0.08900000000000002
1.0,2000,strong,1001,rr_debiased,0.15992091888827512,0.07996045944413749
1.0,2000,strong,1001,poststratified,0.12043277868956032,0.060216389344780186
1.0,2000,strong,1002,raw_frequencies,0.196,0.09799999999999998
1.0,2000,strong,1002,rr_debiased,0.15594244256948273,0.07797122128474138
1.0,2000,strong,1002,poststratified,0.09789107035017516,0.04894553517508757
1.0,2000,strong,1003,raw_frequencies,0.20700000000000007,0.10350000000000004
1.0,2000,strong,1003,rr_debiased,0.265779647393802,0.13288982369690105
1.0,2000,strong,1003,poststratified,0.0717904794542927,0.035895239727146366
1.0,2000,strong,1004,raw_frequencies,0.20000000000000007,0.10000000000000003
1.0,2000,strong,1004,rr_debiased,0.2532825429889465,0.12664127149447318
1.0,2000,strong,1004,poststratified,0.09858724613369116,0.049293623066845565
1.0,2000,strong,1005,raw_frequencies,0.21000000000000002,0.10499999999999998
1.0,2000,strong,1005,rr_debiased,0.260287787152586,0.13014389357629302
1.0,2000,strong,1005,poststratified,0.16058379893156383,0.08029189946578186
1.0,2000,strong,1006,raw_frequencies,0.15700000000000003,0.07850000000000001
1.0,2000,strong,1006,rr_debiased,0.2450447526271226,0.12252237631356128
1.0,2000,strong,1006,poststratified,0.053418212150335403,0.026709106075167688
1.0,2000,strong,1007,raw_frequencies,0.189,0.09449999999999997
1.0,2000,strong,1007,rr_debiased,0.1916395341373865,0.09581976706869327
1.0,2000,strong,1007,poststratified,0.10134588332405942,0.050672941662029736
1.0,2000,strong,1008,raw_frequencies,0.17900000000000005,0.08950000000000002
1.0,2000,strong,1008,rr_debiased,0.23406103214469062,0.11703051607234533
1.0,2000,strong,1008,poststratified,0.13805488816491054,0.06902744408245526
1.0,2000,strong,1009,raw_frequencies,0.20400000000000001,0.10200000000000004
1.0,2000,strong,1009,rr_debiased,0.2917255646774581,0.145862782338729
1.0,2000,strong,1009,poststratified,0.18829276686187618,0.09414638343093812
1.0,2000,strong,1010,raw_frequencies,0.15400000000000003,0.07700000000000001
1.0,2000,strong,1010,rr_debiased,0.23955289238590655,0.1197764461929533
1.0,2000,strong,1010,poststratified,0.1250840056253157,0.06254200281265786
1.0,2000,strong,1011,raw_frequencies,0.16499999999999998,0.08250000000000002
1.0,2000,strong,1011,rr_debiased,0.305455215280498,0.152727607640249
1.0,2000,strong,1011,poststratified,0.11241628777245721,0.05620814388622858
1.0,2000,strong,1012,raw_frequencies,0.17100000000000004,0.08550000000000002
1.0,2000,strong,1012,rr_debiased,0.24504475262712258,0.12252237631356128
1.0,2000,strong,1012,poststratified,0.1311201654572186,0.0655600827286093
1.0,2000,strong,1013,raw_frequencies,0.15700000000000003,0.07850000000000001
1.0,2000,strong,1013,rr_debiased,0.20385580081800278,0.10192790040900135
1.0,2000,strong,1013,poststratified,0.07511043187606192,0.03755521593803102
1.0,2000,strong,1014,raw_frequencies,0.17900000000000005,0.08950000000000002
1.0,2000,strong,1014,rr_debiased,0.18738022009435495,0.09369011004717753
1.0,2000,strong,1014,poststratified,0.08574796192673362,0.04287398096336681
1.0,2000,strong,1015,raw_frequencies,0.14700000000000008,0.07350000000000001
1.0,2000,strong,1015,rr_debiased,0.19287208033557104,0.09643604016778551
1.0,2000,strong,1015,poststratified,0.060717976409230406,0.03035898820461519
1.0,2000,strong,1016,raw_frequencies,0.17900000000000005,0.08950000000000002
1.0,2000,strong,1016,rr_debiased,0.20385580081800286,0.10192790040900146
1.0,2000,strong,1016,poststratified,0.010049230291020561,0.0050246151455102805
1.0,2000,strong,1017,raw_frequencies,0.18700000000000006,0.09350000000000003
1.0,2000,strong,1017,rr_debiased,0.16418023293130665,0.0820901164656534
1.0,2000,strong,1017,poststratified,0.1413982206485235,0.07069911032426174
1.0,2000,strong,1018,raw_frequencies,0.192,0.09599999999999997
1.0,2000,strong,1018,rr_debiased,0.21086104498164232,0.10543052249082119
1.0,2000,strong,1018,poststratified,0.02275681050915157,0.01137840525457584
1.0,2000,strong,1019,raw_frequencies,0.17800000000000005,0.08900000000000002
1.0,2000,strong,1019,rr_debiased,0.19287208033557088,0.0964360401677854
1.0,2000,strong,1019,poststratified,0.12803953178898297,0.06401976589449149
1.0,2000,strong,1020,raw_frequencies,0.185,0.09250000000000003
1.0,2000,strong,1020,rr_debiased,0.2834877743156342,0.1417438871578171
1.0,2000,strong,1020,poststratified,0.14602747441415387,0.07301373720707688
1.0,2000,strong,1021,raw_frequencies,0.18400000000000005,0.09200000000000003
1.0,2000,strong,1021,rr_debiased,0.26152033335077046,0.1307601666753852
1.0,2000,strong,1021,poststratified,0.05903044105242919,0.02951522052621458
1.0,2000,strong,1022,raw_frequencies,0.22099999999999997,0.11050000000000004
1.0,2000,strong,1022,rr_debiased,0.30422266908231366,0.15211133454115683
1.0,2000,strong,1022,poststratified,0.06723802984526522,0.03361901492263264
1.0,2000,strong,1023,raw_frequencies,0.21000000000000002,0.10500000000000004
1.0,2000,strong,1023,rr_debiased,0.31094707552171397,0.15547353776085698
1.0,2000,strong,1023,poststratified,0.26935213641896494,0.13467606820948247
1.0,2000,strong,1024,raw_frequencies,0.17500000000000004,0.08750000000000002
1.0,2000,strong,1024,rr_debiased,0.2615203333507705,0.1307601666753852
1.0,2000,strong,1024,poststratified,0.09213121545371736,0.04606560772685864
1.0,2000,strong,1025,raw_frequencies,0.16100000000000003,0.08050000000000002
1.0,2000,strong,1025,rr_debiased,0.20385580081800284,0.10192790040900135
1.0,2000,strong,1025,poststratified,0.057581485780804825,0.028790742890402454
1.0,2000,strong,1026,raw_frequencies,0.17300000000000004,0.08650000000000002
1.0,2000,strong,1026,rr_debiased,0.17639649961192302,0.08819824980596147
1.0,2000,strong,1026,poststratified,0.1304114905418654,0.0652057452709327
1.0,2000,strong,1027,raw_frequencies,0.17400000000000004,0.08700000000000002
1.0,2000,strong,1027,rr_debiased,0.2532825429889465,0.12664127149447318
1.0,2000,strong,1027,poststratified,0.12274212121143199,0.06137106060571598
1.0,2000,strong,1028,raw_frequencies,0.21400000000000002,0.10700000000000004
1.0,2000,strong,1028,rr_debiased,0.28500115823805794,0.14250057911902891
1.0,2000,strong,1028,poststratified,0.10965330490351652,0.05482665245175819
1.0,2000,strong,1029,raw_frequencies,0.193,0.09650000000000003
1.0,2000,strong,1029,rr_debiased,0.22733662570529017,0.11366831285264511
1.0,2000,strong,1029,poststratified,0.09539943985529623,0.04769971992764807
2.0,250,none,1000,raw_frequencies,0.192,0.09600000000000003
2.0,250,none,1000,rr_debiased,0.2007649879939813,0.10038249399699062
2.0,250,none,1000,poststratified,0.19108629715476688,0.0955431485773835
2.0,250,none,1001,raw_frequencies,0.10499999999999998,0.05249999999999999
2.0,250,none,1001,rr_debiased,0.22246625534172987,0.1112331276708649
2.0,250,none,1001,poststratified,0.20484194202386247,0.10242097101193126
2.0,250,none,1002,raw_frequencies,0.12099999999999994,0.0605
2.0,250,none,1002,rr_debiased,0.12225214114199726,0.061126070570998614
2.0,250,none,1002,poststratified,0.13653721515086759,0.06826860757543379
2.0,250,none,1003,raw_frequencies,0.04900000000000007,0.024499999999999994
2.0,250,none,1003,rr_debiased,0.06494484392175662,0.03247242196087832
2.0,250,none,1003,poststratified,0.06711898186963519,0.03355949093481761
2.0,250,none,1004,raw_frequencies,0.19300000000000006,0.09649999999999997
2.0,250,none,1004,rr_debiased,0.146670777746099,0.07333538887304947
2.0,250,none,1004,poststratified,0.11600837124141242,0.058004185620706306
2.0,250,none,1005,raw_frequencies,0.10500000000000004,0.05249999999999999
2.0,250,none,1005,rr_debiased,0.01735012006018724,0.008675060030093634
2.0,250,none,1005,poststratified,0.024025465767702897,0.012012732883851435
2.0,250,none,1006,raw_frequencies,0.08900000000000005,0.04450000000000001
2.0,250,none,1006,rr_debiased,0.010850633673874288,0.005425316836937144
2.0,250,none,1006,poststratified,0.0145403761915604,0.007270188095780228
2.0,250,none,1007,raw_frequencies,0.06500000000000003,0.0325
2.0,250,none,1007,rr_debiased,0.041431997069772686,0.020715998534886315
2.0,250,none,1007,poststratified,0.03937802733994206,0.019689013669971
2.0,250,none,1008,raw_frequencies,0.08800000000000002,0.04400000000000004
2.0,250,none,1008,rr_debiased,0.14814559765581808,0.07407279882790907
2.0,250,none,1008,poststratified,0.11377862865852773,0.05688931432926386
2.0,250,none,1009,raw_frequencies,0.12100000000000005,0.0605
2.0,250,none,1009,rr_debiased,0.05968790688207756,0.029843953441038906
2.0,250,none,1009,poststratified,0.06674182024166506,0.03337091012083265
2.0,250,none,1010,raw_frequencies,0.12100000000000005,0.0605
2.0,250,none,1010,rr_debiased,0.04086296691217137,0.02043148345608556
2.0,250,none,1010,poststratified,0.03936228424316224,0.01968114212158112
2.0,250,none,1011,raw_frequencies,0.06500000000000003,0.0325
2.0,250,none,1011,rr_debiased,0.041431997069772686,0.020715998534886315
2.0,250,none,1011,poststratified,0.027681281788399986,0.013840640894199896
2.0,250,none,1012,raw_frequencies,0.11200000000000002,0.05600000000000005
2.0,250,none,1012,rr_debiased,0.13638917422982613,0.06819458711491305
2.0,250,none,1012,poststratified,0.11756972223437231,0.05878486111718606
2.0,250,none,1013,raw_frequencies,0.07300000000000004,0.036500000000000005
2.0,250,none,1013,rr_debiased,0.02967557364378054,0.014837786821890353
2.0,250,none,1013,poststratified,0.046641662170002096,0.02332083108500116
2.0,250,none,1014,raw_frequencies,0.04099999999999998,0.020500000000000018
2.0,250,none,1014,rr_debiased,0.10490202108181002,0.05245101054090501
2.0,250,none,1014,poststratified,0.09896392593527276,0.04948196296763635
2.0,250,none,1015,raw_frequencies,0.13500000000000004,0.0675
2.0,250,none,1015,rr_debiased,0.25395340848974596,0.1269767042448729
2.0,250,none,1015,poststratified,0.23723634787385717,0.11861817393692858
2.0,250,none,1016,raw_frequencies,0.09700000000000003,0.04849999999999999
2.0,250,none,1016,rr_debiased,0.01644433030806955,0.008222165154034788
2.0,250,none,1016,poststratified,0.03244647851526733,0.016223239257633637
2.0,250,none,1017,raw_frequencies,0.07999999999999999,0.040000000000000036
2.0,250,none,1017,rr_debiased,0.10111990395185025,0.05055995197592511
2.0,250,none,1017,poststratified,0.1304341765711888,0.06521708828559442
2.0,250,none,1018,raw_frequencies,0.032999999999999974,0.016500000000000015
2.0,250,none,1018,rr_debiased,0.13548338447770847,0.06774169223885423
2.0,250,none,1018,poststratified,0.13824113966969961,0.0691205698348499
2.0,250,none,1019,raw_frequencies,0.07200000000000001,0.035999999999999976
2.0,250,none,1019,rr_debiased,0.187196985063754,0.09359849253187702
2.0,250,none,1019,poststratified,0.18265981262356312,0.09132990631178162
2.0,250,none,1020,raw_frequencies,0.21700000000000003,0.10849999999999999
2.0,250,none,1020,rr_debiased,0.19279068169794922,0.09639534084897461
2.0,250,none,1020,poststratified,0.2009277590673441,0.10046387953367203
2.0,250,none,1021,raw_frequencies,0.0810000000000001,0.04050000000000001
2.0,250,none,1021,rr_debiased,0.05787632737784215,0.028938163688921048
2.0,250,none,1021,poststratified,0.047075686875886535,0.023537843437943295
2.0,250,none,1022,raw_frequencies,0.18500000000000005,0.09250000000000003
2.0,250,none,1022,rr_debiased,0.13491435432010712,0.0674571771600535
2.0,250,none,1022,poststratified,0.1383009413416192,0.0691504706708096
2.0,250,none,1023,raw_frequencies,0.08900000000000005,0.04450000000000001
2.0,250,none,1023,rr_debiased,0.010850633673874288,0.005425316836937144
2.0,250,none,1023,poststratified,0.03987896122252818,0.019939480611264104
2.0,250,none,1024,raw_frequencies,0.12800000000000006,0.06400000000000006
2.0,250,none,1024,rr_debiased,0.10671360058604556,0.053356800293022755
2.0,250,none,1024,poststratified,0.09055467290574015,0.045277336452870076
2.0,250,none,1025,raw_frequencies,0.097,0.04850000000000004
2.0,250,none,1025,rr_debiased,0.15192771478577807,0.07596385739288902
2.0,250,none,1025,poststratified,0.12391924567422583,0.061959622837112927
2.0,250,none,1026,raw_frequencies,0.12000000000000002,0.06000000000000005
2.0,250,none,1026,rr_debiased,0.1128763273778422,0.05643816368892107
2.0,250,none,1026,poststratified,0.13198947293317162,0.06599473646658588
2.0,250,none,1027,raw_frequencies,0.06500000000000003,0.0325
2.0,250,none,1027,rr_debiased,0.041431997069772686,0.020715998534886315
2.0,250,none,1027,poststratified,0.03714131168186863,0.018570655840934314
2.0,250,none,1028,raw_frequencies,0.13700000000000007,0.0685
2.0,250,none,1028,rr_debiased,0.11049571771600533,0.05524785885800265
2.0,250,none,1028,poststratified,0.10938324979995004,0.05469162489997509
2.0,250,none,1029,raw_frequencies,0.15200000000000005,0.07600000000000007
2.0,250,none,1029,rr_debiased,0.15990202108181012,0.07995101054090503
2.0,250,none,1029,poststratified,0.16465455528301878,0.08232727764150938
2.0,250,moderate,1000,raw_frequencies,0.11300000000000004,0.056499999999999995
2.0,250,moderate,1000,rr_debiased,0.07144433030806963,0.03572216515403481
2.0,250,moderate,1000,poststratified,0.16246885734225,0.08123442867112507
2.0,250,moderate,1001,raw_frequencies,0.20800000000000002,0.10400000000000004
2.0,250,moderate,1001,rr_debiased,0.22427783484596528,0.1121389174229826
2.0,250,moderate,1001,poststratified,0.08407868714627978,0.042039343573139876
2.0,250,moderate,1002,raw_frequencies,0.15999999999999998,0.08000000000000002
2.0,250,moderate,1002,rr_debiased,0.15373929429001323,0.07686964714500671
2.0,250,moderate,1002,poststratified,0.1155797468828946,0.05778987344144734
2.0,250,moderate,1003,raw_frequencies,0.06400000000000003,0.03200000000000003
2.0,250,moderate,1003,rr_debiased,0.0893634805258583,0.04468174026292915
2.0,250,moderate,1003,poststratified,0.1002843910548353,0.05014219552741764
2.0,250,moderate,1004,raw_frequencies,0.16900000000000004,0.08450000000000002
2.0,250,moderate,1004,rr_debiased,0.16549571771600546,0.08274785885800268
2.0,250,moderate,1004,poststratified,0.059113434268568577,0.029556717134284205
2.0,250,moderate,1005,raw_frequencies,0.12100000000000005,0.0605
2.0,250,moderate,1005,rr_debiased,0.0949571771600535,0.04747858858002685
2.0,250,moderate,1005,poststratified,0.08550003004661591,0.04275001502330794
2.0,250,moderate,1006,raw_frequencies,0.12800000000000006,0.06400000000000006
2.0,250,moderate,1006,rr_debiased,0.23044056163776197,0.11522028081888097
2.0,250,moderate,1006,poststratified,0.12963385708332265,0.06481692854166136
2.0,250,moderate,1007,raw_frequencies,0.15200000000000005,0.07600000000000007
2.0,250,moderate,1007,rr_debiased,0.17165844450780213,0.08582922225390105
2.0,250,moderate,1007,poststratified,0.047740346137820217,0.023870173068910094
2.0,250,moderate,1008,raw_frequencies,0.184,0.09200000000000003
2.0,250,moderate,1008,rr_debiased,0.18900856456798923,0.09450428228399471
2.0,250,moderate,1008,poststratified,0.054313013850772696,0.027156506925386348
2.0,250,moderate,1009,raw_frequencies,0.10500000000000004,0.05249999999999999
2.0,250,moderate,1009,rr_debiased,0.03617506003009366,0.018087530015046815
2.0,250,moderate,1009,poststratified,0.11434833652118681,0.057174168260593405
2.0,250,moderate,1010,raw_frequencies,0.184,0.09200000000000003
2.0,250,moderate,1010,rr_debiased,0.31273552561970586,0.15636776280985293
2.0,250,moderate,1010,poststratified,0.1545550179507717,0.07727750897538588
2.0,250,moderate,1011,raw_frequencies,0.168,0.08400000000000002
2.0,250,moderate,1011,rr_debiased,0.21868413821176996,0.1093420691058849
2.0,250,moderate,1011,poststratified,0.027924088650561008,0.013962044325280532
2.0,250,moderate,1012,raw_frequencies,0.16,0.08000000000000002
2.0,250,moderate,1012,rr_debiased,0.17165844450780204,0.08582922225390105
2.0,250,moderate,1012,poststratified,0.10868070633670229,0.05434035316835112
2.0,250,moderate,1013,raw_frequencies,0.15200000000000002,0.07600000000000007
2.0,250,moderate,1013,rr_debiased,0.14198287086402148,0.07099143543201075
2.0,250,moderate,1013,poststratified,0.06378761235325625,0.031893806176628126
2.0,250,moderate,1014,raw_frequencies,0.1610000000000001,0.08050000000000002
2.0,250,moderate,1014,rr_debiased,0.11847002401203754,0.05923501200601877
2.0,250,moderate,1014,poststratified,0.09039830194314621,0.04519915097157312
2.0,250,moderate,1015,raw_frequencies,0.184,0.09200000000000003
2.0,250,moderate,1015,rr_debiased,0.1890085645679893,0.09450428228399466
2.0,250,moderate,1015,poststratified,0.1232172365173852,0.06160861825869257
2.0,250,moderate,1016,raw_frequencies,0.07100000000000001,0.035499999999999976
2.0,250,moderate,1016,rr_debiased,0.15990202108181006,0.07995101054090503
2.0,250,moderate,1016,poststratified,0.17425088312445658,0.08712544156222828
2.0,250,moderate,1017,raw_frequencies,0.15100000000000005,0.07550000000000001
2.0,250,moderate,1017,rr_debiased,0.27746625534173003,0.13873312767086493
2.0,250,moderate,1017,poststratified,0.1802321996460256,0.09011609982301282
2.0,250,moderate,1018,raw_frequencies,0.21600000000000005,0.10800000000000004
2.0,250,moderate,1018,rr_debiased,0.26570983191573794,0.13285491595786897
2.0,250,moderate,1018,poststratified,0.12903665509726947,0.06451832754863468
2.0,250,moderate,1019,raw_frequencies,0.07299999999999998,0.03650000000000003
2.0,250,moderate,1019,rr_debiased,0.10490202108181004,0.05245101054090501
2.0,250,moderate,1019,poststratified,0.2854041625108532,0.1427020812554266
2.0,250,moderate,1020,raw_frequencies,0.16000000000000003,0.08000000000000002
2.0,250,moderate,1020,rr_debiased,0.1537392942900133,0.07686964714500671
2.0,250,moderate,1020,poststratified,0.13737403473056942,0.06868701736528471
2.0,250,moderate,1021,raw_frequencies,0.11200000000000002,0.05600000000000005
2.0,250,moderate,1021,rr_debiased,0.11287632737784217,0.05643816368892107
2.0,250,moderate,1021,poststratified,0.029709564658616766,0.01485478232930837
2.0,250,moderate,1022,raw_frequencies,0.192,0.09600000000000003
2.0,250,moderate,1022,rr_debiased,0.20076498799398115,0.10038249399699067
2.0,250,moderate,1022,poststratified,0.15678879391261974,0.07839439695630984
2.0,250,moderate,1023,raw_frequencies,0.184,0.09200000000000003
2.0,250,moderate,1023,rr_debiased,0.1890085645679893,0.09450428228399466
2.0,250,moderate,1023,poststratified,0.14827486360537478,0.07413743180268739
2.0,250,moderate,1024,raw_frequencies,0.216,0.10800000000000004
2.0,250,moderate,1024,rr_debiased,0.3009791021937138,0.15048955109685686
2.0,250,moderate,1024,poststratified,0.21897553379850673,0.10948776689925338
2.0,250,moderate,1025,raw_frequencies,0.168,0.08400000000000002
2.0,250,moderate,1025,rr_debiased,0.20692771478577804,0.10346385739288905
2.0,250,moderate,1025,poststratified,0.08802902573966756,0.04401451286983371
2.0,250,moderate,1026,raw_frequencies,0.0890000000000001,0.04450000000000001
2.0,250,moderate,1026,rr_debiased,0.04611990395185023,0.023059951975925086
2.0,250,moderate,1026,poststratified,0.1507154365298414,0.07535771826492066
2.0,250,moderate,1027,raw_frequencies,0.13600000000000004,0.06800000000000006
2.0,250,moderate,1027,rr_debiased,0.13638917422982616,0.06819458711491305
2.0,250,moderate,1027,poststratified,0.053188962830298225,0.02659448141514914
2.0,250,moderate,1028,raw_frequencies,0.06400000000000003,0.03200000000000003
2.0,250,moderate,1028,rr_debiased,0.07760705709986634,0.038803528549933186
2.0,250,moderate,1028,poststratified,0.09338003181330781,0.04669001590665392
2.0,250,moderate,1029,raw_frequencies,0.16,0.08000000000000002
2.0,250,moderate,1029,rr_debiased,0.195171291359786,0.09758564567989303
2.0,250,moderate,1029,poststratified,0.16096238031436091,0.08048119015718047
2.0,250,strong,1000,raw_frequencies,0.12800000000000006,0.06400000000000006
2.0,250,strong,1000,rr_debiased,0.20692771478577804,0.10346385739288905
2.0,250,strong,1000,poststratified,0.15219803091458148,0.07609901545729075
2.0,250,strong,1001,raw_frequencies,0.224,0.11200000000000004
2.0,250,strong,1001,rr_debiased,0.3362483724716898,0.16812418623584496
2.0,250,strong,1001,poststratified,0.14211069182980168,0.07105534591490083
2.0,250,strong,1002,raw_frequencies,0.21600000000000003,0.10800000000000004
2.0,250,strong,1002,rr_debiased,0.23603425827195723,0.11801712913597862
2.0,250,strong,1002,poststratified,0.39805016752214145,0.19902508376107075
2.0,250,strong,1003,raw_frequencies,0.21600000000000003,0.10800000000000004
2.0,250,strong,1003,rr_debiased,0.3362483724716897,0.16812418623584485
2.0,250,strong,1003,poststratified,0.23382633062906705,0.11691316531453355
2.0,250,strong,1004,raw_frequencies,0.14400000000000004,0.07200000000000006
2.0,250,strong,1004,rr_debiased,0.1599020210818101,0.07995101054090503
2.0,250,strong,1004,poststratified,0.21967738026133032,0.10983869013066516
2.0,250,strong,1005,raw_frequencies,0.263,0.1315
2.0,250,strong,1005,rr_debiased,0.4420561833056175,0.22102809165280873
2.0,250,strong,1005,poststratified,0.2195333156091804,0.10976665780459022
2.0,250,strong,1006,raw_frequencies,0.25600000000000006,0.12800000000000006
2.0,250,strong,1006,rr_debiased,0.29481637540191724,0.1474081877009586
2.0,250,strong,1006,poststratified,0.23887753928854694,0.11943876964427341
2.0,250,strong,1007,raw_frequencies,0.24000000000000005,0.12000000000000005
2.0,250,strong,1007,rr_debiased,0.2713035285499332,0.1356517642749666
2.0,250,strong,1007,poststratified,0.41073759811559485,0.20536879905779742
2.0,250,strong,1008,raw_frequencies,0.12800000000000003,0.06400000000000006
2.0,250,strong,1008,rr_debiased,0.1128763273778422,0.05643816368892107
2.0,250,strong,1008,poststratified,0.215193881033322,0.10759694051666097
2.0,250,strong,1009,raw_frequencies,0.168,0.08400000000000002
2.0,250,strong,1009,rr_debiased,0.25395340848974596,0.1269767042448729
2.0,250,strong,1009,poststratified,0.10755244120313653,0.05377622060156828
2.0,250,strong,1010,raw_frequencies,0.14400000000000004,0.07200000000000006
2.0,250,strong,1010,rr_debiased,0.21868413821177005,0.10934206910588501
2.0,250,strong,1010,poststratified,0.19578827543631067,0.09789413771815536
2.0,250,strong,1011,raw_frequencies,0.11200000000000007,0.05600000000000005
2.0,250,strong,1011,rr_debiased,0.0893634805258583,0.04468174026292915
2.0,250,strong,1011,poststratified,0.13692495778733083,0.06846247889366547
2.0,250,strong,1012,raw_frequencies,0.21600000000000003,0.10800000000000004
2.0,250,strong,1012,rr_debiased,0.3480047958976817,0.17400239794884081
2.0,250,strong,1012,poststratified,0.22518414845482299,0.11259207422741141
2.0,250,strong,1013,raw_frequencies,0.18400000000000002,0.09200000000000003
2.0,250,strong,1013,rr_debiased,0.27746625534173,0.13873312767086493
2.0,250,strong,1013,poststratified,0.08026527372193004,0.040132636860964965
2.0,250,strong,1014,raw_frequencies,0.22400000000000003,0.11200000000000004
2.0,250,strong,1014,rr_debiased,0.24779068169794927,0.12389534084897463
2.0,250,strong,1014,poststratified,0.1531780241966802,0.07658901209834007
2.0,250,strong,1015,raw_frequencies,0.07200000000000001,0.03600000000000003
2.0,250,strong,1015,rr_debiased,0.12463275080383412,0.06231637540191709
2.0,250,strong,1015,poststratified,0.2847422974021956,0.1423711487010978
2.0,250,strong,1016,raw_frequencies,0.192,0.09600000000000003
2.0,250,strong,1016,rr_debiased,0.20076498799398115,0.10038249399699067
2.0,250,strong,1016,poststratified,0.1348470875793264,0.0674235437896632
2.0,250,strong,1017,raw_frequencies,0.20800000000000005,0.10400000000000004
2.0,250,strong,1017,rr_debiased,0.23044056163776194,0.11522028081888097
2.0,250,strong,1017,poststratified,0.16278269692539188,0.08139134846269591
2.0,250,strong,1018,raw_frequencies,0.22400000000000003,0.11200000000000004
2.0,250,strong,1018,rr_debiased,0.24779068169794927,0.12389534084897463
2.0,250,strong,1018,poststratified,0.18608539012398395,0.09304269506199198
2.0,250,strong,1019,raw_frequencies,0.216,0.10800000000000004
2.0,250,strong,1019,rr_debiased,0.31273552561970586,0.15636776280985293
2.0,250,strong,1019,poststratified,0.1409859870959268,0.0704929935479634
2.0,250,strong,1020,raw_frequencies,0.31200000000000006,0.15600000000000003
2.0,250,strong,1020,rr_debiased,0.377111339383861,0.18855566969193052
2.0,250,strong,1020,poststratified,0.1197072359813306,0.0598536179906653
2.0,250,strong,1021,raw_frequencies,0.055999999999999994,0.028000000000000025
2.0,250,strong,1021,rr_debiased,0.10111990395185017,0.05055995197592511
2.0,250,strong,1021,poststratified,0.21479424815030349,0.10739712407515173
2.0,250,strong,1022,raw_frequencies,0.16,0.08000000000000002
2.0,250,strong,1022,rr_debiased,0.15990202108181006,0.07995101054090503
2.0,250,strong,1022,poststratified,0.13179316603535773,0.06589658301767887
2.0,250,strong,1023,raw_frequencies,0.16799999999999998,0.08400000000000002
2.0,250,strong,1023,rr_debiased,0.16549571771600535,0.08274785885800268
2.0,250,strong,1023,poststratified,0.1180461303275604,0.0590230651637802
2.0,250,strong,1024,raw_frequencies,0.2,0.10000000000000003
2.0,250,strong,1024,rr_debiased,0.2125214114199732,0.10626070570998669
2.0,250,strong,1024,poststratified,0.03278991214390459,0.016394956071952294
2.0,250,strong,1025,raw_frequencies,0.20000000000000004,0.10000000000000003
2.0,250,strong,1025,rr_debiased,0.25395340848974596,0.126976704244873
2.0,250,strong,1025,poststratified,0.09800352042754343,0.0490017602137717
2.0,250,strong,1026,raw_frequencies,0.168,0.08400000000000002
2.0,250,strong,1026,rr_debiased,0.19517129135978603,0.09758564567989303
2.0,250,strong,1026,poststratified,0.06685182587730767,0.03342591293865385
2.0,250,strong,1027,raw_frequencies,0.13600000000000004,0.06800000000000006
2.0,250,strong,1027,rr_debiased,0.20692771478577812,0.10346385739288905
2.0,250,strong,1027,poststratified,0.11497974895176288,0.05748987447588144
2.0,250,strong,1028,raw_frequencies,0.22400000000000003,0.11200000000000004
2.0,250,strong,1028,rr_debiased,0.24779068169794918,0.12389534084897469
2.0,250,strong,1028,poststratified,0.24228546223794428,0.12114273111897211
2.0,250,strong,1029,raw_frequencies,0.24700000000000005,0.1235
2.0,250,strong,1029,rr_debiased,0.4185433364536336,0.2092716682268168
2.0,250,strong,1029,poststratified,0.08690202704224223,0.043451013521121074
2.0,500,none,1000,raw_frequencies,0.10500000000000004,0.05249999999999999
2.0,500,none,1000,rr_debiased,0.04793148345608564,0.023965741728042778
2.0,500,none,1000,poststratified,0.03645206408095228,0.018226032040476237
2.0,500,none,1001,raw_frequencies,0.15300000000000008,0.07650000000000001
2.0,500,none,1001,rr_debiased,0.1302264474380295,0.06511322371901473
2.0,500,none,1001,poststratified,0.11336830869124723,0.05668415434562363
2.0,500,none,1002,raw_frequencies,0.08400000000000005,0.04200000000000004
2.0,500,none,1002,rr_debiased,0.08348526881286228,0.04174263440643117
2.0,500,none,1002,poststratified,0.0816974183330299,0.04084870916651495
2.0,500,none,1003,raw_frequencies,0.037000000000000005,0.01849999999999999
2.0,500,none,1003,rr_debiased,0.08257947906074464,0.041289739530372294
2.0,500,none,1003,poststratified,0.08405379133161217,0.04202689566580614
2.0,500,none,1004,raw_frequencies,0.03200000000000003,0.016000000000000014
2.0,500,none,1004,rr_debiased,0.09433590248673657,0.047167951243368256
2.0,500,none,1004,poststratified,0.0949426276448462,0.04747131382242309
2.0,500,none,1005,raw_frequencies,0.09200000000000005,0.04600000000000004
2.0,500,none,1005,rr_debiased,0.07172884538687035,0.035864422693435205
2.0,500,none,1005,poststratified,0.05974415618651277,0.029872078093256316
2.0,500,none,1006,raw_frequencies,0.14100000000000007,0.07050000000000001
2.0,500,none,1006,rr_debiased,0.07025402547715132,0.03512701273857555
2.0,500,none,1006,poststratified,0.07282592385708295,0.03641296192854146
2.0,500,none,1007,raw_frequencies,0.11200000000000002,0.05600000000000005
2.0,500,none,1007,rr_debiased,0.15990202108181012,0.07995101054090503
2.0,500,none,1007,poststratified,0.15826121657813874,0.07913060828906932
2.0,500,none,1008,raw_frequencies,0.09300000000000005,0.046500000000000014
2.0,500,none,1008,rr_debiased,0.04233778682189035,0.02116889341094519
2.0,500,none,1008,poststratified,0.03479124219381771,0.017395621096908842
2.0,500,none,1009,raw_frequencies,0.08400000000000005,0.04200000000000004
2.0,500,none,1009,rr_debiased,0.08348526881286228,0.04174263440643117
2.0,500,none,1009,poststratified,0.08635974639910027,0.043179873199550134
2.0,500,none,1010,raw_frequencies,0.06800000000000003,0.03400000000000003
2.0,500,none,1010,rr_debiased,0.06585063367387431,0.03292531683693717
2.0,500,none,1010,poststratified,0.073632125238274,0.03681606261913689
2.0,500,none,1011,raw_frequencies,0.06499999999999997,0.03250000000000003
2.0,500,none,1011,rr_debiased,0.09314559765581812,0.046572798827909045
2.0,500,none,1011,poststratified,0.09341316352871398,0.04670658176435699
2.0,500,none,1012,raw_frequencies,0.10500000000000004,0.05249999999999999
2.0,500,none,1012,rr_debiased,0.022322542021065567,0.01116127101053277
2.0,500,none,1012,poststratified,0.013843496445377551,0.006921748222688734
2.0,500,none,1013,raw_frequencies,0.1650000000000001,0.08250000000000002
2.0,500,none,1013,rr_debiased,0.11847002401203746,0.05923501200601883
2.0,500,none,1013,poststratified,0.10654400345550044,0.05327200172775032
2.0,500,none,1014,raw_frequencies,0.09700000000000003,0.04849999999999999
2.0,500,none,1014,rr_debiased,0.03995717716005351,0.019978588580026768
2.0,500,none,1014,poststratified,0.03388846597761308,0.01694423298880654
2.0,500,none,1015,raw_frequencies,0.05300000000000002,0.026499999999999996
2.0,500,none,1015,rr_debiased,0.05906663220876049,0.02953331610438034
2.0,500,none,1015,poststratified,0.05384139616163258,0.026920698080816374
2.0,500,none,1016,raw_frequencies,0.14900000000000008,0.07450000000000001
2.0,500,none,1016,rr_debiased,0.10671360058604554,0.053356800293022755
2.0,500,none,1016,poststratified,0.10777369968693057,0.053886849843465257
2.0,500,none,1017,raw_frequencies,0.10100000000000003,0.05049999999999999
2.0,500,none,1017,rr_debiased,0.03617506003009363,0.018087530015046815
2.0,500,none,1017,poststratified,0.037914869348901536,0.018957434674450768
2.0,500,none,1018,raw_frequencies,0.06900000000000003,0.0345
2.0,500,none,1018,rr_debiased,0.03555378535677667,0.017776892678388334
2.0,500,none,1018,poststratified,0.023014788636618544,0.011507394318309272
2.0,500,none,1019,raw_frequencies,0.11700000000000005,0.058499999999999996
2.0,500,none,1019,rr_debiased,0.03498475519917521,0.017492377599587605
2.0,500,none,1019,poststratified,0.0316861936753105,0.01584309683765528
2.0,500,none,1020,raw_frequencies,0.01700000000000007,0.008500000000000008
2.0,500,none,1020,rr_debiased,0.11197053762572451,0.055985268812862254
2.0,500,none,1020,poststratified,0.11472767420905547,0.05736383710452772
2.0,500,none,1021,raw_frequencies,0.06500000000000003,0.0325
2.0,500,none,1021,rr_debiased,0.041431997069772686,0.020715998534886315
2.0,500,none,1021,poststratified,0.046132169522188765,0.02306608476109437
2.0,500,none,1022,raw_frequencies,0.13300000000000006,0.0665
2.0,500,none,1022,rr_debiased,0.0584976020511592,0.029248801025579613
2.0,500,none,1022,poststratified,0.05960540141071782,0.029802700705358925
2.0,500,none,1023,raw_frequencies,0.09700000000000003,0.04849999999999999
2.0,500,none,1023,rr_debiased,0.04793148345608553,0.02396574172804289
2.0,500,none,1023,poststratified,0.050470858618535674,0.02523542930926792
2.0,500,none,1024,raw_frequencies,0.14500000000000007,0.07250000000000001
2.0,500,none,1024,rr_debiased,0.07613223719014711,0.038066118595073584
2.0,500,none,1024,poststratified,0.07938502572811379,0.03969251286405695
2.0,500,none,1025,raw_frequencies,0.11600000000000008,0.05800000000000005
2.0,500,none,1025,rr_debiased,0.08936348052585827,0.04468174026292915
2.0,500,none,1025,poststratified,0.08185233968051028,0.040926169840255266
2.0,500,none,1026,raw_frequencies,0.09700000000000003,0.04849999999999999
2.0,500,none,1026,rr_debiased,0.03995717716005351,0.019978588580026768
2.0,500,none,1026,poststratified,0.043908437075018375,0.021954218537509174
2.0,500,none,1027,raw_frequencies,0.09700000000000003,0.04849999999999999
2.0,500,none,1027,rr_debiased,0.0538096951690816,0.026904847584540814
2.0,500,none,1027,poststratified,0.05561805165941258,0.02780902582970629
2.0,500,none,1028,raw_frequencies,0.07200000000000004,0.03600000000000003
2.0,500,none,1028,rr_debiased,0.07172884538687033,0.035864422693435205
2.0,500,none,1028,poststratified,0.06980983140716254,0.034904915703581285
2.0,500,none,1029,raw_frequencies,0.10900000000000004,0.05449999999999999
2.0,500,none,1029,rr_debiased,0.039957177160053564,0.019978588580026768
2.0,500,none,1029,poststratified,0.047906712540586205,0.023953356270293158
2.0,500,moderate,1000,raw_frequencies,0.12400000000000003,0.062000000000000055
2.0,500,moderate,1000,rr_debiased,0.10111990395185025,0.05055995197592511
2.0,500,moderate,1000,poststratified,0.054362278199029834,0.027181139099514917
2.0,500,moderate,1001,raw_frequencies,0.11200000000000002,0.05600000000000005
2.0,500,moderate,1001,rr_debiased,0.14814559765581817,0.07407279882790907
2.0,500,moderate,1001,poststratified,0.06731303913978004,0.03365651956989002
2.0,500,moderate,1002,raw_frequencies,0.15599999999999997,0.07800000000000001
2.0,500,moderate,1002,rr_debiased,0.14786108257701736,0.07393054128850868
2.0,500,moderate,1002,poststratified,0.03481872188992338,0.017409360944961677
2.0,500,moderate,1003,raw_frequencies,0.14,0.07000000000000006
2.0,500,moderate,1003,rr_debiased,0.12434823572503345,0.06217411786251675
2.0,500,moderate,1003,poststratified,0.09986795843937116,0.04993397921968559
2.0,500,moderate,1004,raw_frequencies,0.096,0.04800000000000004
2.0,500,moderate,1004,rr_debiased,0.13638917422982616,0.06819458711491305
2.0,500,moderate,1004,poststratified,0.06914271115094978,0.03457135557547486
2.0,500,moderate,1005,raw_frequencies,0.07300000000000004,0.036500000000000005
2.0,500,moderate,1005,rr_debiased,0.03645957510889439,0.018229787554447208
2.0,500,moderate,1005,poststratified,0.1429384766068432,0.07146923830342161
2.0,500,moderate,1006,raw_frequencies,0.08400000000000005,0.04200000000000004
2.0,500,moderate,1006,rr_debiased,0.08936348052585827,0.04468174026292915
2.0,500,moderate,1006,poststratified,0.07130627079567892,0.035653135397839375
2.0,500,moderate,1007,raw_frequencies,0.14800000000000005,0.07400000000000007
2.0,500,moderate,1007,rr_debiased,0.14226738594282223,0.07113369297141109
2.0,500,moderate,1007,poststratified,0.027828759641804313,0.013914379820902156
2.0,500,moderate,1008,raw_frequencies,0.088,0.04400000000000004
2.0,500,moderate,1008,rr_debiased,0.11287632737784217,0.05643816368892107
2.0,500,moderate,1008,poststratified,0.07034807521897604,0.03517403760948806
2.0,500,moderate,1009,raw_frequencies,0.12000000000000002,0.06000000000000005
2.0,500,moderate,1009,rr_debiased,0.14814559765581817,0.07407279882790907
2.0,500,moderate,1009,poststratified,0.04452389705974924,0.02226194852987462
2.0,500,moderate,1010,raw_frequencies,0.14,0.07000000000000006
2.0,500,moderate,1010,rr_debiased,0.12434823572503345,0.06217411786251675
2.0,500,moderate,1010,poststratified,0.045099124222544,0.02254956211127193
2.0,500,moderate,1011,raw_frequencies,0.21600000000000003,0.10800000000000004
2.0,500,moderate,1011,rr_debiased,0.23603425827195723,0.11801712913597862
2.0,500,moderate,1011,poststratified,0.13988755847465018,0.06994377923732509
2.0,500,moderate,1012,raw_frequencies,0.10400000000000001,0.052000000000000046
2.0,500,moderate,1012,rr_debiased,0.1422673859428222,0.07113369297141109
2.0,500,moderate,1012,poststratified,0.06126834079163093,0.030634170395815424
2.0,500,moderate,1013,raw_frequencies,0.14500000000000007,0.07250000000000001
2.0,500,moderate,1013,rr_debiased,0.07613223719014717,0.038066118595073584
2.0,500,moderate,1013,poststratified,0.16425383988833092,0.08212691994416554
2.0,500,moderate,1014,raw_frequencies,0.15600000000000003,0.07800000000000001
2.0,500,moderate,1014,rr_debiased,0.14786108257701733,0.07393054128850873
2.0,500,moderate,1014,poststratified,0.125663795604198,0.06283189780209902
2.0,500,moderate,1015,raw_frequencies,0.088,0.04400000000000004
2.0,500,moderate,1015,rr_debiased,0.12463275080383418,0.06231637540191709
2.0,500,moderate,1015,poststratified,0.04019277153606926,0.02009638576803463
2.0,500,moderate,1016,raw_frequencies,0.11200000000000004,0.05600000000000005
2.0,500,moderate,1016,rr_debiased,0.08320075373406158,0.041600376867030775
2.0,500,moderate,1016,poststratified,0.0628210563508918,0.031410528175445984
2.0,500,moderate,1017,raw_frequencies,0.14800000000000002,0.07400000000000007
2.0,500,moderate,1017,rr_debiased,0.1361046591510255,0.06805232957551277
2.0,500,moderate,1017,poststratified,0.0673769191429048,0.03368845957145239
2.0,500,moderate,1018,raw_frequencies,0.12400000000000005,0.062000000000000055
2.0,500,moderate,1018,rr_debiased,0.10083538887304958,0.050417694436524774
2.0,500,moderate,1018,poststratified,0.06872043920881415,0.034360219604407105
2.0,500,moderate,1019,raw_frequencies,0.12800000000000006,0.06400000000000006
2.0,500,moderate,1019,rr_debiased,0.224562349924766,0.11228117496238293
2.0,500,moderate,1019,poststratified,0.06922359753284246,0.03461179876642123
2.0,500,moderate,1020,raw_frequencies,0.16,0.08000000000000002
2.0,500,moderate,1020,rr_debiased,0.16578023279480605,0.08289011639740307
2.0,500,moderate,1020,poststratified,0.08501541404848856,0.04250770702424422
2.0,500,moderate,1021,raw_frequencies,0.11200000000000002,0.05600000000000005
2.0,500,moderate,1021,rr_debiased,0.13638917422982613,0.06819458711491305
2.0,500,moderate,1021,poststratified,0.07133320373794061,0.035666601868970305
2.0,500,moderate,1022,raw_frequencies,0.22800000000000004,0.11400000000000005
2.0,500,moderate,1022,rr_debiased,0.2536688934109451,0.12683444670547267
2.0,500,moderate,1022,poststratified,0.20599886905726433,0.10299943452863214
2.0,500,moderate,1023,raw_frequencies,0.10800000000000001,0.05400000000000005
2.0,500,moderate,1023,rr_debiased,0.12463275080383421,0.06231637540191709
2.0,500,moderate,1023,poststratified,0.05173309622765601,0.025866548113827992
2.0,500,moderate,1024,raw_frequencies,0.18799999999999997,0.09400000000000003
2.0,500,moderate,1024,rr_debiased,0.2833444670547258,0.14167223352736297
2.0,500,moderate,1024,poststratified,0.13210830408822455,0.06605415204411225
2.0,500,moderate,1025,raw_frequencies,0.06500000000000003,0.0325
2.0,500,moderate,1025,rr_debiased,0.041431997069772686,0.020715998534886315
2.0,500,moderate,1025,poststratified,0.1096237797233745,0.05481188986168717
2.0,500,moderate,1026,raw_frequencies,0.07600000000000004,0.038000000000000034
2.0,500,moderate,1026,rr_debiased,0.08348526881286233,0.041742634406431056
2.0,500,moderate,1026,poststratified,0.05951764623276959,0.02975882311638478
2.0,500,moderate,1027,raw_frequencies,0.07600000000000004,0.038000000000000034
2.0,500,moderate,1027,rr_debiased,0.07760705709986634,0.038803528549933186
2.0,500,moderate,1027,poststratified,0.10039790999334033,0.05019895499667021
2.0,500,moderate,1028,raw_frequencies,0.15599999999999997,0.07800000000000001
2.0,500,moderate,1028,rr_debiased,0.14786108257701738,0.07393054128850868
2.0,500,moderate,1028,poststratified,0.10610925751471262,0.053054628757356226
2.0,500,moderate,1029,raw_frequencies,0.12100000000000005,0.0605
2.0,500,moderate,1029,rr_debiased,0.05968790688207756,0.029843953441038906
2.0,500,moderate,1029,poststratified,0.026849232671664974,0.013424616335832501
2.0,500,strong,1000,raw_frequencies,0.18000000000000002,0.09000000000000002
2.0,500,strong,1000,rr_debiased,0.2715880436287339,0.1357940218143669
2.0,500,strong,1000,poststratified,0.07459234231580203,0.037296171157901015
2.0,500,strong,1001,raw_frequencies,0.228,0.11400000000000005
2.0,500,strong,1001,rr_debiased,0.3009791021937138,0.15048955109685686
2.0,500,strong,1001,poststratified,0.20963648035278826,0.10481824017639413
2.0,500,strong,1002,raw_frequencies,0.164,0.08200000000000002
2.0,500,strong,1002,rr_debiased,0.206927714785778,0.10346385739288905
2.0,500,strong,1002,poststratified,0.04452677761988505,0.022263388809942497
2.0,500,strong,1003,raw_frequencies,0.12000000000000005,0.06000000000000005
2.0,500,strong,1003,rr_debiased,0.09495717716005359,0.04747858858002679
2.0,500,strong,1003,poststratified,0.15597547416821242,0.07798773708410622
2.0,500,strong,1004,raw_frequencies,0.11200000000000002,0.05600000000000005
2.0,500,strong,1004,rr_debiased,0.15990202108181012,0.07995101054090503
2.0,500,strong,1004,poststratified,0.1204735663473139,0.06023678317365688
2.0,500,strong,1005,raw_frequencies,0.22000000000000003,0.11000000000000004
2.0,500,strong,1005,rr_debiased,0.2419124699849532,0.1209562349924766
2.0,500,strong,1005,poststratified,0.028470280738929404,0.014235140369464716
2.0,500,strong,1006,raw_frequencies,0.23200000000000004,0.11600000000000005
2.0,500,strong,1006,rr_debiased,0.2595471051239412,0.1297735525619706
2.0,500,strong,1006,poststratified,0.12721685697148188,0.06360842848574094
2.0,500,strong,1007,raw_frequencies,0.21600000000000005,0.10800000000000004
2.0,500,strong,1007,rr_debiased,0.24219698506375403,0.12109849253187704
2.0,500,strong,1007,poststratified,0.1380503867861115,0.0690251933930558
2.0,500,strong,1008,raw_frequencies,0.20400000000000004,0.10200000000000004
2.0,500,strong,1008,rr_debiased,0.27746625534173,0.13873312767086493
2.0,500,strong,1008,poststratified,0.03767752340922986,0.018838761704614904
2.0,500,strong,1009,raw_frequencies,0.13600000000000004,0.06800000000000006
2.0,500,strong,1009,rr_debiased,0.18929307964679012,0.09464653982339505
2.0,500,strong,1009,poststratified,0.2500553594600819,0.12502767973004092
2.0,500,strong,1010,raw_frequencies,0.14800000000000005,0.07400000000000007
2.0,500,strong,1010,rr_debiased,0.14814559765581817,0.07407279882790907
2.0,500,strong,1010,poststratified,0.13320710264968938,0.06660355132484469
2.0,500,strong,1011,raw_frequencies,0.184,0.09200000000000003
2.0,500,strong,1011,rr_debiased,0.31273552561970586,0.15636776280985293
2.0,500,strong,1011,poststratified,0.15064823454855203,0.07532411727427601
2.0,500,strong,1012,raw_frequencies,0.20700000000000002,0.10349999999999998
2.0,500,strong,1012,rr_debiased,0.3597612193236737,0.1798806096618369
2.0,500,strong,1012,poststratified,0.13084059190564332,0.06542029595282164
2.0,500,strong,1013,raw_frequencies,0.17200000000000001,0.08600000000000002
2.0,500,strong,1013,rr_debiased,0.23044056163776194,0.11522028081888097
2.0,500,strong,1013,poststratified,0.12391713651249,0.06195856825624502
2.0,500,strong,1014,raw_frequencies,0.17600000000000002,0.08800000000000002
2.0,500,strong,1014,rr_debiased,0.23631877335075793,0.1181593866753789
2.0,500,strong,1014,poststratified,0.017704571762839072,0.008852285881419508
2.0,500,strong,1015,raw_frequencies,0.15200000000000005,0.07600000000000007
2.0,500,strong,1015,rr_debiased,0.17753665622079812,0.08876832811039903
2.0,500,strong,1015,poststratified,0.12235969022061202,0.061179845110306
2.0,500,strong,1016,raw_frequencies,0.23600000000000002,0.11800000000000005
2.0,500,strong,1016,rr_debiased,0.3068573139067098,0.1534286569533549
2.0,500,strong,1016,poststratified,0.0533260886835456,0.0266630443417728
2.0,500,strong,1017,raw_frequencies,0.19999999999999998,0.10000000000000003
2.0,500,strong,1017,rr_debiased,0.28922267876772184,0.1446113393838609
2.0,500,strong,1017,poststratified,0.1107923389493545,0.05539616947467718
2.0,500,strong,1018,raw_frequencies,0.12400000000000003,0.062000000000000055
2.0,500,strong,1018,rr_debiased,0.15402380936881413,0.07701190468440705
2.0,500,strong,1018,poststratified,0.12804298031897654,0.06402149015948827
2.0,500,strong,1019,raw_frequencies,0.10400000000000004,0.052000000000000046
2.0,500,strong,1019,rr_debiased,0.18341486793379408,0.09170743396689701
2.0,500,strong,1019,poststratified,0.24765686437608608,0.12382843218804296
2.0,500,strong,1020,raw_frequencies,0.17600000000000002,0.08800000000000002
2.0,500,strong,1020,rr_debiased,0.24219698506375398,0.12109849253187693
2.0,500,strong,1020,poststratified,0.06762980852376249,0.03381490426188122
2.0,500,strong,1021,raw_frequencies,0.14800000000000005,0.07400000000000007
2.0,500,strong,1021,rr_debiased,0.16578023279480616,0.08289011639740307
2.0,500,strong,1021,poststratified,0.03906916541477948,0.019534582707389725
2.0,500,strong,1022,raw_frequencies,0.176,0.08800000000000002
2.0,500,strong,1022,rr_debiased,0.2892226787677218,0.1446113393838609
2.0,500,strong,1022,poststratified,0.017414156332941827,0.008707078166470844
2.0,500,strong,1023,raw_frequencies,0.20000000000000004,0.10000000000000003
2.0,500,strong,1023,rr_debiased,0.2715880436287339,0.1357940218143669
2.0,500,strong,1023,poststratified,0.028210137110288636,0.014105068555144373
2.0,500,strong,1024,raw_frequencies,0.16,0.08000000000000002
2.0,500,strong,1024,rr_debiased,0.23044056163776194,0.11522028081888097
2.0,500,strong,1024,poststratified,0.06504346094395166,0.032521730471975846
2.0,500,strong,1025,raw_frequencies,0.19599999999999998,0.09800000000000003
2.0,500,strong,1025,rr_debiased,0.2833444670547258,0.14167223352736286
2.0,500,strong,1025,poststratified,0.09337096707477696,0.04668548353738847
2.0,500,strong,1026,raw_frequencies,0.20400000000000001,0.10200000000000004
2.0,500,strong,1026,rr_debiased,0.2183996231329693,0.10919981156648462
2.0,500,strong,1026,poststratified,0.081173094657293,0.04058654732864647
2.0,500,strong,1027,raw_frequencies,0.20800000000000005,0.10400000000000004
2.0,500,strong,1027,rr_debiased,0.259831620202742,0.12991581010137093
2.0,500,strong,1027,poststratified,0.05547359850833636,0.027736799254168193
2.0,500,strong,1028,raw_frequencies,0.15200000000000005,0.07600000000000007
2.0,500,strong,1028,rr_debiased,0.1951712913597861,0.09758564567989303
2.0,500,strong,1028,poststratified,0.062260954540192426,0.031130477270096324
2.0,500,strong,1029,raw_frequencies,0.228,0.11400000000000005
2.0,500,strong,1029,rr_debiased,0.3244919490456978,0.1622459745228489
2.0,500,strong,1029,poststratified,0.040779373512544764,0.020389686756272396
2.0,1000,none,1000,raw_frequencies,0.07500000000000004,0.037500000000000006
2.0,1000,none,1000,rr_debiased,0.030581363395898398,0.015290681697949227
2.0,1000,none,1000,poststratified,0.027464620486416874,0.013732310243208451
2.0,1000,none,1001,raw_frequencies,0.09700000000000009,0.04849999999999999
2.0,1000,none,1001,rr_debiased,0.07522644743802939,0.03761322371901471
2.0,1000,none,1001,poststratified,0.07001570196781134,0.035007850983905686
2.0,1000,none,1002,raw_frequencies,0.05900000000000008,0.029500000000000026
2.0,1000,none,1002,rr_debiased,0.08138917422982611,0.04069458711491303
2.0,1000,none,1002,poststratified,0.07592969374280256,0.03796484687140128
2.0,1000,none,1003,raw_frequencies,0.11500000000000005,0.057499999999999996
2.0,1000,none,1003,rr_debiased,0.04877449472954756,0.024387247364773768
2.0,1000,none,1003,poststratified,0.04791944458469982,0.023959722292349994
2.0,1000,none,1004,raw_frequencies,0.20100000000000007,0.10049999999999998
2.0,1000,none,1004,rr_debiased,0.15842720117209103,0.07921360058604549
2.0,1000,none,1004,poststratified,0.16775772517358267,0.08387886258679134
2.0,1000,none,1005,raw_frequencies,0.06700000000000003,0.0335
2.0,1000,none,1005,rr_debiased,0.03849289121327448,0.019246445606637352
2.0,1000,none,1005,poststratified,0.041452814545374306,0.020726407272687153
2.0,1000,none,1006,raw_frequencies,0.06500000000000003,0.0325
2.0,1000,none,1006,rr_debiased,0.041431997069772686,0.020715998534886315
2.0,1000,none,1006,poststratified,0.047715383576248105,0.02385769178812408
2.0,1000,none,1007,raw_frequencies,0.07100000000000004,0.035500000000000004
2.0,1000,none,1007,rr_debiased,0.05409421024788236,0.027047105123941206
2.0,1000,none,1007,poststratified,0.0529067282846796,0.02645336414233973
2.0,1000,none,1008,raw_frequencies,0.061000000000000026,0.0305
2.0,1000,none,1008,rr_debiased,0.04731020878276873,0.023655104391384324
2.0,1000,none,1008,poststratified,0.044996606420544705,0.022498303210272352
2.0,1000,none,1009,raw_frequencies,0.10300000000000004,0.05149999999999999
2.0,1000,none,1009,rr_debiased,0.014411014203689204,0.007205507101844616
2.0,1000,none,1009,poststratified,0.015468583075708642,0.007734291537854321
2.0,1000,none,1010,raw_frequencies,0.091,0.04550000000000004
2.0,1000,none,1010,rr_debiased,0.14604950307278203,0.07302475153639099
2.0,1000,none,1010,poststratified,0.12275293598230494,0.061376467991152484
2.0,1000,none,1011,raw_frequencies,0.09900000000000003,0.04949999999999999
2.0,1000,none,1011,rr_debiased,0.03617506003009366,0.018087530015046815
2.0,1000,none,1011,poststratified,0.026395586048494013,0.013197793024247007
2.0,1000,none,1012,raw_frequencies,0.14900000000000002,0.07450000000000001
2.0,1000,none,1012,rr_debiased,0.1075566118595073,0.05377830592975369
2.0,1000,none,1012,poststratified,0.10766864396292669,0.05383432198146332
2.0,1000,none,1013,raw_frequencies,0.13500000000000006,0.0675
2.0,1000,none,1013,rr_debiased,0.061436707907657206,0.030718353953828603
2.0,1000,none,1013,poststratified,0.06073364786039623,0.030366823930198045
2.0,1000,none,1014,raw_frequencies,0.08300000000000005,0.04150000000000001
2.0,1000,none,1014,rr_debiased,0.04821599853488631,0.02410799926744317
2.0,1000,none,1014,poststratified,0.05444945117034489,0.02722472558517236
2.0,1000,none,1015,raw_frequencies,0.11500000000000005,0.057499999999999996
2.0,1000,none,1015,rr_debiased,0.0320456493426772,0.016022824671338615
2.0,1000,none,1015,poststratified,0.03815935889764702,0.019079679448823494
2.0,1000,none,1016,raw_frequencies,0.09100000000000011,0.04550000000000001
2.0,1000,none,1016,rr_debiased,0.04318079809535219,0.021590399047676068
2.0,1000,none,1016,poststratified,0.05046786692861527,0.025233933464307634
2.0,1000,none,1017,raw_frequencies,0.10700000000000004,0.05349999999999999
2.0,1000,none,1017,rr_debiased,0.037018071303555444,0.018509035651777805
2.0,1000,none,1017,poststratified,0.03448206697830544,0.017241033489152846
2.0,1000,none,1018,raw_frequencies,0.10900000000000004,0.05449999999999999
2.0,1000,none,1018,rr_debiased,0.02820075373406153,0.01410037686703075
2.0,1000,none,1018,poststratified,0.021944826117563543,0.010972413058781771
2.0,1000,none,1019,raw_frequencies,0.03900000000000001,0.01949999999999999
2.0,1000,none,1019,rr_debiased,0.07964037320424663,0.0398201866021233
2.0,1000,none,1019,poststratified,0.08108765076474872,0.04054382538237433
2.0,1000,none,1020,raw_frequencies,0.11300000000000004,0.056499999999999995
2.0,1000,none,1020,rr_debiased,0.048774494729547535,0.024387247364773768
2.0,1000,none,1020,poststratified,0.05169756999511915,0.02584878499755966
2.0,1000,none,1021,raw_frequencies,0.11300000000000004,0.056499999999999995
2.0,1000,none,1021,rr_debiased,0.060530918155539515,0.03026545907776973
2.0,1000,none,1021,poststratified,0.042483913465859585,0.02124195673292989
2.0,1000,none,1022,raw_frequencies,0.06400000000000003,0.03200000000000003
2.0,1000,none,1022,rr_debiased,0.07466795124336831,0.03733397562168417
2.0,1000,none,1022,poststratified,0.08382659613773694,0.041913298068868454
2.0,1000,none,1023,raw_frequencies,0.12100000000000005,0.0605
2.0,1000,none,1023,rr_debiased,0.04086296691217137,0.02043148345608556
2.0,1000,none,1023,poststratified,0.03748162837384805,0.018740814186924026
2.0,1000,none,1024,raw_frequencies,0.13100000000000006,0.0655
2.0,1000,none,1024,rr_debiased,0.08907896544705748,0.04453948272352887
2.0,1000,none,1024,poststratified,0.08104552112981614,0.040522760564908056
2.0,1000,none,1025,raw_frequencies,0.12700000000000006,0.0635
2.0,1000,none,1025,rr_debiased,0.05087058931258362,0.025435294656291796
2.0,1000,none,1025,poststratified,0.057697145982834624,0.0288485729914173
2.0,1000,none,1026,raw_frequencies,0.11700000000000005,0.058499999999999996
2.0,1000,none,1026,rr_debiased,0.0370180713035555,0.01850903565177775
2.0,1000,none,1026,poststratified,0.042406616368081795,0.02120330818404087
2.0,1000,none,1027,raw_frequencies,0.08700000000000005,0.04350000000000001
2.0,1000,none,1027,rr_debiased,0.039398680965392424,0.019699340482696115
2.0,1000,none,1027,poststratified,0.04410557189947145,0.022052785949735754
2.0,1000,none,1028,raw_frequencies,0.12700000000000006,0.0635
2.0,1000,none,1028,rr_debiased,0.06053091815553949,0.03026545907776973
2.0,1000,none,1028,poststratified,0.05675750061475007,0.028378750307375022
2.0,1000,none,1029,raw_frequencies,0.10300000000000004,0.05149999999999999
2.0,1000,none,1029,rr_debiased,0.014411014203689204,0.007205507101844616
2.0,1000,none,1029,poststratified,0.024657331353709372,0.012328665676854644
2.0,1000,moderate,1000,raw_frequencies,0.11800000000000005,0.05900000000000005
2.0,1000,moderate,1000,rr_debiased,0.0920180713035556,0.046009035651777774
2.0,1000,moderate,1000,poststratified,0.041273974673975505,0.020636987336987822
2.0,1000,moderate,1001,raw_frequencies,0.11400000000000005,0.05700000000000005
2.0,1000,moderate,1001,rr_debiased,0.20692771478577807,0.10346385739288905
2.0,1000,moderate,1001,poststratified,0.11635175361230848,0.05817587680615427
2.0,1000,moderate,1002,raw_frequencies,0.12400000000000003,0.062000000000000055
2.0,1000,moderate,1002,rr_debiased,0.1040590098083482,0.05202950490417407
2.0,1000,moderate,1002,poststratified,0.05150370660464512,0.02575185330232249
2.0,1000,moderate,1003,raw_frequencies,0.162,0.08100000000000002
2.0,1000,moderate,1003,rr_debiased,0.19223218550328802,0.09611609275164401
2.0,1000,moderate,1003,poststratified,0.07636592867271805,0.03818296433635904
2.0,1000,moderate,1004,raw_frequencies,0.13,0.06500000000000006
2.0,1000,moderate,1004,rr_debiased,0.10965270644254349,0.05482635322127177
2.0,1000,moderate,1004,poststratified,0.07909035867354547,0.03954517933677276
2.0,1000,moderate,1005,raw_frequencies,0.13800000000000004,0.06900000000000006
2.0,1000,moderate,1005,rr_debiased,0.1834148679337941,0.09170743396689701
2.0,1000,moderate,1005,poststratified,0.056530341135483,0.028265170567741527
2.0,1000,moderate,1006,raw_frequencies,0.14400000000000002,0.07200000000000006
2.0,1000,moderate,1006,rr_debiased,0.13022644743802944,0.06511322371901473
2.0,1000,moderate,1006,poststratified,0.02655257102051775,0.013276285510258917
2.0,1000,moderate,1007,raw_frequencies,0.12400000000000003,0.062000000000000055
2.0,1000,moderate,1007,rr_debiased,0.16871933865130412,0.08435966932565203
2.0,1000,moderate,1007,poststratified,0.05871375929490577,0.0293568796474529
2.0,1000,moderate,1008,raw_frequencies,0.13000000000000003,0.06500000000000006
2.0,1000,moderate,1008,rr_debiased,0.11581543323434024,0.05790771661717009
2.0,1000,moderate,1008,poststratified,0.019351549414642122,0.009675774707321061
2.0,1000,moderate,1009,raw_frequencies,0.172,0.08600000000000002
2.0,1000,moderate,1009,rr_debiased,0.17137392942900134,0.08568696471450066
2.0,1000,moderate,1009,poststratified,0.10308377725672288,0.051541888628361454
2.0,1000,moderate,1010,raw_frequencies,0.07399999999999998,0.03700000000000003
2.0,1000,moderate,1010,rr_debiased,0.1128763273778422,0.05643816368892107
2.0,1000,moderate,1010,poststratified,0.09336948323840755,0.04668474161920377
2.0,1000,moderate,1011,raw_frequencies,0.11400000000000002,0.05700000000000005
2.0,1000,moderate,1011,rr_debiased,0.15402380936881416,0.07701190468440705
2.0,1000,moderate,1011,poststratified,0.07647495835913037,0.03823747917956516
2.0,1000,moderate,1012,raw_frequencies,0.098,0.049000000000000044
2.0,1000,moderate,1012,rr_debiased,0.10111990395185025,0.05055995197592511
2.0,1000,moderate,1012,poststratified,0.05007295826690891,0.02503647913345447
2.0,1000,moderate,1013,raw_frequencies,0.10700000000000004,0.05349999999999999
2.0,1000,moderate,1013,rr_debiased,0.05968790688207759,0.029843953441038906
2.0,1000,moderate,1013,poststratified,0.07628819299188491,0.03814409649594247
2.0,1000,moderate,1014,raw_frequencies,0.08900000000000005,0.04450000000000001
2.0,1000,moderate,1014,rr_debiased,0.045276892678388414,0.022638446339194207
2.0,1000,moderate,1014,poststratified,0.07838938729594586,0.039194693647972956
2.0,1000,moderate,1015,raw_frequencies,0.13000000000000003,0.06500000000000006
2.0,1000,moderate,1015,rr_debiased,0.11581543323434024,0.05790771661717009
2.0,1000,moderate,1015,poststratified,0.020731477694855838,0.010365738847427919
2.0,1000,moderate,1016,raw_frequencies,0.11300000000000004,0.056499999999999995
2.0,1000,moderate,1016,rr_debiased,0.06556611859507361,0.032783059297536776
2.0,1000,moderate,1016,poststratified,0.10758543656952627,0.05379271828476312
2.0,1000,moderate,1017,raw_frequencies,0.10800000000000004,0.05400000000000005
2.0,1000,moderate,1017,rr_debiased,0.07732254202106556,0.038661271010532905
2.0,1000,moderate,1017,poststratified,0.04891475924822444,0.024457379624112208
2.0,1000,moderate,1018,raw_frequencies,0.13300000000000006,0.0665
2.0,1000,moderate,1018,rr_debiased,0.10083538887304958,0.050417694436524774
2.0,1000,moderate,1018,poststratified,0.08339024254861666,0.0416951212743083
2.0,1000,moderate,1019,raw_frequencies,0.15200000000000008,0.07600000000000007
2.0,1000,moderate,1019,rr_debiased,0.23631877335075802,0.11815938667537901
2.0,1000,moderate,1019,poststratified,0.05404435594245666,0.027022177971228245
2.0,1000,moderate,1020,raw_frequencies,0.11400000000000002,0.05700000000000005
2.0,1000,moderate,1020,rr_debiased,0.12757185666033216,0.06378592833016605
2.0,1000,moderate,1020,poststratified,0.03751505093671775,0.018757525468358793
2.0,1000,moderate,1021,raw_frequencies,0.12800000000000003,0.06400000000000006
2.0,1000,moderate,1021,rr_debiased,0.1804757620772961,0.09023788103864805
2.0,1000,moderate,1021,poststratified,0.07480195083413041,0.03740097541706522
2.0,1000,moderate,1022,raw_frequencies,0.06900000000000003,0.0345
2.0,1000,moderate,1022,rr_debiased,0.04233778682189038,0.02116889341094519
2.0,1000,moderate,1022,poststratified,0.06438912942338934,0.032194564711694684
2.0,1000,moderate,1023,raw_frequencies,0.08700000000000005,0.04350000000000001
2.0,1000,moderate,1023,rr_debiased,0.021764045826404427,0.010882022913202116
2.0,1000,moderate,1023,poststratified,0.08495255641815944,0.04247627820907979
2.0,1000,moderate,1024,raw_frequencies,0.12200000000000003,0.061000000000000054
2.0,1000,moderate,1024,rr_debiased,0.13345006837332818,0.06672503418666409
2.0,1000,moderate,1024,poststratified,0.03498923142178101,0.017494615710890504
2.0,1000,moderate,1025,raw_frequencies,0.156,0.07800000000000001
2.0,1000,moderate,1025,rr_debiased,0.18341486793379402,0.09170743396689701
2.0,1000,moderate,1025,poststratified,0.03373096970165376,0.01686548485082684
2.0,1000,moderate,1026,raw_frequencies,0.10200000000000001,0.051000000000000045
2.0,1000,moderate,1026,rr_debiased,0.11875453909083816,0.059377269545419054
2.0,1000,moderate,1026,poststratified,0.06815394595709273,0.03407697297854628
2.0,1000,moderate,1027,raw_frequencies,0.14200000000000004,0.07100000000000006
2.0,1000,moderate,1027,rr_debiased,0.1834148679337941,0.09170743396689701
2.0,1000,moderate,1027,poststratified,0.08299624421813084,0.04149812210906545
2.0,1000,moderate,1028,raw_frequencies,0.14800000000000005,0.07400000000000007
2.0,1000,moderate,1028,rr_debiased,0.18635397379029212,0.09317698689514603
2.0,1000,moderate,1028,poststratified,0.062214246168325216,0.031107123084162636
2.0,1000,moderate,1029,raw_frequencies,0.14200000000000004,0.07100000000000006
2.0,1000,moderate,1029,rr_debiased,0.14814559765581817,0.07407279882790907
2.0,1000,moderate,1029,poststratified,0.038046681601750176,0.019023340800874977
2.0,1000,strong,1000,raw_frequencies,0.214,0.10700000000000004
2.0,1000,strong,1000,rr_debiased,0.3097964197632078,0.1548982098816039
2.0,1000,strong,1000,poststratified,0.1385211929734657,0.06926059648673288
2.0,1000,strong,1001,raw_frequencies,0.18400000000000002,0.09200000000000003
2.0,1000,strong,1001,rr_debiased,0.27746625534173,0.13873312767086493
2.0,1000,strong,1001,poststratified,0.05531173098988157,0.027655865494940757
2.0,1000,strong,1002,raw_frequencies,0.22400000000000003,0.11200000000000004
2.0,1000,strong,1002,rr_debiased,0.24779068169794924,0.12389534084897463
2.0,1000,strong,1002,poststratified,0.06628766647215897,0.0331438332360795
2.0,1000,strong,1003,raw_frequencies,0.19400000000000003,0.09700000000000003
2.0,1000,strong,1003,rr_debiased,0.20986682064227602,0.10493341032113801
2.0,1000,strong,1003,poststratified,0.09725073194318498,0.048625365971592505
2.0,1000,strong,1004,raw_frequencies,0.11600000000000002,0.05800000000000005
2.0,1000,strong,1004,rr_debiased,0.1687193386513041,0.08435966932565203
2.0,1000,strong,1004,poststratified,0.11585729738847439,0.057928648694237195
2.0,1000,strong,1005,raw_frequencies,0.21000000000000002,0.10500000000000004
2.0,1000,strong,1005,rr_debiased,0.2272169407024633,0.11360847035123162
2.0,1000,strong,1005,poststratified,0.06572375419582024,0.032861877097910136
2.0,1000,strong,1006,raw_frequencies,0.2,0.10000000000000003
2.0,1000,strong,1006,rr_debiased,0.30391820805021175,0.15195910402510587
2.0,1000,strong,1006,poststratified,0.05123930531908302,0.025619652659541498
2.0,1000,strong,1007,raw_frequencies,0.13800000000000004,0.06900000000000006
2.0,1000,strong,1007,rr_debiased,0.15990202108181012,0.07995101054090509
2.0,1000,strong,1007,poststratified,0.1058390155133418,0.05291950775667087
2.0,1000,strong,1008,raw_frequencies,0.19400000000000003,0.09700000000000003
2.0,1000,strong,1008,rr_debiased,0.21868413821177,0.10934206910588501
2.0,1000,strong,1008,poststratified,0.07970553581631679,0.03985276790815834
2.0,1000,strong,1009,raw_frequencies,0.19600000000000004,0.09800000000000003
2.0,1000,strong,1009,rr_debiased,0.27746625534173,0.13873312767086493
2.0,1000,strong,1009,poststratified,0.09439547380468921,0.047197736902344634
2.0,1000,strong,1010,raw_frequencies,0.15000000000000005,0.07500000000000007
2.0,1000,strong,1010,rr_debiased,0.1804757620772961,0.09023788103864805
2.0,1000,strong,1010,poststratified,0.010569130169418878,0.005284565084709425
2.0,1000,strong,1011,raw_frequencies,0.162,0.08100000000000002
2.0,1000,strong,1011,rr_debiased,0.20104950307278202,0.10052475153639101
2.0,1000,strong,1011,poststratified,0.04965753317452806,0.024828766587264017
2.0,1000,strong,1012,raw_frequencies,0.22200000000000006,0.11100000000000004
2.0,1000,strong,1012,rr_debiased,0.27158804362873395,0.135794021814367
2.0,1000,strong,1012,poststratified,0.01468956282536521,0.007344781412682633
2.0,1000,strong,1013,raw_frequencies,0.19800000000000004,0.09900000000000003
2.0,1000,strong,1013,rr_debiased,0.26570983191573794,0.13285491595786897
2.0,1000,strong,1013,poststratified,0.0865538324873435,0.04327691624367175
2.0,1000,strong,1014,raw_frequencies,0.19400000000000003,0.09700000000000003
2.0,1000,strong,1014,rr_debiased,0.20398860892928003,0.10199430446464003
2.0,1000,strong,1014,poststratified,0.09653589246711686,0.048267946233558456
2.0,1000,strong,1015,raw_frequencies,0.24200000000000002,0.12100000000000005
2.0,1000,strong,1015,rr_debiased,0.3333092666151917,0.16665463330759583
2.0,1000,strong,1015,poststratified,0.06929247554346704,0.034646237771733535
2.0,1000,strong,1016,raw_frequencies,0.202,0.10100000000000003
2.0,1000,strong,1016,rr_debiased,0.3097964197632078,0.1548982098816039
2.0,1000,strong,1016,poststratified,0.08526325220583575,0.042631626102917874
2.0,1000,strong,1017,raw_frequencies,0.22200000000000006,0.11100000000000004
2.0,1000,strong,1017,rr_debiased,0.2686489377722359,0.13432446888611788
2.0,1000,strong,1017,poststratified,0.06083047980617079,0.03041523990308531
2.0,1000,strong,1018,raw_frequencies,0.168,0.08400000000000002
2.0,1000,strong,1018,rr_debiased,0.23925787920725597,0.11962893960362792
2.0,1000,strong,1018,poststratified,0.08371361291836604,0.04185680645918305
2.0,1000,strong,1019,raw_frequencies,0.204,0.10200000000000004
2.0,1000,strong,1019,rr_debiased,0.2980399963372159,0.14901999816860795
2.0,1000,strong,1019,poststratified,0.05075749187905701,0.02537874593952849
2.0,1000,strong,1020,raw_frequencies,0.17200000000000001,0.08600000000000002
2.0,1000,strong,1020,rr_debiased,0.201049503072782,0.10052475153639101
2.0,1000,strong,1020,poststratified,0.07483230769601981,0.03741615384800989
2.0,1000,strong,1021,raw_frequencies,0.25000000000000006,0.12500000000000006
2.0,1000,strong,1021,rr_debiased,0.28599905783242324,0.1429995289162116
2.0,1000,strong,1021,poststratified,0.20164934159853848,0.10082467079926921
2.0,1000,strong,1022,raw_frequencies,0.24000000000000002,0.12000000000000005
2.0,1000,strong,1022,rr_debiased,0.28922267876772184,0.1446113393838609
2.0,1000,strong,1022,poststratified,0.1635186341144591,0.08175931705722955
2.0,1000,strong,1023,raw_frequencies,0.20600000000000002,0.10300000000000004
2.0,1000,strong,1023,rr_debiased,0.3186137373327017,0.15930686866635085
2.0,1000,strong,1023,poststratified,0.1004522934903112,0.05022614674515552
2.0,1000,strong,1024,raw_frequencies,0.154,0.07700000000000001
2.0,1000,strong,1024,rr_debiased,0.209866820642276,0.10493341032113801
2.0,1000,strong,1024,poststratified,0.11267871602945836,0.05633935801472928
2.0,1000,strong,1025,raw_frequencies,0.158,0.07900000000000001
2.0,1000,strong,1025,rr_debiased,0.180475762077296,0.09023788103864794
2.0,1000,strong,1025,poststratified,0.041283038831688934,0.020641519415844467
2.0,1000,strong,1026,raw_frequencies,0.11200000000000002,0.05600000000000005
2.0,1000,strong,1026,rr_debiased,0.15990202108181012,0.07995101054090503
2.0,1000,strong,1026,poststratified,0.15988448776159173,0.07994224388079585
2.0,1000,strong,1027,raw_frequencies,0.14600000000000005,0.07300000000000006
2.0,1000,strong,1027,rr_debiased,0.16284112693830813,0.08142056346915405
2.0,1000,strong,1027,poststratified,0.057594511967509865,0.028797255983754877
2.0,1000,strong,1028,raw_frequencies,0.254,0.12700000000000006
2.0,1000,strong,1028,rr_debiased,0.3274310549021958,0.1637155274510979
2.0,1000,strong,1028,poststratified,0.1284929102664352,0.06424645513321758
2.0,1000,strong,1029,raw_frequencies,0.156,0.07800000000000001
2.0,1000,strong,1029,rr_debiased,0.21574503235527198,0.10787251617763599
2.0,1000,strong,1029,poststratified,0.038943532293335026,0.01947176614666757
2.0,2000,none,1000,raw_frequencies,0.09300000000000005,0.046500000000000014
2.0,2000,none,1000,rr_debiased,0.021764045826404427,0.010882022913202227
2.0,2000,none,1000,poststratified,0.02541461080961277,0.012707305404806413
2.0,2000,none,1001,raw_frequencies,0.07900000000000004,0.03950000000000001
2.0,2000,none,1001,rr_debiased,0.03583303345410724,0.017916516727053633
2.0,2000,none,1001,poststratified,0.038646656903171595,0.019323328451585797
2.0,2000,none,1002,raw_frequencies,0.07400000000000004,0.037000000000000005
2.0,2000,none,1002,rr_debiased,0.03205091632414736,0.01602545816207368
2.0,2000,none,1002,poststratified,0.040600745041772135,0.020300372520886067
2.0,2000,none,1003,raw_frequencies,0.0840000000000001,0.04200000000000001
2.0,2000,none,1003,rr_debiased,0.05934588030609114,0.029672940153045557
2.0,2000,none,1003,poststratified,0.06313455153296355,0.03156727576648177
2.0,2000,none,1004,raw_frequencies,0.09500000000000003,0.04749999999999999
2.0,2000,none,1004,rr_debiased,0.0038448956086156727,0.0019224478043078363
2.0,2000,none,1004,poststratified,0.0046311612938554625,0.002315580646927745
2.0,2000,none,1005,raw_frequencies,0.07800000000000004,0.03900000000000001
2.0,2000,none,1005,rr_debiased,0.05115510439138435,0.025577552195692188
2.0,2000,none,1005,poststratified,0.05824161652399126,0.029120808261995645
2.0,2000,none,1006,raw_frequencies,0.10900000000000004,0.05449999999999999
2.0,2000,none,1006,rr_debiased,0.04793148345608558,0.023965741728042778
2.0,2000,none,1006,poststratified,0.05065895122112063,0.025329475610560426
2.0,2000,none,1007,raw_frequencies,0.07200000000000004,0.03600000000000003
2.0,2000,none,1007,rr_debiased,0.05703331610438028,0.02851665805219017
2.0,2000,none,1007,poststratified,0.045408990240181135,0.022704495120090484
2.0,2000,none,1008,raw_frequencies,0.09500000000000003,0.04749999999999999
2.0,2000,none,1008,rr_debiased,0.008253554393362672,0.004126777196681308
2.0,2000,none,1008,poststratified,0.009016046525828186,0.004508023262914218
2.0,2000,none,1009,raw_frequencies,0.09500000000000003,0.04749999999999999
2.0,2000,none,1009,rr_debiased,0.01350522445157154,0.00675261222578577
2.0,2000,none,1009,poststratified,0.013894315105567462,0.006947157552783745
2.0,2000,none,1010,raw_frequencies,0.08900000000000005,0.04450000000000001
2.0,2000,none,1010,rr_debiased,0.013789739530372325,0.006894869765186162
2.0,2000,none,1010,poststratified,0.008656228597366061,0.004328114298683017
2.0,2000,none,1011,raw_frequencies,0.08000000000000004,0.040000000000000036
2.0,2000,none,1011,rr_debiased,0.06732018660212333,0.03366009330106168
2.0,2000,none,1011,poststratified,0.060874562988827124,0.03043728149441355
2.0,2000,none,1012,raw_frequencies,0.0780000000000001,0.03900000000000001
2.0,2000,none,1012,rr_debiased,0.04465035102360118,0.022325175511800577
2.0,2000,none,1012,poststratified,0.03931774507682195,0.019658872538410976
2.0,2000,none,1013,raw_frequencies,0.09400000000000003,0.046999999999999986
2.0,2000,none,1013,rr_debiased,0.02232254202106551,0.01116127101053288
2.0,2000,none,1013,poststratified,0.02454337268532858,0.0122716863426644
2.0,2000,none,1014,raw_frequencies,0.08300000000000005,0.04150000000000001
2.0,2000,none,1014,rr_debiased,0.021764045826404427,0.010882022913202227
2.0,2000,none,1014,poststratified,0.01600620080888504,0.00800310040444252
2.0,2000,none,1015,raw_frequencies,0.07200000000000009,0.036000000000000004
2.0,2000,none,1015,rr_debiased,0.057876327377842124,0.028938163688921048
2.0,2000,none,1015,poststratified,0.06394143589604992,0.031970717948024974
2.0,2000,none,1016,raw_frequencies,0.09100000000000005,0.04550000000000001
2.0,2000,none,1016,rr_debiased,0.01000762240041242,0.00500381120020621
2.0,2000,none,1016,poststratified,0.011861042144679368,0.005930521072339656
2.0,2000,none,1017,raw_frequencies,0.10200000000000004,0.05099999999999999
2.0,2000,none,1017,rr_debiased,0.027357742460599688,0.013678871230299816
2.0,2000,none,1017,poststratified,0.030210803160973715,0.015105401580486955
2.0,2000,none,1018,raw_frequencies,0.12500000000000006,0.0625
2.0,2000,none,1018,rr_debiased,0.05024404765779647,0.02512202382889822
2.0,2000,none,1018,poststratified,0.052720507589354704,0.026360253794677324
2.0,2000,none,1019,raw_frequencies,0.12700000000000006,0.0635
2.0,2000,none,1019,rr_debiased,0.0496802844816652,0.024840142240832613
2.0,2000,none,1019,poststratified,0.04912624389506823,0.0245631219475341
2.0,2000,none,1020,raw_frequencies,0.08800000000000005,0.04400000000000001
2.0,2000,none,1020,rr_debiased,0.04086823389364133,0.02043411694682068
2.0,2000,none,1020,poststratified,0.041012795746625086,0.020506397873312487
2.0,2000,none,1021,raw_frequencies,0.11400000000000005,0.056999999999999995
2.0,2000,none,1021,rr_debiased,0.06934823572503337,0.034674117862516785
2.0,2000,none,1021,poststratified,0.07786420585146578,0.03893210292573285
2.0,2000,none,1022,raw_frequencies,0.12500000000000006,0.0625
2.0,2000,none,1022,rr_debiased,0.04674117862516716,0.023370589312583595
2.0,2000,none,1022,poststratified,0.047036842875005175,0.023518421437502518
2.0,2000,none,1023,raw_frequencies,0.09800000000000003,0.04899999999999999
2.0,2000,none,1023,rr_debiased,0.01119266024986068,0.0055963301249303266
2.0,2000,none,1023,poststratified,0.013332489124971675,0.0066662445624858235
2.0,2000,none,1024,raw_frequencies,0.07800000000000004,0.03900000000000001
2.0,2000,none,1024,rr_debiased,0.04233778682189035,0.02116889341094519
2.0,2000,none,1024,poststratified,0.049804434853378016,0.02490221742668891
2.0,2000,none,1025,raw_frequencies,0.09900000000000003,0.04949999999999999
2.0,2000,none,1025,rr_debiased,0.008532802490693242,0.004266401245346635
2.0,2000,none,1025,poststratified,0.016266596576541448,0.008133298288270752
2.0,2000,none,1026,raw_frequencies,0.048000000000000015,0.023999999999999994
2.0,2000,none,1026,rr_debiased,0.06641439685000566,0.033207198425002804
2.0,2000,none,1026,poststratified,0.06680637740416037,0.03340318870208017
2.0,2000,none,1027,raw_frequencies,0.11200000000000004,0.055999999999999994
2.0,2000,none,1027,rr_debiased,0.032609412518808556,0.016304706259404278
2.0,2000,none,1027,poststratified,0.026748807796575763,0.013374403898287895
2.0,2000,none,1028,raw_frequencies,0.09800000000000003,0.04899999999999999
2.0,2000,none,1028,rr_debiased,0.039957177160053564,0.019978588580026768
2.0,2000,none,1028,poststratified,0.03699286849186928,0.018496434245934612
2.0,2000,none,1029,raw_frequencies,0.09600000000000003,0.04799999999999999
2.0,2000,none,1029,rr_debiased,0.004687906882077597,0.002343953441038771
2.0,2000,none,1029,poststratified,0.003270515096911064,0.0016352575484555043
2.0,2000,moderate,1000,raw_frequencies,0.15200000000000005,0.07600000000000007
2.0,2000,moderate,1000,rr_debiased,0.16137157401005914,0.08068578700502954
2.0,2000,moderate,1000,poststratified,0.03864387844137673,0.019321939220688367
2.0,2000,moderate,1001,raw_frequencies,0.13600000000000007,0.06800000000000006
2.0,2000,moderate,1001,rr_debiased,0.11847002401203757,0.05923501200601877
2.0,2000,moderate,1001,poststratified,0.03458662365891205,0.0172933118294559
2.0,2000,moderate,1002,raw_frequencies,0.15100000000000002,0.07550000000000007
2.0,2000,moderate,1002,rr_debiased,0.14051331793577243,0.07025665896788624
2.0,2000,moderate,1002,poststratified,0.04390117301356869,0.02195058650678436
2.0,2000,moderate,1003,raw_frequencies,0.12700000000000003,0.06350000000000006
2.0,2000,moderate,1003,rr_debiased,0.12022409201908715,0.06011204600954356
2.0,2000,moderate,1003,poststratified,0.01748351530131964,0.00874175765065982
2.0,2000,moderate,1004,raw_frequencies,0.12700000000000003,0.06350000000000006
2.0,2000,moderate,1004,rr_debiased,0.1599020210818101,0.07995101054090503
2.0,2000,moderate,1004,poststratified,0.04751389485521473,0.023756947427607367
2.0,2000,moderate,1005,raw_frequencies,0.094,0.04700000000000004
2.0,2000,moderate,1005,rr_debiased,0.09818079809535218,0.04909039904767609
2.0,2000,moderate,1005,poststratified,0.03232890604736316,0.01616445302368158
2.0,2000,moderate,1006,raw_frequencies,0.10000000000000006,0.050000000000000044
2.0,2000,moderate,1006,rr_debiased,0.08201571588461326,0.04100785794230666
2.0,2000,moderate,1006,poststratified,0.055972925674803414,0.027986462837401638
2.0,2000,moderate,1007,raw_frequencies,0.12700000000000003,0.06350000000000006
2.0,2000,moderate,1007,rr_debiased,0.13491962130157711,0.06745981065078854
2.0,2000,moderate,1007,poststratified,0.01976333431921959,0.009881667159609892
2.0,2000,moderate,1008,raw_frequencies,0.13800000000000004,0.06900000000000006
2.0,2000,moderate,1008,rr_debiased,0.12316319787558525,0.06158159893779258
2.0,2000,moderate,1008,poststratified,0.0239705898688867,0.011985294934443336
2.0,2000,moderate,1009,raw_frequencies,0.10900000000000001,0.05450000000000005
2.0,2000,moderate,1009,rr_debiased,0.1393282800863242,0.06966414004316207
2.0,2000,moderate,1009,poststratified,0.04849673046794051,0.024248365233970226
2.0,2000,moderate,1010,raw_frequencies,0.09800000000000006,0.049000000000000044
2.0,2000,moderate,1010,rr_debiased,0.08054616295636435,0.040273081478182204
2.0,2000,moderate,1010,poststratified,0.0692460742086965,0.03462303710434822
2.0,2000,moderate,1011,raw_frequencies,0.059000000000000025,0.029500000000000026
2.0,2000,moderate,1011,rr_debiased,0.08054616295636435,0.040273081478182204
2.0,2000,moderate,1011,poststratified,0.07441912102149459,0.03720956051074725
2.0,2000,moderate,1012,raw_frequencies,0.15799999999999997,0.07900000000000001
2.0,2000,moderate,1012,rr_debiased,0.15080018843351534,0.07540009421675764
2.0,2000,moderate,1012,poststratified,0.05551089145746216,0.027755445728731176
2.0,2000,moderate,1013,raw_frequencies,0.10300000000000006,0.051500000000000046
2.0,2000,moderate,1013,rr_debiased,0.09524169223885431,0.047620846119427185
2.0,2000,moderate,1013,poststratified,0.03865952990003846,0.019329764950019146
2.0,2000,moderate,1014,raw_frequencies,0.14600000000000005,0.07300000000000006
2.0,2000,moderate,1014,rr_debiased,0.15990202108181012,0.07995101054090503
2.0,2000,moderate,1014,poststratified,0.04898502424366402,0.02449251212183201
2.0,2000,moderate,1015,raw_frequencies,0.13500000000000004,0.06750000000000006
2.0,2000,moderate,1015,rr_debiased,0.14520649179932016,0.07260324589966005
2.0,2000,moderate,1015,poststratified,0.017252940742979145,0.008626470371489559
2.0,2000,moderate,1016,raw_frequencies,0.099,0.049500000000000044
2.0,2000,moderate,1016,rr_debiased,0.10846766859309526,0.0542338342965476
2.0,2000,moderate,1016,poststratified,0.04251777003017096,0.021258885015085383
2.0,2000,moderate,1017,raw_frequencies,0.11900000000000002,0.05950000000000005
2.0,2000,moderate,1017,rr_debiased,0.12316319787558519,0.06158159893779258
2.0,2000,moderate,1017,poststratified,0.025252754443668063,0.0126263772218341
2.0,2000,moderate,1018,raw_frequencies,0.12700000000000003,0.06350000000000006
2.0,2000,moderate,1018,rr_debiased,0.14226738594282215,0.07113369297141109
2.0,2000,moderate,1018,poststratified,0.06633026226619423,0.03316513113309705
2.0,2000,moderate,1019,raw_frequencies,0.133,0.06650000000000006
2.0,2000,moderate,1019,rr_debiased,0.11406136522729046,0.057030682613645245
2.0,2000,moderate,1019,poststratified,0.028620637655139558,0.014310318827569779
2.0,2000,moderate,1020,raw_frequencies,0.10400000000000001,0.052000000000000046
2.0,2000,moderate,1020,rr_debiased,0.1216936449473362,0.06084682247366807
2.0,2000,moderate,1020,poststratified,0.029529411164269187,0.014764705582134607
2.0,2000,moderate,1021,raw_frequencies,0.09800000000000006,0.049000000000000044
2.0,2000,moderate,1021,rr_debiased,0.09524169223885431,0.047620846119427185
2.0,2000,moderate,1021,poststratified,0.026545523388815773,0.013272761694407886
2.0,2000,moderate,1022,raw_frequencies,0.088,0.04400000000000004
2.0,2000,moderate,1022,rr_debiased,0.12463275080383418,0.06231637540191709
2.0,2000,moderate,1022,poststratified,0.04244943148405331,0.02122471574202675
2.0,2000,moderate,1023,raw_frequencies,0.08400000000000005,0.04200000000000004
2.0,2000,moderate,1023,rr_debiased,0.0849548217411113,0.042477410870555676
2.0,2000,moderate,1023,poststratified,0.04522124704766706,0.02261062352383353
2.0,2000,moderate,1024,raw_frequencies,0.14500000000000005,0.07250000000000006
2.0,2000,moderate,1024,rr_debiased,0.15108470351231612,0.07554235175615803
2.0,2000,moderate,1024,poststratified,0.03610857199670542,0.018054285998352626
2.0,2000,moderate,1025,raw_frequencies,0.10300000000000001,0.051500000000000046
2.0,2000,moderate,1025,rr_debiased,0.11434588030609122,0.05717294015304558
2.0,2000,moderate,1025,poststratified,0.0452937126045746,0.02264685630228719
2.0,2000,moderate,1026,raw_frequencies,0.14200000000000004,0.07100000000000006
2.0,2000,moderate,1026,rr_debiased,0.14373693887107114,0.07186846943553554
2.0,2000,moderate,1026,poststratified,0.0211107374949292,0.0105553687474646
2.0,2000,moderate,1027,raw_frequencies,0.13400000000000006,0.06700000000000006
2.0,2000,moderate,1027,rr_debiased,0.11553091815553945,0.05776545907776981
2.0,2000,moderate,1027,poststratified,0.04217749332345172,0.021088746661725777
2.0,2000,moderate,1028,raw_frequencies,0.10500000000000001,0.05250000000000005
2.0,2000,moderate,1028,rr_debiased,0.12022409201908715,0.06011204600954356
2.0,2000,moderate,1028,poststratified,0.03480551160437301,0.017402755802186476
2.0,2000,moderate,1029,raw_frequencies,0.14900000000000005,0.07450000000000007
2.0,2000,moderate,1029,rr_debiased,0.15549336229706318,0.07774668114853156
2.0,2000,moderate,1029,poststratified,0.032706190454589834,0.01635309522729489
2.0,2000,strong,1000,raw_frequencies,0.196,0.09800000000000003
2.0,2000,strong,1000,rr_debiased,0.20664319970697723,0.10332159985348871
2.0,2000,strong,1000,poststratified,0.0955032457866144,0.0477516228933072
2.0,2000,strong,1001,raw_frequencies,0.14900000000000005,0.07450000000000007
2.0,2000,strong,1001,rr_debiased,0.20839726771402708,0.1041986338570135
2.0,2000,strong,1001,poststratified,0.08837047527816244,0.04418523763908111
2.0,2000,strong,1002,raw_frequencies,0.171,0.08550000000000002
2.0,2000,strong,1002,rr_debiased,0.22897100870951295,0.1144855043547564
2.0,2000,strong,1002,poststratified,0.06668913224527795,0.033344566122638974
2.0,2000,strong,1003,raw_frequencies,0.18400000000000002,0.09200000000000003
2.0,2000,strong,1003,rr_debiased,0.253953408489746,0.126976704244873
2.0,2000,strong,1003,poststratified,0.050799643994698496,0.025399821997349248
2.0,2000,strong,1004,raw_frequencies,0.171,0.08550000000000002
2.0,2000,strong,1004,rr_debiased,0.18341486793379397,0.0917074339668969
2.0,2000,strong,1004,poststratified,0.1031355955731407,0.05156779778657036
2.0,2000,strong,1005,raw_frequencies,0.18600000000000003,0.09300000000000003
2.0,2000,strong,1005,rr_debiased,0.214275479427023,0.10713773971351154
2.0,2000,strong,1005,poststratified,0.054514618224289796,0.027257309112144912
2.0,2000,strong,1006,raw_frequencies,0.168,0.08400000000000002
2.0,2000,strong,1006,rr_debiased,0.208397267714027,0.1041986338570135
2.0,2000,strong,1006,poststratified,0.06933261800293064,0.034666309001465334
2.0,2000,strong,1007,raw_frequencies,0.17600000000000002,0.08800000000000002
2.0,2000,strong,1007,rr_debiased,0.21868413821176996,0.10934206910588501
2.0,2000,strong,1007,poststratified,0.08685465893631183,0.04342732946815586
2.0,2000,strong,1008,raw_frequencies,0.15100000000000005,0.07550000000000007
2.0,2000,strong,1008,rr_debiased,0.15549336229706315,0.07774668114853156
2.0,2000,strong,1008,poststratified,0.06959040251673579,0.03479520125836788
2.0,2000,strong,1009,raw_frequencies,0.20600000000000004,0.10300000000000004
2.0,2000,strong,1009,rr_debiased,0.22750145578126407,0.11375072789063206
2.0,2000,strong,1009,poststratified,0.01837758969632014,0.009188794848160098
2.0,2000,strong,1010,raw_frequencies,0.214,0.10700000000000004
2.0,2000,strong,1010,rr_debiased,0.30097910219371377,0.15048955109685686
2.0,2000,strong,1010,poststratified,0.01261542457744741,0.0063077122887236214
2.0,2000,strong,1011,raw_frequencies,0.18400000000000002,0.09200000000000003
2.0,2000,strong,1011,rr_debiased,0.253953408489746,0.126976704244873
2.0,2000,strong,1011,poststratified,0.024047690454129245,0.012023845227064622
2.0,2000,strong,1012,raw_frequencies,0.166,0.08300000000000002
2.0,2000,strong,1012,rr_debiased,0.21427547942702302,0.10713773971351154
2.0,2000,strong,1012,poststratified,0.06023561156638868,0.03011780578319434
2.0,2000,strong,1013,raw_frequencies,0.21900000000000006,0.10950000000000004
2.0,2000,strong,1013,rr_debiased,0.24954474970499893,0.12477237485249942
2.0,2000,strong,1013,poststratified,0.06670667429519131,0.03335333714759575
2.0,2000,strong,1014,raw_frequencies,0.19100000000000003,0.09550000000000003
2.0,2000,strong,1014,rr_debiased,0.20986682064227602,0.10493341032113801
2.0,2000,strong,1014,poststratified,0.06689546955901673,0.03344773477950838
2.0,2000,strong,1015,raw_frequencies,0.19900000000000004,0.09950000000000003
2.0,2000,strong,1015,rr_debiased,0.26130117313099094,0.1306505865654955
2.0,2000,strong,1015,poststratified,0.06636431542886365,0.03318215771443184
2.0,2000,strong,1016,raw_frequencies,0.22500000000000006,0.11250000000000004
2.0,2000,strong,1016,rr_debiased,0.252483855561497,0.12624192778074855
2.0,2000,strong,1016,poststratified,0.07561097726299015,0.03780548863149519
2.0,2000,strong,1017,raw_frequencies,0.19200000000000003,0.09600000000000003
2.0,2000,strong,1017,rr_debiased,0.22309279699651693,0.11154639849825848
2.0,2000,strong,1017,poststratified,0.02163539117119287,0.01081769558559642
2.0,2000,strong,1018,raw_frequencies,0.17700000000000002,0.08850000000000002
2.0,2000,strong,1018,rr_debiased,0.21868413821177,0.10934206910588501
2.0,2000,strong,1018,poststratified,0.015094726751534282,0.007547363375767169
2.0,2000,strong,1019,raw_frequencies,0.21,0.10500000000000004
2.0,2000,strong,1019,rr_debiased,0.30244865512196284,0.15122432756098142
2.0,2000,strong,1019,poststratified,0.029070373755263612,0.014535186877631778
2.0,2000,strong,1020,raw_frequencies,0.168,0.08400000000000002
2.0,2000,strong,1020,rr_debiased,0.226031902853015,0.1130159514265075
2.0,2000,strong,1020,poststratified,0.06388823960827936,0.031944119804139665
2.0,2000,strong,1021,raw_frequencies,0.165,0.08250000000000002
2.0,2000,strong,1021,rr_debiased,0.2451360909202519,0.12256804546012595
2.0,2000,strong,1021,poststratified,0.051819352600068286,0.025909676300034157
2.0,2000,strong,1022,raw_frequencies,0.19500000000000003,0.09750000000000003
2.0,2000,strong,1022,rr_debiased,0.24954474970499899,0.12477237485249942
2.0,2000,strong,1022,poststratified,0.08869936361445008,0.04434968180722504
2.0,2000,strong,1023,raw_frequencies,0.17,0.08500000000000002
2.0,2000,strong,1023,rr_debiased,0.21427547942702296,0.10713773971351143
2.0,2000,strong,1023,poststratified,0.056838054567524054,0.028419027283762
2.0,2000,strong,1024,raw_frequencies,0.158,0.07900000000000001
2.0,2000,strong,1024,rr_debiased,0.22456234992476595,0.11228117496238293
2.0,2000,strong,1024,poststratified,0.0783400606064569,0.039170030303228354
2.0,2000,strong,1025,raw_frequencies,0.166,0.08300000000000002
2.0,2000,strong,1025,rr_debiased,0.22015369114001904,0.11007684557000957
2.0,2000,strong,1025,poststratified,0.07090897395115534,0.03545448697557768
2.0,2000,strong,1026,raw_frequencies,0.19799999999999998,0.09900000000000003
2.0,2000,strong,1026,rr_debiased,0.2906922316959708,0.14534611584798535
2.0,2000,strong,1026,poststratified,0.062299808342155594,0.031149904171077825
2.0,2000,strong,1027,raw_frequencies,0.21000000000000005,0.10500000000000004
2.0,2000,strong,1027,rr_debiased,0.2730575965569829,0.13652879827849146
2.0,2000,strong,1027,poststratified,0.01523835542970664,0.00761917771485332
2.0,2000,strong,1028,raw_frequencies,0.171,0.08550000000000002
2.0,2000,strong,1028,rr_debiased,0.22750145578126402,0.11375072789063206
2.0,2000,strong,1028,poststratified,0.09207860972211487,0.04603930486105745
2.0,2000,strong,1029,raw_frequencies,0.21100000000000005,0.10550000000000004
2.0,2000,strong,1029,rr_debiased,0.24660564384850098,0.12330282192425052
2.0,2000,strong,1029,poststratified,0.06367137593891098,0.03183568796945546
